) for {0},) vir {0},
A {0} exists between {1} and {2} (,&#39;N {0} bestaan tussen {1} en {2} (,
Absent,afwesig,
Accrual Journal Entry for salaries from {0} to {1},Toevallingsjoernaal Inskrywing vir salarisse vanaf {0} tot {1},
Add to Details,Voeg by Besonderhede,
Added to details,Bygevoeg aan besonderhede,
All Jobs,Alle Werk,
Allocated Leaves,Toegewysde blare,
Annual Salary,Jaarlikse salaris,
Application period cannot be across two allocation records,Aansoekperiode kan nie oor twee toekenningsrekords wees nie,
Application period cannot be outside leave allocation period,Aansoek tydperk kan nie buite verlof toekenning tydperk,
Apply Now,Doen nou aansoek,
Apprentice,vakleerling,
Approval Status,Goedkeuring Status,
Approval Status must be 'Approved' or 'Rejected',Goedkeuringsstatus moet &#39;Goedgekeur&#39; of &#39;Afgekeur&#39; wees,
As per your assigned Salary Structure you cannot apply for benefits,Volgens u toegewysde Salarisstruktuur kan u nie vir voordele aansoek doen nie,
Assign,Toewys,
Assign Salary Structure,Ken Salarisstruktuur toe,
Assign to Employees,Ken werknemers toe,
Assigning Structures...,Strukture ken ...,
Attendance,Bywoning,
Attendance From Date and Attendance To Date is mandatory,Bywoning vanaf datum en bywoning tot datum is verpligtend,
Attendance for employee {0} is already marked for this day,Bywoning vir werknemer {0} is reeds gemerk vir hierdie dag,
Attendance not submitted for {0} as it is a Holiday.,Bywoning is nie vir {0} ingedien nie aangesien dit &#39;n Vakansiedag is.,
Bank Entries,Bankinskrywings,
Base,Basis,
Beginner,Beginner,
Birthday Reminder,Verjaardag Herinnering,
Bonus Payment Date cannot be a past date,Bonus Betalingsdatum kan nie &#39;n vervaldatum wees nie,
Calls,oproepe,
Cannot find active Leave Period,Kan nie aktiewe verlofperiode vind nie,
Casual Leave,Toevallige verlof,
Claimed Amount,Eisbedrag,
Compensatory Off,Kompenserende Off,
Contact Number,Kontak nommer,
Course,Kursus,
Create Disbursement Entry,Skep uitbetalingsinskrywings,
Create Salary Slip,Skep Salaris Slip,
Create Salary Slips,Skep Salarisstrokies,
Creating Payment Entries......,Die skep van betalingsinskrywings ......,
Creating Salary Slips...,Skep Salarisstrokies ...,
Current,Huidige,
Current Job Openings,Huidige werksopnames,
Daily Work Summary,Daaglikse werkopsomming,
Daily Work Summary Group,Daaglikse werkopsommingsgroep,
Date is repeated,Datum word herhaal,
Debit A/C Number,Debiet-A / C-nommer,
Deduction,aftrekking,
Document Status,Dokument Status,
Earning,verdien,
Employee A/C Number,A / C nommer van die werknemer,
Employee Benefits,Werknemervoordele,
Employee Grade,Werknemersgraad,
Employee Referral,Werknemer verwysing,
Employee relieved on {0} must be set as 'Left',Werknemer verlig op {0} moet gestel word as &#39;Links&#39;,
Employee {0} already submited an apllication {1} for the payroll period {2},Werknemer {0} het reeds &#39;n aantekening {1} ingedien vir die betaalperiode {2},
Employee {0} has no maximum benefit amount,Werknemer {0} het geen maksimum voordeelbedrag nie,
Employee {0} is not active or does not exist,Werknemer {0} is nie aktief of bestaan nie,
Employee {0} is on Leave on {1},Werknemer {0} is op verlof op {1},
Employee {0} on Half day on {1},Werknemer {0} op Halwe dag op {1},
End time cannot be before start time,Eindtyd kan nie voor die begintyd wees nie,
Evaluation,evaluering,
Event Location,Gebeurtenis Plek,
Event Name,Gebeurtenis Naam,
Expense Claim for Vehicle Log {0},Uitgawe Eis vir Voertuiglogboek {0},
Expense Claim {0} already exists for the Vehicle Log,Uitgawe Eis {0} bestaan reeds vir die Voertuiglogboek,
Fill the form and save it,Vul die vorm in en stoor dit,
Filter Employees By (Optional),Filter werknemers volgens (opsioneel),
Fiscal Year {0} not found,Fiskale jaar {0} nie gevind nie,
Food,Kos,
For Employee,Vir Werknemer,
From Date {0} cannot be after employee's relieving Date {1},Vanaf datum {0} kan nie na werknemer se verligting wees nie Datum {1},
From Date {0} cannot be before employee's joining Date {1},Vanaf datum {0} kan nie voor werknemer se aanvangsdatum wees nie {1},
From date can not be less than employee's joining date,Vanaf datum kan nie minder wees as werknemer se inskrywingsdatum nie,
Fuel Price,Brandstofprys,
Fuel Qty,Brandstof Aantal,
Full-time,Voltyds,
Future dates not allowed,Toekomstige datums nie toegelaat nie,
Get Details From Declaration,Kry besonderhede uit verklaring,
Get Employees,Kry Werknemers,
Gross Pay,Bruto besoldiging,
Guest,gaste,
Half Day,Halwe dag,
Half Day Date is mandatory,Halfdag Datum is verpligtend,
Half Day Date should be between From Date and To Date,Halfdag Datum moet tussen Datum en Datum wees,
Half Day Date should be in between Work From Date and Work End Date,Halfdag Datum moet tussen werk van datum en werk einddatum wees,
Half day date should be in between from date and to date,Die halwe dag moet tussen die datum en die datum wees,
Hello,hallo,
House rent paid days overlapping with {0},Huis huur betaal dae oorvleuel met {0},
House rented dates required for exemption calculation,Huis gehuurde datums benodig vir vrystelling berekening,
House rented dates should be atleast 15 days apart,Huis gehuurde datums moet ten minste 15 dae uitmekaar wees,
Interest Amount,Rente Bedrag,
Intern,intern,
Job Description,Pos beskrywing,
Job Offer,Werksaanbod,
Jobs,Jobs,
Leave Approval Notification,Laat Goedkeuring Kennisgewing,
Leave Blocked,Verlaat geblokkeer,
Leave Encashment,Verlaat Encashment,
Leave Status Notification,Verlofstatus kennisgewing,
Leave Type,Verlaat Tipe,
Leave Type is madatory,Verlof Tipe is madatory,
Leave Type {0} cannot be allocated since it is leave without pay,Verlof tipe {0} kan nie toegeken word nie aangesien dit verlof is sonder betaling,
Leave Type {0} cannot be carry-forwarded,Verlof tipe {0} kan nie deurstuur word nie,
Leave Type {0} is not encashable,Verlof tipe {0} is nie opsluitbaar nie,
Leave Without Pay,Los sonder betaling,
"Leave cannot be allocated before {0}, as leave balance has already been carry-forwarded in the future leave allocation record {1}","Verlof kan nie voor {0} toegeken word nie, aangesien verlofbalans reeds in die toekomstige verlofrekordrekord {1} oorgedra is.",
"Leave cannot be applied/cancelled before {0}, as leave balance has already been carry-forwarded in the future leave allocation record {1}","Verlof kan nie voor {0} toegepas / gekanselleer word nie, aangesien verlofbalans reeds in die toekomstige verlofrekordrekord {1} oorgedra is.",
Leave of type {0} cannot be longer than {1},Verlof van tipe {0} kan nie langer wees as {1},
Leaves,blare,
Leaves Allocated Successfully for {0},Blare suksesvol toegeken vir {0},
Leaves per Year,Blare per jaar,
Lifecycle,Lewens siklus,
Mark Attendance,Puntbywoning,
Max Exemption Amount cannot be greater than maximum exemption amount {0} of Tax Exemption Category {1},Maksimum vrystellingsbedrag mag nie groter wees as die maksimum vrystellingsbedrag {0} van die belastingvrystellingskategorie {1},
Max benefits should be greater than zero to dispense benefits,Maksimum voordele moet groter as nul wees om voordele te verdeel,
Maximum amount eligible for the component {0} exceeds {1},"Die maksimum bedrag wat in aanmerking kom vir die komponent {0}, oorskry {1}",
Maximum benefit amount of component {0} exceeds {1},Maksimum voordeelbedrag van komponent {0} oorskry {1},
Maximum benefit amount of employee {0} exceeds {1},Maksimum voordeelbedrag van werknemer {0} oorskry {1},
Maximum leave allowed in the leave type {0} is {1},Maksimum verlof toegelaat in die verlof tipe {0} is {1},
Medical,Medies,
Mode of payment is required to make a payment,Betaalmetode is nodig om betaling te maak,
More than one selection for {0} not allowed,Meer as een keuse vir {0} word nie toegelaat nie,
Net Pay,Netto salaris,
Net Pay cannot be less than 0,Netto betaal kan nie minder as 0 wees nie,
Net Salary Amount,Netto salarisbedrag,
Net pay cannot be negative,Netto salaris kan nie negatief wees nie,
No Employee Found,Geen werknemer gevind nie,
No Salary Structure assigned for Employee {0} on given date {1},Geen Salarisstruktuur toegeken vir Werknemer {0} op gegewe datum {1},
No Staffing Plans found for this Designation,Geen personeelplanne vir hierdie aanwysing gevind nie,
No active or default Salary Structure found for employee {0} for the given dates,Geen aktiewe of standaard Salarestruktuur vir werknemer {0} vir die gegewe datums gevind nie,
No more updates,Geen verdere opdaterings nie,
No replies from,Geen antwoorde van,
No salary slip found to submit for the above selected criteria OR salary slip already submitted,Geen salarisstrokie gevind vir die bogenoemde geselekteerde kriteria OF salarisstrokie wat reeds ingedien is nie,
Nothing to change,Niks om te verander nie,
Notice Period,Kennis tydperk,
Only Leave Applications with status 'Approved' and 'Rejected' can be submitted,Slegs verlof aansoeke met status &#39;Goedgekeur&#39; en &#39;Afgekeur&#39; kan ingedien word,
Optional Holiday List not set for leave period {0},Opsionele vakansie lys nie vasgestel vir verlofperiode nie {0},
Part-time,Deeltyds,
Password policy for Salary Slips is not set,Wagwoordbeleid vir Salarisstrokies is nie ingestel nie,
Payment Days,Betalingsdae,
Payment of {0} from {1} to {2},Betaling van {0} van {1} na {2},
Payroll,betaalstaat,
Payroll Number,Betaalnommer,
Piecework,stukwerk,
Please add the remaining benefits {0} to any of the existing component,Voeg asseblief die oorblywende voordele {0} by enige van die bestaande komponente by,
Please confirm once you have completed your training,Bevestig asseblief as jy jou opleiding voltooi het,
Please enable default incoming account before creating Daily Work Summary Group,Aktiveer asseblief die standaard inkomende rekening voordat u &#39;n Daaglikse werkopsommingsgroep skep,
Please select Company and Designation,Kies asseblief Maatskappy en Aanwysing,
Please select Employee,Kies asseblief Werknemer,
Please select a csv file,Kies asseblief &#39;n CSV-lêer,
Please set default template for Leave Approval Notification in HR Settings.,Stel asb. Standaard sjabloon vir verlofgoedkeuring kennisgewing in MH-instellings in.,
Please set default template for Leave Status Notification in HR Settings.,Stel asb. Standaard sjabloon vir verlofstatus kennisgewing in MH-instellings in.,
Please set the Company,Stel asseblief die Maatskappy in,
Please set the Date Of Joining for employee {0},Stel asseblief die datum van aansluiting vir werknemer {0},
Please share your feedback to the training by clicking on 'Training Feedback' and then 'New',Deel asseblief u terugvoering aan die opleiding deur op &#39;Training Feedback&#39; te klik en dan &#39;New&#39;,
Please update your status for this training event,Dateer asseblief u status op vir hierdie opleidingsgebeurtenis,
Present,teenwoordig,
Preview Salary Slip,Preview Salary Slip,
Privilege Leave,Privilege Verlof,
Probation,Proef,
Probationary Period,Proeftydperk,
Property,eiendom,
Property already added,Eiendom is reeds bygevoeg,
Replies,antwoorde,
Responsibilities,verantwoordelikhede,
Role,Rol,
Row {0}# Allocated amount {1} cannot be greater than unclaimed amount {2},Ry {0} # Toegewysde hoeveelheid {1} kan nie groter wees as onopgeëiste bedrag nie {2},
Row {0}# Paid Amount cannot be greater than requested advance amount,Ry {0} # Betaalbedrag kan nie groter wees as gevraagde voorskotbedrag nie,
Salary Slip ID,Salaris Slip ID,
Salary Slip of employee {0} already created for this period,Salaris Slip van werknemer {0} wat reeds vir hierdie tydperk geskep is,
Salary Slip of employee {0} already created for time sheet {1},Salaris Slip van werknemer {0} reeds geskep vir tydskrif {1},
Salary Structure Assignment for Employee already exists,Salarisstruktuuropdrag vir Werknemer bestaan reeds,
Salary Structure Missing,Salarisstruktuur ontbreek,
Salary Structure not found for employee {0} and date {1},Salarisstruktuur nie gevind vir werknemer {0} en datum {1},
Salary Structure should have flexible benefit component(s) to dispense benefit amount,Salarisstruktuur moet buigsame voordeelkomponent (e) hê om die voordeelbedrag te verdeel,
"Salary already processed for period between {0} and {1}, Leave application period cannot be between this date range.","Salaris wat reeds vir die tydperk tussen {0} en {1} verwerk is, kan die verlengde aansoekperiode nie tussen hierdie datumreeks wees nie.",
Sanctioned Amount cannot be greater than Claim Amount in Row {0}.,Gekonfekteerde bedrag kan nie groter wees as eisbedrag in ry {0} nie.,
Score must be less than or equal to 5,Die telling moet minder as of gelyk wees aan 5,
Select Property,Kies Eiendom,
Select an employee to get the employee advance.,Kies &#39;n werknemer om die werknemer vooraf te kry.,
Service Expense,Diensuitgawes,
Show Employee,Wys Werknemer,
Show Salary Slip,Toon Salary Slip,
Sick Leave,Siekverlof,
"Skipping Salary Structure Assignment for the following employees, as Salary Structure Assignment records already exists against them. {0}","Salarisstruktuuropdrag oor te slaan vir die volgende werknemers, aangesien daar reeds rekords teen salarisstruktuur daarteen bestaan. {0}",
Staffing Plan {0} already exist for designation {1},Personeelplan {0} bestaan reeds vir aanwysing {1},
"Start and end dates not in a valid Payroll Period, cannot calculate {0}","Begin- en einddatums wat nie binne &#39;n geldige betaalperiode is nie, kan nie {0} bereken nie",
"Start and end dates not in a valid Payroll Period, cannot calculate {0}.","Begin en einddatum nie in &#39;n geldige betaalstaat nie, kan nie {0} bereken nie.",
Stock Options,Voorraadopsies,
Structures have been assigned successfully,Strukture is suksesvol toegewys,
Submit Proof,Bewys indien,
Submit Salary Slip,Dien Salarisstrokie in,
Submit this to create the Employee record,Dien dit in om die Werknemers rekord te skep,
Submitting Salary Slips...,Inhandiging van salarisstrokies ...,
Team Updates,Span Updates,
Thank you,Dankie,
The day(s) on which you are applying for leave are holidays. You need not apply for leave.,"Die dag (en) waarop u aansoek doen om verlof, is vakansiedae. Jy hoef nie aansoek te doen vir verlof nie.",
There are more holidays than working days this month.,Daar is meer vakansiedae as werksdae hierdie maand.,
There is no leave period in between {0} and {1},Daar is geen verlofperiode tussen {0} en {1},
This is based on the attendance of this Employee,Dit is gebaseer op die bywoning van hierdie Werknemer,
This will submit Salary Slips and create accrual Journal Entry. Do you want to proceed?,Dit sal salarisstrokies indien en toevallingsjoernaalinskrywing skep. Wil jy voortgaan?,
To date can not be equal or less than from date,Tot op datum kan nie gelyk of minder as van datum wees nie,
To date can not be less than from date,Tot op datum kan nie minder as van datum wees nie,
To date can not greater than employee's relieving date,Tot op datum kan nie groter as werknemer se ontslagdatum nie,
Total Absent,Totaal Afwesig,
Total Deduction,Totale aftrekking,
Total Leaves,Totale blare,
Total Present,Totaal Aanwesig,
Total advance amount cannot be greater than total sanctioned amount,Totale voorskotbedrag kan nie groter wees as die totale sanksiebedrag nie,
Total flexible benefit component amount {0} should not be less than max benefits {1},Die totale bedrag vir komponent van buigsame voordele {0} mag nie minder wees as die maksimum voordele nie {1},
Total leaves allocated is mandatory for Leave Type {0},"Totale blare wat toegeken is, is verpligtend vir Verlof Tipe {0}",
Total working hours should not be greater than max working hours {0},Totale werksure moet nie groter wees nie as maksimum werksure {0},
Training,opleiding,
Training Event,Opleidingsgebeurtenis,
Training Events,Opleidingsgebeure,
Training Feedback,Opleiding Terugvoer,
Training Result,Opleidingsresultaat,
Travel,Reis,
Update Response,Update Response,
Value missing,Waarde ontbreek,
Variable,veranderlike,
Walk In,Loop in,
Warning: Leave application contains following block dates,Waarskuwing: Laat aansoek bevat die volgende blokdatums,
Website Listing,Webwerf aanbieding,
Work Summary for {0},Werkopsomming vir {0},
You are not authorized to approve leaves on Block Dates,Jy is nie gemagtig om bladsye op Blokdata te keur nie,
You are not present all day(s) between compensatory leave request days,U is nie die hele dag teenwoordig tussen verlofverlofdae nie,
You can only submit Leave Encashment for a valid encashment amount,U kan slegs Verlof-inskrywing vir &#39;n geldige invoegingsbedrag indien,
{0} already allocated for Employee {1} for period {2} to {3},{0} reeds toegeken vir Werknemer {1} vir periode {2} tot {3},
{0} applicable after {1} working days,{0} van toepassing na {1} werksdae,
{0} is not in Optional Holiday List,{0} is nie in opsionele vakansie lys nie,
{0} is not in a valid Payroll Period,{0} is nie in &#39;n geldige betaalstaatperiode nie,
{0} must be submitted,{0} moet ingedien word,
"{0}: Employee email not found, hence email not sent","{0}: Werknemer e-pos nie gevind nie, vandaar e-pos nie gestuur nie",
{0}: From {0} of type {1},{0}: Vanaf {0} van tipe {1},
Conditions,voorwaardes,
Percent,persent,
Error in some rows,Fout in sommige rye,
Benefit,voordeel,
Shift,verskuiwing,
Importing {0} of {1},Voer {0} van {1} in,
'employee_field_value' and 'timestamp' are required.,&#39;werknemer_veld_waarde&#39; en &#39;tydstempel&#39; word vereis.,
Allocation Expired!,Toekenning verval!,
Attendance Marked,Bywoning gemerk,
Attendance has been marked as per employee check-ins,Die bywoning is volgens die werknemers se inboeke gemerk,
Date Range,Datumreeks,
Event Link,Gebeurtenisskakel,
Expire Allocation,Toewysing verval,
Fuel Expense,Brandstofuitgawes,
Intermediate,Intermediêre,
Leave application is linked with leave allocations {0}. Leave application cannot be set as leave without pay,Verlof-aansoek word gekoppel aan verlof-toekennings {0}. Verlof aansoek kan nie as verlof sonder betaling opgestel word nie,
Log Type is required for check-ins falling in the shift: {0}.,Logtipe is nodig vir die insae wat in die skof val: {0}.,
No Employee found for the given employee field value. '{}': {},Geen werknemer gevind vir die gegewe werknemer se veldwaarde nie. &#39;{}&#39;: {},
No Leaves Allocated to Employee: {0} for Leave Type: {1},Geen blare word aan werknemer toegeken nie: {0} vir verloftipe: {1},
Only expired allocation can be cancelled,Slegs vervalste toekenning kan gekanselleer word,
Only users with the {0} role can create backdated leave applications,Slegs gebruikers met die {0} -rol kan verouderde verloftoepassings skep,
Password policy cannot contain spaces or simultaneous hyphens. The format will be restructured automatically,Wagwoordbeleid kan nie spasies of gelyktydige koppeltekens bevat nie. Die formaat sal outomaties herstruktureer word,
Please enter the designation,Voer die benaming in,
There are no vacancies under staffing plan {0},Daar is geen vakatures onder die personeelplan {0},
This employee already has a log with the same timestamp.{0},Hierdie werknemer het reeds &#39;n logboek met dieselfde tydstempel. {0},
Timing,tydsberekening,
To date needs to be before from date,Tot op datum moet dit voor die datum wees,
Total Early Exits,Totale vroeë uitgange,
Total Late Entries,Totale laat inskrywings,
Training Event:,Opleidingsgeleentheid:,
Unable to find Salary Component {0},Kan nie die salariskomponent {0} vind nie,
Unmarked Attendance for days,Ongemerkte bywoning vir dae,
Vacancies cannot be lower than the current openings,Vakatures kan nie laer wees as die huidige openings nie,
{} is an invalid Attendance Status.,{} is &#39;n ongeldige bywoningstatus.,
Printed On,Gedruk op,
No employee found,Geen werknemer gevind nie,
Please setup Employee Naming System in Human Resource > HR Settings,Stel asseblief &#39;n naamstelsel vir werknemers in vir menslike hulpbronne&gt; HR-instellings,
Please setup numbering series for Attendance via Setup > Numbering Series,Stel nommeringreekse op vir bywoning via Setup&gt; Numbering Series,
Current Odometer Value should be greater than Last Odometer Value {0},Huidige kilometerstandwaarde moet groter wees as die laaste kilometerstandwaarde {0},
No additional expenses has been added,Geen addisionele uitgawes is bygevoeg nie,
{0} already exists for employee {1} and period {2},{0} bestaan reeds vir werknemer {1} en periode {2},
Leaves Allocated,Blare toegeken,
Leave Without Pay does not match with approved {} records,Verlof sonder betaling stem nie ooreen met goedgekeurde {} rekords nie,
Income Tax Slab not set in Salary Structure Assignment: {0},Inkomstebelastingblad word nie in die opdrag van salarisstruktuur gestel nie: {0},
Income Tax Slab: {0} is disabled,Inkomstebelastingblad: {0} is uitgeskakel,
Income Tax Slab must be effective on or before Payroll Period Start Date: {0},Inkomstebelastingblad moet van krag wees voor of op die begindatum van die betaalstaatperiode: {0},
No leave record found for employee {0} on {1},Geen verlofrekord gevind vir werknemer {0} op {1},
Row {0}: {1} is required in the expenses table to book an expense claim.,Ry {0}: {1} word in die uitgawetabel vereis om &#39;n uitgaweis te bespreek.,
Set the default account for the {0} {1},Stel die standaardrekening vir die {0} {1},
(Half Day),(Halwe dag),
Income Tax Slab,Inkomstebelastingblad,
Row #{0}: Cannot set amount or formula for Salary Component {1} with Variable Based On Taxable Salary,Ry # {0}: kan nie bedrag of formule vir salariskomponent {1} stel met veranderlikes gebaseer op belasbare salaris nie,
Repay From Salary can be selected only for term loans,Terugbetaling uit salaris kan slegs vir termynlenings gekies word,
Salary Component Account,Salaris Komponentrekening,
Default Bank / Cash account will be automatically updated in Salary Journal Entry when this mode is selected.,Verstekbank / Kontantrekening sal outomaties opgedateer word in Salarisjoernaalinskrywing wanneer hierdie modus gekies word.,
Result,gevolg,
Total Score,Totale telling,
Joining Date,Aansluitingsdatum,
Publish on website,Publiseer op die webwerf,
Application Status,Toepassingsstatus,
IN,in,
Remind Before,Herinner Voor,
Reminded,herinner,
Additional Salary,Bykomende Salaris,
HR-ADS-.YY.-.MM.-,HR-ADS-.YY .-. MM.-,
Salary Component,Salaris Komponent,
Overwrite Salary Structure Amount,Oorskryf Salarisstruktuurbedrag,
Deduct Full Tax on Selected Payroll Date,Trek die volle belasting af op die geselekteerde betaalstaatdatum,
Payroll Date,Betaaldatum,
Salary Component Type,Salaris Komponent Tipe,
Appointment Letter,Aanstellingsbrief,
Appointment Date,Aanstellingsdatum,
Appointment Letter Template,Aanstellingsbriefsjabloon,
Closing Notes,Sluitingsnotas,
Appointment Letter content,Inhoud van die aanstellingsbrief,
Appraisal,evaluering,
HR-APR-.YY.-.MM.,HR-APR-.YY.-.MM.,
For Employee Name,Vir Werknemer Naam,
Goals,Doelwitte,
Total Score (Out of 5),Totale telling (uit 5),
"Any other remarks, noteworthy effort that should go in the records.","Enige ander opmerkings, noemenswaardige poging wat in die rekords moet plaasvind.",
Appraisal Goal,Evalueringsdoel,
Key Responsibility Area,Sleutelverantwoordelikheidsgebied,
Weightage (%),Gewig (%),
Score (0-5),Telling (0-5),
Score Earned,Telling verdien,
Appraisal Template Title,Appraisal Template Titel,
Appraisal Template Goal,Evalueringsjabloon doel,
KRA,KRA,
Key Performance Area,Sleutelprestasie-area,
HR-ATT-.YYYY.-,HR-ATT-.YYYY.-,
On Leave,Op verlof,
Work From Home,Werk van die huis af,
Leave Application,Los aansoek,
Attendance Date,Bywoningsdatum,
Attendance Request,Bywoningsversoek,
Late Entry,Laat ingang,
Early Exit,Vroeë uitgang,
Half Day Date,Halfdag Datum,
On Duty,Op diens,
Explanation,verduideliking,
Compensatory Leave Request,Vergoedingsverlofversoek,
Leave Allocation,Verlof toekenning,
Worked On Holiday,Op vakansie gewerk,
Work From Date,Werk vanaf datum,
Work End Date,Werk Einddatum,
Email Sent To,E-pos gestuur na,
Select Users,Kies gebruikers,
Send Emails At,Stuur e-pos aan,
Reminder,herinnering,
Daily Work Summary Group User,Daaglikse werkopsomminggroepgebruiker,
email,e-pos,
Department Approver,Departement Goedkeuring,
Approver,Goedkeurder,
Designation Skill,Aanwysingsvaardigheid,
Skill,vaardigheid,
Leave Policy,Verlofbeleid,
Salary Details,Salaris Besonderhede,
HR-EAD-.YYYY.-,HR-EAD-.YYYY.-,
Claimed,beweer,
Employee Attendance Tool,Werknemersbywoningsinstrument,
Unmarked Attendance,Ongemerkte Bywoning,
Employees HTML,Werknemers HTML,
Marked Attendance,Gemerkte Bywoning,
Marked Attendance HTML,Gemerkte Bywoning HTML,
Employee Benefit Application,Werknemervoordeel Aansoek,
Max Benefits (Yearly),Maksimum Voordele (Jaarliks),
Remaining Benefits (Yearly),Resterende Voordele (Jaarliks),
Payroll Period,Loonstaat Periode,
Dispensed Amount (Pro-rated),Uitgestelde bedrag (Pro-gegradeerde),
Employee Benefit Application Detail,Werknemervoordeel-aansoekbesonderhede,
Earning Component,Verdien komponent,
Pay Against Benefit Claim,Betaal teen voordeel eis,
Max Benefit Amount,Maksimum Voordeelbedrag,
Employee Benefit Claim,Werknemersvoordeel-eis,
Claim Date,Eisdatum,
Claim Benefit For,Eisvoordeel vir,
Max Amount Eligible,Maksimum Bedrag,
Expense Proof,Uitgawe Bewys,
Employee Boarding Activity,Werknemervoordrag,
Activity Name,Aktiwiteit Naam,
Required for Employee Creation,Benodig vir die skep van werknemers,
Applicable in the case of Employee Onboarding,Toepaslik in die geval van werknemer aan boord,
Employee Checkin,Werknemer Checkin,
Log Type,Logtipe,
OUT,UIT,
Location / Device ID,Ligging / toestel-ID,
Skip Auto Attendance,Slaan motorbywoning oor,
Shift Start,Skof begin,
Shift End,Shift End,
Shift Actual Start,Skuif die werklike begin,
Shift Actual End,Wissel werklike einde,
Default Salary Structure,Standaard Salarisstruktuur,
Employee Health Insurance,Werknemer Gesondheidsversekering,
Health Insurance Name,Gesondheidsversekeringsnaam,
Employee Incentive,Werknemers aansporing,
Incentive Amount,Aansporingsbedrag,
Employee Onboarding,Werknemer aan boord,
Notify users by email,Stel gebruikers per e-pos in kennis,
Employee Onboarding Template,Werknemer Aan boord Sjabloon,
Employee Other Income,Ander werknemers se inkomste,
Employee Promotion,Werknemersbevordering,
Promotion Date,Bevorderingsdatum,
Employee Promotion Details,Werknemersbevorderingsbesonderhede,
Employee Property History,Werknemer Eiendomsgeskiedenis,
Employee Separation,Werknemersskeiding,
Employee Separation Template,Medewerkers skeiding sjabloon,
Exit Interview Summary,Uittreksel onderhoudsopsomming,
Employee Skill,Vaardigheid van werknemers,
Proficiency,vaardigheid,
Evaluation Date,Evalueringsdatum,
Employee Skill Map,Kaart van werknemersvaardighede,
Employee Skills,Werknemervaardighede,
Trainings,opleiding,
Employee Tax Exemption Category,Werknemersbelastingvrystellingskategorie,
Max Exemption Amount,Maksimum vrystellingsbedrag,
Employee Tax Exemption Declaration,Werknemersbelastingvrystelling Verklaring,
Declarations,verklarings,
Total Declared Amount,Totale verklaarde bedrag,
Total Exemption Amount,Totale Vrystellingsbedrag,
Employee Tax Exemption Declaration Category,Werknemersbelastingvrystelling Verklaringskategorie,
Exemption Sub Category,Vrystelling Subkategorie,
Exemption Category,Vrystellingskategorie,
Maximum Exempted Amount,Maksimum vrygestelde bedrag,
Declared Amount,Verklaarde bedrag,
Employee Tax Exemption Proof Submission,Werknemersbelastingvrystelling Bewysvoorlegging,
Submission Date,Inhandigingsdatum,
Tax Exemption Proofs,Belastingvrystellingbewyse,
Total Actual Amount,Totale werklike bedrag,
Employee Tax Exemption Proof Submission Detail,Werknemersbelastingvrystelling Bewysinligtingsbesonderhede,
Maximum Exemption Amount,Maksimum vrystellingsbedrag,
Type of Proof,Soort bewyse,
Actual Amount,Werklike bedrag,
Employee Tax Exemption Sub Category,Werknemersbelastingvrystelling Subkategorie,
Tax Exemption Category,Belastingvrystellingskategorie,
Employee Training,Opleiding van werknemers,
Training Date,Opleidingsdatum,
Employee Transfer,Werknemersoordrag,
Transfer Date,Oordragdatum,
Employee Transfer Details,Werknemersoordragbesonderhede,
Employee Transfer Detail,Werknemersoordragbesonderhede,
Re-allocate Leaves,Herlei toekennings,
Create New Employee Id,Skep nuwe werknemer-ID,
New Employee ID,Nuwe werknemer ID,
HR-EXP-.YYYY.-,HR-EXP-.YYYY.-,
Expense Taxes and Charges,Belasting en heffings,
Total Sanctioned Amount,Totale Sanctioned Amount,
Total Advance Amount,Totale voorskotbedrag,
Total Claimed Amount,Totale eisbedrag,
Total Amount Reimbursed,Totale Bedrag vergoed,
Vehicle Log,Voertuiglogboek,
Employees Email Id,Werknemers E-pos ID,
More Details,Meer besonderhede,
Expense Claim Account,Koste-eisrekening,
Expense Claim Advance,Koste Eis Voorskot,
Expense Claim Detail,Koste eis Detail,
Expense Date,Uitgawe Datum,
Expense Claim Type,Koste eis Tipe,
HR Settings,HR instellings,
Employee Settings,Werknemer instellings,
Expense Approver Mandatory In Expense Claim,Uitgawe Goedkeuring Verpligte Uitgawe Eis,
Payroll Settings,Loonstaatinstellings,
Leave,Verlaat,
Max working hours against Timesheet,Maksimum werksure teen Timesheet,
Include holidays in Total no. of Working Days,Sluit vakansiedae in Totaal nr. van werksdae,
"If checked, Total no. of Working Days will include holidays, and this will reduce the value of Salary Per Day","Indien gekontroleer, Totale nommer. van werksdae sal vakansiedae insluit, en dit sal die waarde van salaris per dag verminder",
"If checked, hides and disables Rounded Total field in Salary Slips","As dit gemerk is, verberg en deaktiveer u die veld Afgeronde totaal in salarisstrokies",
The fraction of daily wages to be paid for half-day attendance,Die fraksie van die daaglikse lone wat betaal moet word vir die bywoning van &#39;n halfdag,
Email Salary Slip to Employee,E-pos Salarisstrokie aan Werknemer,
Emails salary slip to employee based on preferred email selected in Employee,E-pos salarisstrokie aan werknemer gebaseer op voorkeur e-pos gekies in Werknemer,
Encrypt Salary Slips in Emails,Enkripteer salarisstrokies in e-pos,
"The salary slip emailed to the employee will be password protected, the password will be generated based on the password policy.","Die salarisstrokie wat aan die werknemer per e-pos gestuur word, sal met &#39;n wagwoord beskerm word, die wagwoord word gegenereer op grond van die wagwoordbeleid.",
Password Policy,Wagwoordbeleid,
<b>Example:</b> SAL-{first_name}-{date_of_birth.year} <br>This will generate a password like SAL-Jane-1972,<b>Voorbeeld:</b> SAL- {first_name} - {date_of_birth.year} <br> Dit sal &#39;n wagwoord soos SAL-Jane-1972 genereer,
Leave Approval Notification Template,Verlaat goedkeuringskennisgewingsjabloon,
Leave Status Notification Template,Verstek Status Notifikasie Sjabloon,
Role Allowed to Create Backdated Leave Application,Die rol wat toegelaat word om &#39;n aansoek om verouderde verlof te skep,
Leave Approver Mandatory In Leave Application,Verlaat Goedkeuring Verpligtend In Verlof Aansoek,
Show Leaves Of All Department Members In Calendar,Toon blare van alle Departementslede in die Jaarboek,
Auto Leave Encashment,Verlaat omhulsel outomaties,
Hiring Settings,Instellings huur,
Check Vacancies On Job Offer Creation,Kyk na vakatures met die skep van werksaanbiedinge,
Identification Document Type,Identifikasiedokument Tipe,
Effective from,Effektief vanaf,
Allow Tax Exemption,Laat belastingvrystelling toe,
"If enabled, Tax Exemption Declaration will be considered for income tax calculation.","As dit aangeskakel is, sal belastingvrystellingsverklaring oorweeg word vir die berekening van inkomstebelasting.",
Standard Tax Exemption Amount,Standaard Belastingvrystellingsbedrag,
Taxable Salary Slabs,Belasbare Salarisplakkers,
Taxes and Charges on Income Tax,Belasting en heffings op inkomstebelasting,
Other Taxes and Charges,Ander belastings en heffings,
Income Tax Slab Other Charges,Inkomstebelastingblad Ander heffings,
Min Taxable Income,Min Belasbare Inkomste,
Max Taxable Income,Maksimum belasbare inkomste,
Applicant for a Job,Aansoeker vir &#39;n werk,
Job Opening,Job Opening,
Cover Letter,Dekbrief,
Resume Attachment,Hersien aanhangsel,
Job Applicant Source,Job Applikant Bron,
Applicant Email Address,Aansoeker se e-posadres,
Awaiting Response,In afwagting van antwoord,
Job Offer Terms,Werkaanbod Terme,
Select Terms and Conditions,Kies Terme en Voorwaardes,
Job Offer Term,Job Aanbod Termyn,
Offer Term,Aanbod Termyn,
Value / Description,Waarde / beskrywing,
Description of a Job Opening,Beskrywing van &#39;n werksopening,
Staffing Plan,Personeelplan,
Planned number of Positions,Beplande aantal posisies,
"Job profile, qualifications required etc.","Werkprofiel, kwalifikasies benodig ens.",
HR-LAL-.YYYY.-,HR-LAL-.YYYY.-,
New Leaves Allocated,Nuwe blare toegeken,
Add unused leaves from previous allocations,Voeg ongebruikte blare by vorige toekennings by,
Unused leaves,Ongebruikte blare,
Total Leaves Allocated,Totale blare toegeken,
Total Leaves Encashed,Totale blare ingesluit,
Leave Period,Verlofperiode,
Carry Forwarded Leaves,Dra aanstuurblare,
Apply / Approve Leaves,Pas / keur Blare toe,
HR-LAP-.YYYY.-,HR-LAP-.YYYY.-,
Leave Balance Before Application,Verlaatbalans voor aansoek,
Total Leave Days,Totale Verlofdae,
Leave Approver Name,Verlaat Goedgekeur Naam,
Follow via Email,Volg via e-pos,
Block Holidays on important days.,Blok vakansie op belangrike dae.,
Leave Block List Name,Verlaat bloklys naam,
Applies to Company,Van toepassing op Maatskappy,
"If not checked, the list will have to be added to each Department where it has to be applied.","Indien nie gekontroleer nie, moet die lys by elke Departement gevoeg word waar dit toegepas moet word.",
Block Days,Blokdae,
Stop users from making Leave Applications on following days.,Stop gebruikers om verloftoepassings op die volgende dae te maak.,
Leave Block List Dates,Los blokkie lys datums,
Allow Users,Laat gebruikers toe,
Allow the following users to approve Leave Applications for block days.,Laat die volgende gebruikers toe om Laat aansoeke vir blokdae goed te keur.,
Leave Block List Allowed,Laat blokkie lys toegelaat,
Leave Block List Allow,Laat blokblokkering toe,
Allow User,Laat gebruiker toe,
Leave Block List Date,Laat blokkie lys datum,
Block Date,Blok Datum,
Leave Control Panel,Verlaat beheerpaneel,
Employment Type (optional),Soort indiensneming (opsioneel),
Branch (optional),Tak (opsioneel),
Department (optional),Departement (opsioneel),
Designation (optional),Benaming (opsioneel),
Employee Grade (optional),Werknemergraad (opsioneel),
Employee (optional),Werknemer (opsioneel),
Allocate Leaves,Ken blare toe,
Carry Forward,Voort te sit,
Please select Carry Forward if you also want to include previous fiscal year's balance leaves to this fiscal year,"Kies asseblief Carry Forward as u ook die vorige fiskale jaar se balans wil insluit, verlaat na hierdie fiskale jaar",
New Leaves Allocated (In Days),Nuwe blare toegeken (in dae),
Leave Balance,Verlofbalans,
Encashable days,Ontvankbare dae,
Encashment Amount,Encashment Bedrag,
Leave Ledger Entry,Verlaat Grootboekinskrywing,
Transaction Name,Naam van transaksie,
Is Carry Forward,Is vorentoe,
Is Expired,Is verval,
Is Leave Without Pay,Is Leave Without Pay,
Holiday List for Optional Leave,Vakansie Lys vir Opsionele Verlof,
Leave Allocations,Verlof toekennings,
Leave Policy Details,Verlaat beleidsbesonderhede,
Leave Policy Detail,Verlaat beleidsdetail,
Annual Allocation,Jaarlikse toekenning,
Leave Type Name,Verlaat tipe naam,
Applicable After (Working Days),Toepaslike Na (Werkdae),
Is Optional Leave,Is opsionele verlof,
Allow Negative Balance,Laat Negatiewe Saldo toe,
Include holidays within leaves as leaves,Sluit vakansiedae in blare in as blare,
Is Compensatory,Is kompensatories,
Maximum Carry Forwarded Leaves,Maksimum draadjies wat deur gestuur word,
Expire Carry Forwarded Leaves (Days),Verval gestuur blare (dae),
Calculated in days,In dae bereken,
Encashment,Die betaling,
Allow Encashment,Laat Encashment toe,
Encashment Threshold Days,Encashment Drempel Dae,
Earned Leave,Verdien Verlof,
Is Earned Leave,Is Verdien Verlof,
Earned Leave Frequency,Verdienstelike verloffrekwensie,
Rounding,afronding,
Payroll Employee Detail,Betaalstaat Werknemer Detail,
Payroll Frequency,Payroll Frequency,
Fortnightly,tweeweeklikse,
Bimonthly,tweemaandelikse,
Employees,Werknemers,
Number Of Employees,Aantal werknemers,
Employee Details,Werknemersbesonderhede,
Validate Attendance,Bevestig Bywoning,
Salary Slip Based on Timesheet,Salarisstrokie gebaseer op tydsopgawe,
Deduct Tax For Unclaimed Employee Benefits,Aftrekbelasting vir Onopgeëiste Werknemervoordele,
Deduct Tax For Unsubmitted Tax Exemption Proof,Aftrekbelasting vir nie-aangemelde belastingvrystellingbewys,
Select Payment Account to make Bank Entry,Kies Betaalrekening om Bankinskrywing te maak,
Salary Slips Created,Salarisstrokies geskep,
Salary Slips Submitted,Salarisstrokies ingedien,
Payroll Periods,Payroll Periods,
Payroll Period Date,Betaalstaat Periode Datum,
Purpose of Travel,Doel van reis,
Retention Bonus,Retensie Bonus,
Bonus Payment Date,Bonus Betalingsdatum,
Bonus Amount,Bonusbedrag,
Depends on Payment Days,Hang af van die betalingsdae,
Is Tax Applicable,Is Belasting van toepassing,
Variable Based On Taxable Salary,Veranderlike gebaseer op Belasbare Salaris,
Exempted from Income Tax,Vrygestel van inkomstebelasting,
Round to the Nearest Integer,Rond tot die naaste heelgetal,
Statistical Component,Statistiese komponent,
"If selected, the value specified or calculated in this component will not contribute to the earnings or deductions. However, it's value can be referenced by other components that can be added or deducted. ","Indien gekies, sal die waarde wat in hierdie komponent gespesifiseer of bereken word, nie bydra tot die verdienste of aftrekkings nie. Die waarde daarvan kan egter verwys word deur ander komponente wat bygevoeg of afgetrek kan word.",
Do Not Include in Total,Moenie in totaal insluit nie,
Flexible Benefits,Buigsame Voordele,
Is Flexible Benefit,Is Buigsame Voordeel,
Max Benefit Amount (Yearly),Maksimum Voordeelbedrag (Jaarliks),
Only Tax Impact (Cannot Claim But Part of Taxable Income),"Slegs Belasting Impak (Kan nie eis nie, maar deel van Belasbare inkomste)",
Create Separate Payment Entry Against Benefit Claim,Skep &#39;n afsonderlike betaling inskrywing teen voordeel eis,
Amount based on formula,Bedrag gebaseer op formule,
Formula,formule,
Salary Detail,Salarisdetail,
Component,komponent,
Do not include in total,Sluit nie in totaal in nie,
Default Amount,Verstekbedrag,
Additional Amount,Bykomende bedrag,
Tax on flexible benefit,Belasting op buigsame voordeel,
Tax on additional salary,Belasting op addisionele salaris,
Salary Structure,Salarisstruktuur,
Working Days,Werksdae,
Salary Slip Timesheet,Salaris Slip Timesheet,
Earnings,verdienste,
Deductions,aftrekkings,
Total in words,Totaal in woorde,
Salary Component for timesheet based payroll.,Salaris Komponent vir tydlaar-gebaseerde betaalstaat.,
Leave Encashment Amount Per Day,Verlof Encashment Bedrag per dag,
Max Benefits (Amount),Maksimum Voordele (Bedrag),
Salary breakup based on Earning and Deduction.,Salarisuitval gebaseer op verdienste en aftrekking.,
Total Earning,Totale verdienste,
Salary Structure Assignment,Salarisstruktuuropdrag,
Shift Assignment,Shift Opdrag,
Shift Type,Shift Type,
Shift Request,Verskuiwing Versoek,
Enable Auto Attendance,Aktiveer outo-bywoning,
Mark attendance based on 'Employee Checkin' for Employees assigned to this shift.,Merk bywoning gebaseer op &#39;Werknemer-aanmelding&#39; vir werknemers wat aan hierdie skof toegewys is.,
Auto Attendance Settings,Instellings vir outo-bywoning,
Determine Check-in and Check-out,Bepaal die in-en uitklok,
Alternating entries as IN and OUT during the same shift,Wissel inskrywings as IN en UIT tydens dieselfde skof,
Strictly based on Log Type in Employee Checkin,Streng gebaseer op die logtipe in die werknemer-checkin,
Working Hours Calculation Based On,Berekening van werksure gebaseer op,
First Check-in and Last Check-out,Eerste inklok en laaste uitklok,
Every Valid Check-in and Check-out,Elke geldige in- en uitklok,
Begin check-in before shift start time (in minutes),Begin inklok voor die begin van die skof (in minute),
The time before the shift start time during which Employee Check-in is considered for attendance.,Die tyd voor die aanvangstyd van die skof waartydens werknemers-inklok in aanmerking kom vir die bywoning.,
Allow check-out after shift end time (in minutes),Laat uitklok toe na afloop van die skof (in minute),
Time after the end of shift during which check-out is considered for attendance.,Tyd na die beëindiging van die skof waartydens u uitklok vir die bywoning oorweeg word.,
Working Hours Threshold for Half Day,Drempel vir werksure vir halwe dag,
Working hours below which Half Day is marked. (Zero to disable),Werksure waaronder Halfdag gemerk is. (Nul om uit te skakel),
Working Hours Threshold for Absent,Drempel vir werksure vir afwesig,
Working hours below which Absent is marked. (Zero to disable),Werksure waaronder Afwesig gemerk is. (Nul om uit te skakel),
Process Attendance After,Prosesbywoning na,
Attendance will be marked automatically only after this date.,Bywoning word slegs na hierdie datum outomaties gemerk.,
Last Sync of Checkin,Laaste synchronisasie van Checkin,
Last Known Successful Sync of Employee Checkin. Reset this only if you are sure that all Logs are synced from all the locations. Please don't modify this if you are unsure.,Laaste bekende suksesvolle sinkronisering van werknemerverslag Herstel dit slegs as u seker is dat alle logboeke vanaf al die liggings gesinkroniseer is. Moet dit asseblief nie verander as u onseker is nie.,
Grace Period Settings For Auto Attendance,Genade-periode-instellings vir motorbywoning,
Enable Entry Grace Period,Aktiveer ingangsperiode,
Late Entry Grace Period,Genade tydperk vir laat ingang,
The time after the shift start time when check-in is considered as late (in minutes).,Die tyd na die verskuiwing begin tyd wanneer die inklok as laat (in minute) beskou word.,
Enable Exit Grace Period,Aktiveer uittree-genadetydperk,
Early Exit Grace Period,Genade tydperk vir vroeë uitgang,
The time before the shift end time when check-out is considered as early (in minutes).,Die tyd voor die eindtyd van die verskuiwing wanneer die uitcheck as vroeg (in minute) beskou word.,
Skill Name,Vaardigheidsnaam,
Staffing Plan Detail,Personeelplanbesonderhede,
Total Estimated Budget,Totale geraamde begroting,
Vacancies,vakatures,
Estimated Cost Per Position,Geskatte koste per posisie,
Total Estimated Cost,Totale beraamde koste,
Current Count,Huidige telling,
Current Openings,Huidige openings,
Number Of Positions,Aantal posisies,
Taxable Salary Slab,Belasbare Salarisplak,
From Amount,Uit Bedrag,
To Amount,Om Bedrag,
Percent Deduction,Persent aftrekking,
Training Program,Opleidingsprogram,
Event Status,Gebeurtenis Status,
Has Certificate,Het sertifikaat,
Seminar,seminaar,
Theory,teorie,
Workshop,werkswinkel,
Conference,Konferensie,
Exam,eksamen,
Internet,internet,
Self-Study,Selfstudie,
Advance,bevorder,
Trainer Name,Afrigter Naam,
Trainer Email,Trainer E-pos,
Attendees,deelnemers,
Employee Emails,Werknemende e-posse,
Training Event Employee,Opleiding Event Werknemer,
Invited,Genooi,
Feedback Submitted,Terugvoer ingedien,
Training Result Employee,Opleiding Resultaat Werknemer,
Travel Itinerary,Reisplan,
Travel From,Reis Van,
Travel To,Reis na,
Mode of Travel,Reismodus,
Flight,Flight,
Train,trein,
Taxi,taxi,
Rented Car,Huurde motor,
Meal Preference,Maaltydvoorkeur,
Vegetarian,Vegetariese,
Non-Vegetarian,Nie-Vegetaries,
Gluten Free,Glutenvry,
Non Diary,Nie Dagboek,
Travel Advance Required,Vereis reisvoordeel,
Departure Datetime,Vertrek Datum Tyd,
Arrival Datetime,Aankoms Datum Tyd,
Lodging Required,Akkommodasie benodig,
Preferred Area for Lodging,Voorkeurarea vir Akkommodasie,
Check-in Date,Incheckdatum,
Check-out Date,Check-out datum,
Travel Request,Reisversoek,
Travel Type,Reis Tipe,
Domestic,binnelandse,
International,internasionale,
Travel Funding,Reisbefondsing,
Require Full Funding,Vereis Volledige Befondsing,
Fully Sponsored,Volledig Sponsored,
"Partially Sponsored, Require Partial Funding","Gedeeltelik geborg, vereis gedeeltelike befondsing",
Copy of Invitation/Announcement,Afskrif van Uitnodiging / Aankondiging,
"Details of Sponsor (Name, Location)","Besonderhede van Borg (Naam, Plek)",
Identification Document Number,Identifikasienommer,
Any other details,Enige ander besonderhede,
Costing Details,Koste Besonderhede,
Event Details,Gebeurtenisbesonderhede,
Name of Organizer,Naam van die organiseerder,
Address of Organizer,Adres van organiseerder,
Travel Request Costing,Reisversoek Koste,
Expense Type,Uitgawe Tipe,
Sponsored Amount,Gekonsentreerde bedrag,
Funded Amount,Gefinansierde Bedrag,
Upload Attendance,Oplaai Bywoning,
Attendance From Date,Bywoning vanaf datum,
Attendance To Date,Bywoning tot datum,
Get Template,Kry Sjabloon,
Import Attendance,Invoer Bywoning,
Upload HTML,Laai HTML op,
HR-VLOG-.YYYY.-,HR-VLOG-.YYYY.-,
Odometer Reading,Odometer Reading,
Current Odometer value ,Huidige afstandmeterwaarde,
Refuelling Details,Aanwending besonderhede,
Invoice Ref,Faktuur Ref,
Service Details,Diensbesonderhede,
Vehicle Service,Voertuigdiens,
Service Item,Diens Item,
Brake Oil,Remolie,
Brake Pad,Remskoen,
Clutch Plate,Koppelplaat,
Engine Oil,Enjin olie,
Oil Change,Olieverandering,
Inspection,inspeksie,
Mileage,kilometers,
Salary Slip Loan,Salaris Slip Lening,
Loan Repayment Entry,Terugbetaling van lenings,
May,Mei,
June,Junie,
July,Julie,
Bank Remittance,Bankoorbetaling,
Daily Work Summary Replies,Daaglikse Werkopsomming Antwoorde,
Employee Advance Summary,Werknemersvoordeelopsomming,
Employees working on a holiday,Werknemers wat op vakansie werk,
Monthly Attendance Sheet,Maandelikse Bywoningsblad,
Salary Register,Salarisregister,
Unpaid Expense Claim,Onbetaalde koste-eis,
Payment Account is mandatory,Betaalrekening is verpligtend,
"If checked, the full amount will be deducted from taxable income before calculating income tax without any declaration or proof submission.","As dit gekontroleer word, sal die volle bedrag van die belasbare inkomste afgetrek word voordat inkomstebelasting bereken word sonder enige verklaring of bewys.",
In Time,Betyds,
Out Time,Uittyd,
Is Recurring,Is herhalend,
HRA Exemption,HRA-vrystelling,
Monthly House Rent,Maandelikse huishuur,
Rented in Metro City,Huur in Metro City,
HRA as per Salary Structure,HRA volgens Salarisstruktuur,
Annual HRA Exemption,Jaarlikse HRA-vrystelling,
Monthly HRA Exemption,Maandelikse HRA-vrystelling,
House Rent Payment Amount,Huishuurbedrag,
Rented From Date,Verhuur vanaf datum,
Rented To Date,Tot op datum verhuur,
Monthly Eligible Amount,Maandelikse in aanmerking komende bedrag,
Total Eligible HRA Exemption,Totale in aanmerking komende HRA-vrystelling,
Validating Employee Attendance...,Validasie van werknemerbywoning ...,
Submitting Salary Slips and creating Journal Entry...,Dien salarisstrokies in en skep joernaalinskrywing ...,
Calculate Payroll Working Days Based On,Bereken werkdae op grond van,
Consider Unmarked Attendance As,Oorweeg ongemerkte bywoning as,
Fraction of Daily Salary for Half Day,Fraksie van die daaglikse salaris vir &#39;n halwe dag,
Component Type,Komponent tipe,
Provident Fund,voorsorgfonds,
Additional Provident Fund,Bykomende Voorsorgfonds,
Provident Fund Loan,Voorsorgfonds lening,
Professional Tax,Professionele belasting,
Is Income Tax Component,Is inkomstebelasting komponent,
Component properties and references ,Komponenteienskappe en verwysings,
Additional Salary ,Bykomende salaris,
Unmarked days,Ongemerkte dae,
Absent Days,Afwesige dae,
Conditions and Formula variable and example,Voorwaardes en formule veranderlike en voorbeeld,
Income Tax Deductions,Inkomstebelastingaftrekkings,
Income Tax Component,Inkomstebelasting-komponent,
Income Tax Amount,Inkomstebelastingbedrag,
Unmarked Days,Ongemerkte dae,
Jan,Jan.,
Feb,Feb.,
Mar,Mrt,
Apr,Apr.,
Aug,Aug.,
Sep,Sep.,
Oct,Okt.,
Nov,Nov.,
Dec,Des,
Summarized View,Samevattende aansig,
Professional Tax Deductions,Professionele belastingaftrekkings,
Provident Fund Deductions,Voorsieningsfondsaftrekkings,
Recruitment Analytics,Werwingsanalise,
Applicant name,Aansoeker naam,
Job Offer status,Posaanbodstatus,
On Date,Op datum,
Salary Payments Based On Payment Mode,Salarisbetalings gebaseer op betalingsmodus,
Salary Payments via ECS,Salarisbetalings via ECS,
Account No,Rekening nommer,
IFSC,IFSC,
MICR,MICR,
PF Account,PF-rekening,
PF Amount,PF bedrag,
Additional PF,Bykomende PF,
PF Loan,PF-lening,
Duplicate Entry,Dubbele inskrywing,
Please select Employee first.,Kies eers Werknemer.,
To Date should be greater than From Date,Tot op datum moet groter wees as vanaf datum,
Job Offer: {0} is already for Job Applicant: {1},Posaanbod: {0} is reeds vir werksaansoeker: {1},
Only Shift Request with status 'Approved' and 'Rejected' can be submitted,Slegs skuifversoek met die status &#39;Goedgekeur&#39; en &#39;Afgewys&#39; kan ingedien word,
Shift Assignment: {0} created for Employee: {1},Skoftoewysing: {0} geskep vir werknemer: {1},
You can not request for your Default Shift: {0},U kan nie u verstekskof aanvra nie: {0},
Only Approvers can Approve this Request.,Slegs kandidate kan hierdie versoek goedkeur.,
Please set Payroll based on in Payroll settings,Stel Payroll in volgens die Payroll-instellings,
Additional Salary: {0} already exist for Salary Component: {1} for period {2} and {3},Bykomende salaris: {0} bestaan reeds vir salariskomponent: {1} vir periode {2} en {3},
Payroll date can not be less than employee's joining date.,Die betaalstaatdatum kan nie minder wees as die aansluitdatum van die werknemer nie.,
From date can not be less than employee's joining date.,Van datum kan nie minder wees as die aansluitdatum van die werknemer nie.,
To date can not be greater than employee's relieving date.,Tot op hede kan dit nie groter wees as die werkdag se aflosdatum nie.,
Payroll date can not be greater than employee's relieving date.,Die betaaldatum kan nie langer wees as die werkdag se aflosdatum nie.,
Condition and formula,Toestand en formule,
Available Leaves,Beskikbare blare,
IFSC Code,IFSC-kode,
Others,ander,
Total Allocated Leaves,Totale toegekende blare,
Used Leaves,Gebruikte Blare,
PAN Number,PAN-nommer,
Expired Leaves,Verlore blare,
