) for {0},) لـ {0},
A {0} exists between {1} and {2} (,{0} موجود بين {1} و {2} (,
Absent,غائب,
Accrual Journal Entry for salaries from {0} to {1},مدخل يومية تراكمية للرواتب من {0} إلى {1},
Add to Details,إضافة إلى التفاصيل,
Added to details,تم اضافته الى التفاصيل,
All Jobs,جميع الوظائف,
Allocated Leaves,الإجازات المخصصة,
Annual Salary,الراتب السنوي,
Application period cannot be across two allocation records,فترة الطلب لا يمكن ان تكون خلال سجلين مخصصين,
Application period cannot be outside leave allocation period,فترة الاجازة لا يمكن أن تكون خارج فترة الاجازة المسموحة للموظف.\n<br>\nApplication period cannot be outside leave allocation period,
Apply Now,التطبيق الآن,
Apprentice,وضع تحت التدريب,
Approval Status,حالة الموافقة,
Approval Status must be 'Approved' or 'Rejected',حالة الموافقة يجب ان تكون (موافق عليه) او (مرفوض),
As per your assigned Salary Structure you cannot apply for benefits,حسب هيكل الرواتب المعيّن الخاص بك ، لا يمكنك التقدم بطلب للحصول على مخصصات,
Assign,عين,
Assign Salary Structure,تعيين هيكل الرواتب,
Assign to Employees,تم تخصيصها للموظفين,
Assigning Structures...,هيكلية التخصيص...,
Attendance,الحضور,
Attendance From Date and Attendance To Date is mandatory,الحقل الحضور من تاريخ والحضور إلى تاريخ إلزامية\n<br>\nAttendance From Date and Attendance To Date is mandatory,
Attendance for employee {0} is already marked for this day,تم تسجيل الحضور بالفعل للموظف {0} لهذا اليوم\n<br>\nAttendance for employee {0} is already marked for this day,
Attendance not submitted for {0} as it is a Holiday.,لم يتم إرسال الحضور إلى {0} لأنه عطلة.,
Bank Entries,مدخلات البنك,
Base,الاساسي,
Beginner,مبتدئ,
Birthday Reminder,تذكير عيد ميلاد,
Bonus Payment Date cannot be a past date,لا يمكن أن يكون تاريخ الدفع المكافأ تاريخًا سابقًا,
Calls,مكالمات هاتفية,
Cannot find active Leave Period,لا يمكن ايجاد فترة الاجازة النشطة,
Casual Leave,أجازة عادية,
Claimed Amount,المبلغ المطالب به,
Compensatory Off,تعويض,
Contact Number,رقم جهة الإتصال,
Course,المقرر التعليمي,
Create Disbursement Entry,إنشاء إدخال الصرف,
Create Salary Slip,إنشاء كشف الرواتب,
Create Salary Slips,إنشاء قسائم الرواتب,
Creating Payment Entries......,إنشاء إدخالات الدفع ......,
Creating Salary Slips...,إنشاء قسائم الرواتب ...,
Current,تيار,
Current Job Openings,فرص العمل الحالية,
Daily Work Summary,ملخص العمل اليومي,
Daily Work Summary Group,مجموعة ملخص العمل اليومي,
Date is repeated,تاريخ متكرر\n<br>\nDate is repeated,
Debit A/C Number,رقم الخصم,
Deduction,خصم,
Document Status,حالة المستند,
Earning,مستحق,
Employee A/C Number,موظف A / C رقم,
Employee Benefits,الميزات للموظف,
Employee Grade,درجة الموظف,
Employee Referral,إحالة موظف,
Employee relieved on {0} must be set as 'Left',الموظف الذي ترك العمل في {0} يجب أن يتم تحديده ' مغادر ',
Employee {0} already submited an apllication {1} for the payroll period {2},قام الموظف {0} بالفعل بإرسال apllication {1} لفترة المرتبات {2},
Employee {0} has no maximum benefit amount,الموظف {0} ليس لديه الحد الأقصى لمبلغ الاستحقاق,
Employee {0} is not active or does not exist,الموظف {0} غير نشط أو غير موجود\n<br>\nEmployee {0} is not active or does not exist,
Employee {0} is on Leave on {1},الموظف {0} في وضع الإجازة على {1},
Employee {0} on Half day on {1},الموظف {0} لديه اجازة نصف يوم في {1},
End time cannot be before start time,لا يمكن أن يكون وقت الانتهاء قبل وقت البدء,
Evaluation,تقييم,
Event Location,موقع الحدث,
Event Name,إسم الحدث,
Expense Claim for Vehicle Log {0},مطالبه المصروفات لسجل المركبات {0},
Expense Claim {0} already exists for the Vehicle Log,المطالبة بالنفقات {0} بالفعل موجوده في سجل المركبة,
Fill the form and save it,قم بتعبئة النموذج وحفظه,
Filter Employees By (Optional),تصفية الموظفين حسب (اختياري),
Fiscal Year {0} not found,السنة المالية {0} غير موجودة\n<br>\nFiscal Year {0} not found,
Food,طعام,
For Employee,للموظف,
From Date {0} cannot be after employee's relieving Date {1},من تاريخ {0} لا يمكن أن يكون بعد تاريخ التخفيف من الموظف {1},
From Date {0} cannot be before employee's joining Date {1},من تاريخ {0} لا يمكن أن يكون قبل تاريخ الانضمام للموظف {1},
From date can not be less than employee's joining date,من تاريخ لا يمكن أن يكون أقل من تاريخ انضمام الموظف,
Fuel Price,سعر الوقود,
Fuel Qty,كمية الوقود,
Full-time,دوام كامل,
Future dates not allowed,التواريخ المستقبلية غير مسموح بها,
Get Details From Declaration,الحصول على تفاصيل من الإعلان,
Get Employees,الحصول على الموظفين,
Gross Pay,إجمالي الأجور,
Guest,ضيف,
Half Day,نصف يوم,
Half Day Date is mandatory,تاريخ نصف اليوم إلزامي,
Half Day Date should be between From Date and To Date,تاريخ نصف اليوم ينبغي أن يكون بين 'من تاريخ' و 'الى تاريخ'\n<br>\nHalf Day Date should be between From Date and To Date,
Half Day Date should be in between Work From Date and Work End Date,يجب أن يكون تاريخ نصف يوم بين العمل من التاريخ وتاريخ انتهاء العمل,
Half day date should be in between from date and to date,يجب أن يكون تاريخ نصف يوم ما بين التاريخ والتاريخ,
Hello,مرحبا,
House rent paid days overlapping with {0},أيام إيجار المنازل المدفوعة تتداخل مع {0},
House rented dates required for exemption calculation,التواريخ المستأجرة البيت المطلوبة لحساب الإعفاء,
House rented dates should be atleast 15 days apart,يجب أن تكون تواريخ التأجير المنزل على الأقل 15 يوما بعيدا,
Interest Amount,مبلغ الفائدة,
Intern,المتدرب,
Job Description,الوصف الوظيفي,
Job Offer,عرض عمل,
Jobs,وظائف,
Leave Approval Notification,اترك إشعار الموافقة,
Leave Blocked,إجازة محظورة,
Leave Encashment,الإجازات مدفوعة,
Leave Status Notification,ترك إخطار الحالة,
Leave Type,نوع الاجازة,
Leave Type is madatory,نوع الإجازة مجنونة,
Leave Type {0} cannot be allocated since it is leave without pay,"لا يمكن تخصيص نوع الاجازه {0}, لأنها إجازة بدون راتب\n<br>\nLeave Type {0} cannot be allocated since it is leave without pay",
Leave Type {0} cannot be carry-forwarded,لا يمكن ترحيل نوع اﻹجازة {0}\n<br>\nلا يمكن ترحيل النوع {0} الخاص بالاجازه,
Leave Type {0} is not encashable,نوع الإجازة {0} غير قابل للضبط,
Leave Without Pay,اجازة من دون راتب,
"Leave cannot be allocated before {0}, as leave balance has already been carry-forwarded in the future leave allocation record {1}",لا يمكن تخصيص اجازة قبل {0}، لان رصيد الإجازات قد تم تحوبله الي سجل تخصيص اجازات مستقبلي {1},
"Leave cannot be applied/cancelled before {0}, as leave balance has already been carry-forwarded in the future leave allocation record {1}",الاجازة لا يمكن تطبيقها او إلغائها قبل {0}، لان رصيد الإجازات قد تم تحويله الي سجل تخصيص إجازات مستقبلي {1},
Leave of type {0} cannot be longer than {1},يجب أن لا يتجاوز عدد أيام اﻹجازة من نوع {0} عدد {1} يوم.\n<br>\nLeave of type {0} cannot be longer than {1},
Leaves,الاجازات,
Leaves Allocated Successfully for {0},تم تخصيص اﻹجازات بنجاح ل {0}\n<br>\nLeaves Allocated Successfully for {0},
Leaves per Year,الأجزات في السنة,
Lifecycle,دورة الحياة,
Mark Attendance,تسجيل الحضور,
Max Exemption Amount cannot be greater than maximum exemption amount {0} of Tax Exemption Category {1},لا يمكن أن يكون أقصى مبلغ للإعفاء أكبر من الحد الأقصى لمبلغ الإعفاء {0} من فئة الإعفاء الضريبي {1},
Max benefits should be greater than zero to dispense benefits,يجب أن تكون الفوائد القصوى أكبر من الصفر لتوزيع الاستحقاقات,
Maximum amount eligible for the component {0} exceeds {1},أقصى مبلغ مؤهل للعنصر {0} يتجاوز {1},
Maximum benefit amount of component {0} exceeds {1},يتجاوز الحد الأقصى لمقدار المكون {0} {1},
Maximum benefit amount of employee {0} exceeds {1},أقصى مبلغ لمبلغ الموظف {0} يتجاوز {1},
Maximum leave allowed in the leave type {0} is {1},الحد الأقصى للإجازة المسموح بها في نوع الإجازة {0} هو {1},
Medical,طبي,
Mode of payment is required to make a payment,طريقه الدفع مطلوبه لإجراء الدفع\n<br>\nMode of payment is required to make a payment,
More than one selection for {0} not allowed,أكثر من اختيار واحد لـ {0} غير مسموح به,
Net Pay,صافي الراتب,
Net Pay cannot be less than 0,صافي الأجر لا يمكن أن يكون أقل من 0,
Net Salary Amount,صافي الراتب المبلغ,
Net pay cannot be negative,صافي الأجر لا يمكن أن يكون بالسالب\n<br>\nNet pay cannot be negative,
No Employee Found,لم يتم العثور على أي موظف\n<br>\nNo employee found,
No Salary Structure assigned for Employee {0} on given date {1},لا يتم تحديد هيكل الراتب للموظف {0} في تاريخ معين {1},
No Staffing Plans found for this Designation,لم يتم العثور على خطط التوظيف لهذا التصنيف,
No active or default Salary Structure found for employee {0} for the given dates,لم يتم العثور على أي نشاط أو هيكل راتب إفتراضي للموظف {0} للتواريخ المدخلة\n<br>\nNo active or default Salary Structure found for employee {0} for the given dates,
No more updates,لا مزيد من التحديثات,
No replies from,لا توجد ردود من,
No salary slip found to submit for the above selected criteria OR salary slip already submitted,لم يتم العثور على أي زلة الراتب لتقديم المعايير المذكورة أعلاه أو زلة الراتب قدمت بالفعل,
Nothing to change,لا شيء للتغيير,
Notice Period,مدة الاشعار,
Only Leave Applications with status 'Approved' and 'Rejected' can be submitted,يمكن إعتماد الطلبات التي حالتها 'معتمدة' و 'مرفوضة' فقط\n<br>\nOnly Leave Applications with status 'Approved' and 'Rejected' can be submitted,
Optional Holiday List not set for leave period {0},لم يتم تعيين قائمة العطلات الاختيارية لفترة الإجازة {0},
Part-time,دوام جزئى,
Password policy for Salary Slips is not set,لم يتم تعيين سياسة كلمة المرور لمرتبات الراتب,
Payment Days,أيام الدفع,
Payment of {0} from {1} to {2},دفع {0} من {1} إلى {2},
Payroll,دفع الرواتب,
Payroll Number,رقم الراتب,
Piecework,الأجرة المدفوعة لكمية العمل المنجز,
Please add the remaining benefits {0} to any of the existing component,الرجاء إضافة الفوائد المتبقية {0} إلى أي مكون موجود,
Please confirm once you have completed your training,يرجى تأكيد بمجرد الانتهاء من التدريب الخاص بك,
Please enable default incoming account before creating Daily Work Summary Group,الرجاء تمكين الحساب الوارد الافتراضي قبل إنشاء مجموعة ملخص العمل اليومي,
Please select Company and Designation,يرجى تحديد الشركة والتسمية,
Please select Employee,يرجى تحديد موظف,
Please select a csv file,يرجى اختيار ملف CSV,
Please set default template for Leave Approval Notification in HR Settings.,يرجى تعيين القالب الافتراضي لإشعار إجازة الموافقة في إعدادات الموارد البشرية.,
Please set default template for Leave Status Notification in HR Settings.,يرجى تعيين القالب الافتراضي لإشعار حالة الإجازات في إعدادات الموارد البشرية.,
Please set the Company,يرجى تعيين الشركة,
Please set the Date Of Joining for employee {0},يرجى تحديد تاريخ الالتحاق بالموظف {0},
Please share your feedback to the training by clicking on 'Training Feedback' and then 'New',يرجى حصة ملاحظاتك للتدريب من خلال النقر على &quot;التدريب ردود الفعل&quot; ثم &quot;جديد&quot;,
Please update your status for this training event,يرجى تحديث حالتك لهذا الحدث التدريبي,
Present,حاضر,
Preview Salary Slip,معاينة كشف الراتب,
Privilege Leave,إجازة الامتياز,
Probation,فترة التجربة,
Probationary Period,فترة الاختبار,
Property,ممتلكات,
Property already added,الخاصية المضافة بالفعل,
Replies,الردود,
Responsibilities,المسؤوليات,
Role,صلاحية,
Row {0}# Allocated amount {1} cannot be greater than unclaimed amount {2},الصف {0} # المبلغ المخصص {1} لا يمكن أن يكون أكبر من المبلغ غير المطالب به {2},
Row {0}# Paid Amount cannot be greater than requested advance amount,الصف {0} # المبلغ المدفوع لا يمكن أن يكون أكبر من المبلغ المطلوب مسبقا,
Salary Slip ID,هوية كشف الراتب,
Salary Slip of employee {0} already created for this period,كشف الراتب للموظف {0} تم إنشاؤه لهذه الفترة,
Salary Slip of employee {0} already created for time sheet {1},كشف الراتب للموظف {0} تم إنشاؤه لسجل التوقيت {1},
Salary Structure Assignment for Employee already exists,تعيين هيكل الراتب للموظف موجود بالفعل,
Salary Structure Missing,هيكلية الراتب مفقودة,
Salary Structure not found for employee {0} and date {1},لم يتم العثور على هيكل الراتب للموظف {0} والتاريخ {1},
Salary Structure should have flexible benefit component(s) to dispense benefit amount,يجب أن يحتوي هيكل الرواتب على مكون (مكونات) منافع مرنة لصرف مبلغ المنافع,
"Salary already processed for period between {0} and {1}, Leave application period cannot be between this date range.","تمت معالجة الراتب بالفعل للفترة بين {0} و {1} ، لا يمكن أن تكون فترة طلب اﻹجازة بين نطاق هذا التاريخ.\n<br>\nSalary already processed for period between {0} and {1}, Leave application period cannot be between this date range.",
Sanctioned Amount cannot be greater than Claim Amount in Row {0}.,لا يمكن أن يكون المبلغ الموافق عليه أكبر من مبلغ المطالبة في الصف {0}.,
Score must be less than or equal to 5,يجب أن تكون النقاط أقل من أو تساوي 5\n<br>\nScore must be less than or equal to 5,
Select Property,اختر الملكية,
Select an employee to get the employee advance.,حدد الموظف للحصول على تقدم الموظف.,
Service Expense,نفقات الصيانة,
Show Employee,إظهار الموظف,
Show Salary Slip,عرض كشف الراتب,
Sick Leave,الإجازات المرضية,
"Skipping Salary Structure Assignment for the following employees, as Salary Structure Assignment records already exists against them. {0}",تخطي تعيين هيكل الرواتب للموظفين التاليين ، لأن سجلات تعيين هيكل الرواتب موجودة بالفعل ضدهم. {0},
Staffing Plan {0} already exist for designation {1},خطة التوظيف {0} موجودة بالفعل للتسمية {1},
"Start and end dates not in a valid Payroll Period, cannot calculate {0}",تواريخ البدء والانتهاء ليست في فترة كشوف رواتب صالحة ، لا يمكن حساب {0},
"Start and end dates not in a valid Payroll Period, cannot calculate {0}.",تواريخ البدء والانتهاء ليست في فترة كشوف المرتبات الصالحة ، ولا يمكن حساب {0}.,
Stock Options,خيارات المخزون,
Structures have been assigned successfully,تم تخصيص الهياكل بنجاح,
Submit Proof,تقديم دليل,
Submit Salary Slip,الموافقة كشف الرواتب,
Submit this to create the Employee record,إرسال هذا لإنشاء سجل الموظف,
Submitting Salary Slips...,تقديم قسائم الرواتب ...,
Team Updates,تحديثات الفريق,
Thank you,شكرا,
The day(s) on which you are applying for leave are holidays. You need not apply for leave.,فترة طلب اﻹجازة تقع في فترة عطلة رسمية، يجب إختيار فترة أخرى.\n<br>\nThe day(s) on which you are applying for leave are holidays. You need not apply for leave.,
There are more holidays than working days this month.,أيام العطل لهذا الشهر أكثر من أيام العمل.\n<br>\nThere are more holidays than working days this month.,
There is no leave period in between {0} and {1},لا توجد فترة إجازة بين {0} و {1},
This is based on the attendance of this Employee,هذا يستند على حضور الموظف,
This will submit Salary Slips and create accrual Journal Entry. Do you want to proceed?,سيؤدي هذا إلى تقديم قسائم الراتب وإنشاء الدخول إلى دفتر الأستحقاق. هل تريد المتابعة؟,
To date can not be equal or less than from date,حتى الآن لا يمكن أن يكون مساويا أو أقل من التاريخ,
To date can not be less than from date,حتى الآن لا يمكن أن يكون أقل من من تاريخ,
To date can not greater than employee's relieving date,حتى الآن لا يمكن أن يكون أكبر من تاريخ تخفيف الموظف,
Total Absent,إجمالي الغياب,
Total Deduction,مجموع الخصم,
Total Leaves,مجموع الإجازات,
Total Present,إجمالي الحضور,
Total advance amount cannot be greater than total sanctioned amount,لا يمكن أن يكون إجمالي المبلغ المدفوع أكبر من المبلغ الإجمالي المعتمد,
Total flexible benefit component amount {0} should not be less than max benefits {1},يجب ألا يقل إجمالي مبلغ الفائدة المرنة {0} عن الحد الأقصى للمنافع {1},
Total leaves allocated is mandatory for Leave Type {0},إجمالي الإجازات المخصصة إلزامي لنوع الإجازة {0},
Total working hours should not be greater than max working hours {0},عدد ساعات العمل الكلي يجب ألا يكون أكثر من العدد الأقصى لساعات العمل {0},
Training,التدريب,
Training Event,حدث تدريب,
Training Events,أحداث التدريب,
Training Feedback,ردود الفعل على التدريب,
Training Result,نتيجة التدريب,
Travel,السفر,
Update Response,تحديث الرد,
Value missing,القيمة مفقودة,
Variable,متغير,
Walk In,عميل غير مسجل,
Warning: Leave application contains following block dates,تحذير: طلب اﻹجازة يحتوي على الايام التالية الّتي يمنع فيها اﻹجازة\n<br>\nWarning: Leave application contains following block dates,
Website Listing,إدراج موقع الويب,
Work Summary for {0},ملخص العمل ل {0},
You are not authorized to approve leaves on Block Dates,غير مصرح لك الموافقة على المغادرات التي في التواريخ المحظورة,
You are not present all day(s) between compensatory leave request days,أنت لست موجودًا طوال اليوم (الأيام) بين أيام طلب الإجازة التعويضية,
You can only submit Leave Encashment for a valid encashment amount,يمكنك فقط إرسال ترك الإلغاء لمبلغ سداد صالح,
{0} already allocated for Employee {1} for period {2} to {3},{0} تم تخصيصه بالفعل للموظف {1} للفترة {2} إلى {3},
{0} applicable after {1} working days,{0} صالح بعد {1} أيام عمل,
{0} is not in Optional Holiday List,{0} ليس في قائمة عطلات اختيارية,
{0} is not in a valid Payroll Period,{0} ليس في فترة رواتب صالحة,
{0} must be submitted,{0} يجب تسليمها,
"{0}: Employee email not found, hence email not sent",{0}: البريد الإلكتروني للموظف غير موجود، وبالتالي لن يتم إرسال البريد الإلكتروني,
{0}: From {0} of type {1},{0}: من {0} من نوع {1},
Conditions,الظروف,
Percent,في المئة,
Error in some rows,خطأ في بعض الصفوف,
Benefit,فائدة,
Shift,تحول,
Importing {0} of {1},استيراد {0} من {1},
'employee_field_value' and 'timestamp' are required.,مطلوب &quot;employee_field_value&quot; و &quot;الطابع الزمني&quot;.,
Allocation Expired!,تخصيص انتهت!,
Attendance Marked,الحضور ملحوظ,
Attendance has been marked as per employee check-ins,تم وضع علامة على الحضور حسب تسجيل وصول الموظف,
Date Range,نطاق الموعد,
Event Link,رابط الحدث,
Expire Allocation,انتهاء الصلاحية التخصيص,
Fuel Expense,حساب الوقود,
Intermediate,متوسط,
Leave application is linked with leave allocations {0}. Leave application cannot be set as leave without pay,إجازة التطبيق مرتبطة بمخصصات الإجازة {0}. لا يمكن تعيين طلب الإجازة كإجازة بدون أجر,
Log Type is required for check-ins falling in the shift: {0}.,نوع السجل مطلوب لتسجيلات الوقوع في التحول: {0}.,
No Employee found for the given employee field value. '{}': {},لم يتم العثور على موظف لقيمة حقل الموظف المحدد. &#39;{}&#39;: {},
No Leaves Allocated to Employee: {0} for Leave Type: {1},لا أوراق مخصصة للموظف: {0} لنوع الإجازة: {1},
Only expired allocation can be cancelled,يمكن فقط إلغاء التخصيص المنتهي,
Only users with the {0} role can create backdated leave applications,يمكن فقط للمستخدمين الذين لديهم دور {0} إنشاء تطبيقات إجازة متأخرة,
Password policy cannot contain spaces or simultaneous hyphens. The format will be restructured automatically,لا يمكن أن تحتوي سياسة كلمة المرور على مسافات أو واصلات متزامنة. سيتم إعادة هيكلة التنسيق تلقائيًا,
Please enter the designation,الرجاء إدخال التسمية,
There are no vacancies under staffing plan {0},لا توجد وظائف شاغرة في إطار خطة التوظيف {0},
This employee already has a log with the same timestamp.{0},هذا الموظف لديه بالفعل سجل بنفس الطابع الزمني. {0},
Timing,توقيت,
To date needs to be before from date,حتى الآن يجب أن يكون قبل من تاريخ,
Total Early Exits,إجمالي المخارج المبكرة,
Total Late Entries,مجموع الإدخالات المتأخرة,
Training Event:,حدث التدريب:,
Unable to find Salary Component {0},يتعذر العثور على مكون الراتب {0},
Unmarked Attendance for days,الحضور بدون علامات لعدة أيام,
Vacancies cannot be lower than the current openings,لا يمكن أن تكون الوظائف الشاغرة أقل من الفتحات الحالية,
{} is an invalid Attendance Status.,{} هي حالة حضور غير صالحة.,
Printed On,طبع في,
No employee found,لم يتم العثور على أي موظف\n<br>\nNo employee found,
Please setup Employee Naming System in Human Resource > HR Settings,يرجى إعداد نظام تسمية الموظفين في الموارد البشرية&gt; إعدادات الموارد البشرية,
Please setup numbering series for Attendance via Setup > Numbering Series,يرجى إعداد سلسلة الترقيم للحضور عبر الإعداد&gt; سلسلة الترقيم,
Current Odometer Value should be greater than Last Odometer Value {0},يجب أن تكون قيمة عداد المسافات الحالية أكبر من قيمة آخر عداد المسافات {0},
No additional expenses has been added,لم يتم إضافة مصاريف إضافية,
{0} already exists for employee {1} and period {2},{0} موجود بالفعل للموظف {1} والمدة {2},
Leaves Allocated,الأوراق المخصصة,
Leave Without Pay does not match with approved {} records,لا تتطابق الإجازة بدون أجر مع سجلات {} المعتمدة,
Income Tax Slab not set in Salary Structure Assignment: {0},لم يتم تعيين لوح ضريبة الدخل في تعيين هيكل الرواتب: {0},
Income Tax Slab: {0} is disabled,شريحة ضريبة الدخل: {0} معطل,
Income Tax Slab must be effective on or before Payroll Period Start Date: {0},يجب أن يكون لوح ضريبة الدخل ساريًا في أو قبل تاريخ بدء فترة الرواتب: {0},
No leave record found for employee {0} on {1},لم يتم العثور على سجل إجازة للموظف {0} في {1},
Row {0}: {1} is required in the expenses table to book an expense claim.,الصف {0}: {1} مطلوب في جدول النفقات لحجز مطالبة بالنفقات.,
Set the default account for the {0} {1},تعيين الحساب الافتراضي لـ {0} {1},
(Half Day),(نصف يوم),
Income Tax Slab,لوح ضريبة الدخل,
Row #{0}: Cannot set amount or formula for Salary Component {1} with Variable Based On Taxable Salary,الصف # {0}: لا يمكن تعيين المبلغ أو الصيغة لمكون الراتب {1} بمتغير قائم على الراتب الخاضع للضريبة,
Repay From Salary can be selected only for term loans,يمكن اختيار السداد من الراتب للقروض لأجل فقط,
Salary Component Account,حساب مكون الراتب,
Default Bank / Cash account will be automatically updated in Salary Journal Entry when this mode is selected.,حساب الخزنة / البنك المعتاد سوف يعدل تلقائيا في القيود اليومية للمرتب عند اختيار هذا الوضع.,
Result,نتيجة,
Total Score,مجموع النقاط,
Joining Date,تاريخ الانضمام,
Publish on website,نشر على الموقع الإلكتروني,
Application Status,حالة الطلب,
IN,في,
Remind Before,تذكير من قبل,
Reminded,ذكر,
Additional Salary,راتب إضافي,
HR-ADS-.YY.-.MM.-,HR-ADS-.YY .-. MM.-,
Salary Component,مكون الراتب,
Overwrite Salary Structure Amount,الكتابة فوق هيكل الهيكل المرتب,
Deduct Full Tax on Selected Payroll Date,خصم الضريبة الكاملة على تاريخ الرواتب المحدد,
Payroll Date,جدول الرواتب,
Salary Component Type,نوع مكون الراتب,
Appointment Letter,رسالة موعد,
Appointment Date,تاريخ الموعد,
Appointment Letter Template,قالب رسالة التعيين,
Closing Notes,ملاحظات ختامية,
Appointment Letter content,محتوى رسالة التعيين,
Appraisal,تقييم,
HR-APR-.YY.-.MM.,HR-APR-.YY.-.MM.,
For Employee Name,لاسم الموظف,
Goals,الأهداف,
Total Score (Out of 5),مجموع نقاط (من 5),
"Any other remarks, noteworthy effort that should go in the records.",أي ملاحظات أخرى، وجهود جديرة بالذكر يجب أن تدون في السجلات.,
Appraisal Goal,الغاية من التقييم,
Key Responsibility Area,وصف معيار التقييم,
Weightage (%),الوزن(٪),
Score (0-5),نقاط (0-5),
Score Earned,نقاط المكتسبة,
Appraisal Template Title,عنوان قالب التقييم,
Appraisal Template Goal,الغاية من قالب التقييم,
KRA,KRA,
Key Performance Area,وصف معيار التقييم,
HR-ATT-.YYYY.-,HR-ATT-.YYYY.-,
On Leave,في إجازة,
Work From Home,العمل من المنزل,
Leave Application,طلب اجازة,
Attendance Date,تاريخ الحضور,
Attendance Request,طلب حضور,
Late Entry,تأخر الدخول,
Early Exit,الخروج المبكر,
Half Day Date,تاريخ نصف اليوم,
On Duty,في الخدمة,
Explanation,تفسير,
Compensatory Leave Request,طلب الإجازة التعويضية,
Leave Allocation,تخصيص إجازة,
Worked On Holiday,عملت في عطلة,
Work From Date,العمل من التاريخ,
Work End Date,تاريخ انتهاء العمل,
Email Sent To,أرسل البريد الإلكتروني إلى,
Select Users,حدد المستخدمون,
Send Emails At,إرسال رسائل البريد الإلكتروني في,
Reminder,تذكير,
Daily Work Summary Group User,مستخدم مجموعة ملخص العمل اليومي,
email,البريد الإلكتروني,
Department Approver,موافقة القسم,
Approver,المخول بالموافقة,
Designation Skill,مهارة التعيين,
Skill,مهارة,
Leave Policy,سياسة الإجازة,
Salary Details,تفاصيل الراتب,
HR-EAD-.YYYY.-,HR-EAD-.YYYY.-,
Claimed,ادعى,
Employee Attendance Tool,أداة الحضور للموظفين,
Unmarked Attendance,تم تسجيله غير حاضر,
Employees HTML,الموظفين HTML,
Marked Attendance,حضور مسجل,
Marked Attendance HTML,حضور مسجل HTML,
Employee Benefit Application,تطبيق مزايا الموظف,
Max Benefits (Yearly),أقصى الفوائد (سنويا),
Remaining Benefits (Yearly),الفوائد المتبقية (سنوية),
Payroll Period,فترة المرتبات,
Dispensed Amount (Pro-rated),المبلغ المخفَّض (المحسوب),
Employee Benefit Application Detail,تفاصيل تطبيق استحقاق الموظف,
Earning Component,أحدى المستحقات,
Pay Against Benefit Claim,ادفع ضد مطالبات الاستحقاق,
Max Benefit Amount,أقصى فائدة المبلغ,
Employee Benefit Claim,مطالبة مصلحة الموظف,
Claim Date,تاريخ المطالبة,
Claim Benefit For,فائدة للمطالبة,
Max Amount Eligible,أقصى مبلغ مؤهل,
Expense Proof,إثبات المصاريف,
Employee Boarding Activity,نشاط صعود الموظف,
Activity Name,اسم النشاط,
Required for Employee Creation,مطلوب لإنشاء موظف,
Applicable in the case of Employee Onboarding,ينطبق على حالة تشغيل الموظف,
Employee Checkin,فحص الموظف,
Log Type,نوع السجل,
OUT,خارج,
Location / Device ID,الموقع / معرف الجهاز,
Skip Auto Attendance,تخطي الحضور التلقائي,
Shift Start,تحول البداية,
Shift End,التحول نهاية,
Shift Actual Start,التحول الفعلي البداية,
Shift Actual End,التحول نهاية الفعلية,
Default Salary Structure,هيكل الراتب الافتراضي,
Employee Health Insurance,التأمين الصحي للموظف,
Health Insurance Name,اسم التامين الصحي,
Employee Incentive,حافز الموظف,
Incentive Amount,مبلغ الحافز,
Employee Onboarding,اعداد الموظف,
Notify users by email,أبلغ المستخدمين عن طريق البريد الإلكتروني,
Employee Onboarding Template,قالب Onboarding الموظف,
Employee Other Income,دخل الموظف الآخر,
Employee Promotion,ترقية الموظف,
Promotion Date,تاريخ العرض,
Employee Promotion Details,تفاصيل ترقية الموظف,
Employee Property History,تاريخ الممتلكات الموظف,
Employee Separation,فصل الموظف,
Employee Separation Template,قالب فصل الموظفين,
Exit Interview Summary,الخروج من ملخص المقابلة,
Employee Skill,مهارة الموظف,
Proficiency,مهارة,
Evaluation Date,تاريخ التقييم,
Employee Skill Map,خريطة مهارة الموظف,
Employee Skills,مهارات الموظف,
Trainings,دورات تدريبية,
Employee Tax Exemption Category,فئة الإعفاء من ضريبة الموظف,
Max Exemption Amount,أقصى مبلغ الإعفاء,
Employee Tax Exemption Declaration,إعلان الإعفاء من ضريبة الموظف,
Declarations,التصريحات,
Total Declared Amount,إجمالي المبلغ المعلن,
Total Exemption Amount,مجموع مبلغ الإعفاء,
Employee Tax Exemption Declaration Category,فئة الإعفاء من ضريبة الموظف,
Exemption Sub Category,الإعفاء الفئة الفرعية,
Exemption Category,فئة الإعفاء,
Maximum Exempted Amount,الحد الأقصى للمبلغ المعفى,
Declared Amount,المبلغ المعلن,
Employee Tax Exemption Proof Submission,إقرار الإعفاء من ضريبة الموظف,
Submission Date,تاريخ التقديم,
Tax Exemption Proofs,الإعفاء من الضرائب,
Total Actual Amount,إجمالي المبلغ الفعلي,
Employee Tax Exemption Proof Submission Detail,إعفاء من ضريبة الموظف,
Maximum Exemption Amount,الحد الأقصى للإعفاء المبلغ,
Type of Proof,نوع من الإثبات,
Actual Amount,الكمية الفعلية,
Employee Tax Exemption Sub Category,فئة الإعفاء من ضريبة الموظفين,
Tax Exemption Category,فئة الإعفاء الضريبي,
Employee Training,تدريب الموظفين,
Training Date,تاريخ التدريب,
Employee Transfer,نقل الموظفين,
Transfer Date,تاريخ التحويل,
Employee Transfer Details,تفاصيل نقل الموظف,
Employee Transfer Detail,نقل موظف التفاصيل,
Re-allocate Leaves,إعادة تخصيص الأوراق,
Create New Employee Id,إنشاء رمز موظف جديد,
New Employee ID,معرف الموظف الجديد,
HR-EXP-.YYYY.-,HR-EXP-.YYYY.-,
Expense Taxes and Charges,مصاريف الضرائب والرسوم,
Total Sanctioned Amount,الإجمالي الكمية الموافق عليه,
Total Advance Amount,إجمالي المبلغ المدفوع مقدما,
Total Claimed Amount,إجمالي المبلغ المطالب به,
Total Amount Reimbursed,مجموع المبلغ المسدد,
Vehicle Log,دخول السيارة,
Employees Email Id,البريد الإلكتروني  للموظف,
More Details,المزيد من التفاصيل,
Expense Claim Account,حساب المطالبة بالنفقات,
Expense Claim Advance,النفقات المطالبة مقدما,
Expense Claim Detail,تفاصيل  المطالبة بالنفقات,
Expense Date,تاريخ النفقات,
Expense Claim Type,نوع  المطالبة  بالنفقات,
HR Settings,إعدادات الموارد البشرية,
Employee Settings,إعدادات الموظف,
Expense Approver Mandatory In Expense Claim,الموافقة على المصروفات إلزامية في مطالبة النفقات,
Payroll Settings,إعدادات دفع الرواتب,
Leave,غادر,
Max working hours against Timesheet,اقصى عدد ساعات عمل بسجل التوقيت,
Include holidays in Total no. of Working Days,العطلات تحسب من ضمن أيام العمل,
"If checked, Total no. of Working Days will include holidays, and this will reduce the value of Salary Per Day",إذا تم، المشاركات لا. من أيام عمل وسوف تشمل أيام العطل، وهذا سوف يقلل من قيمة الراتب لكل يوم,
"If checked, hides and disables Rounded Total field in Salary Slips",إذا تم تحديده ، يقوم بإخفاء وتعطيل حقل Rounded Total في قسائم الرواتب,
The fraction of daily wages to be paid for half-day attendance,جزء من الأجر اليومي الواجب دفعه مقابل حضور نصف يوم,
Email Salary Slip to Employee,إرسال كشف الراتب للموظفين بالبريد الالكتروني,
Emails salary slip to employee based on preferred email selected in Employee,ارسال كشف الراتب إلي البريد الاكتروني المفضل من قبل الموظف,
Encrypt Salary Slips in Emails,تشفير قسائم الرواتب في رسائل البريد الإلكتروني,
"The salary slip emailed to the employee will be password protected, the password will be generated based on the password policy.",سيتم حماية كلمة مرور المرسل بالبريد الإلكتروني للموظف ، وسيتم إنشاء كلمة المرور بناءً على سياسة كلمة المرور.,
Password Policy,سياسة كلمة المرور,
<b>Example:</b> SAL-{first_name}-{date_of_birth.year} <br>This will generate a password like SAL-Jane-1972,<b>مثال:</b> SAL- {first_name} - {date_of_birth.year} <br> سيؤدي هذا إلى إنشاء كلمة مرور مثل SAL-Jane-1972,
Leave Approval Notification Template,اترك قالب إعلام الموافقة,
Leave Status Notification Template,ترك قالب إعلام الحالة,
Role Allowed to Create Backdated Leave Application,الدور المسموح به لإنشاء تطبيق إجازة Backdated,
Leave Approver Mandatory In Leave Application,إجازة الموافقة إلزامية في طلب الإجازة,
Show Leaves Of All Department Members In Calendar,إظهار أوراق جميع أعضاء القسم في التقويم,
Auto Leave Encashment,إجازة مغادرة السيارات,
Hiring Settings,إعدادات التوظيف,
Check Vacancies On Job Offer Creation,التحقق من الوظائف الشاغرة عند إنشاء عرض العمل,
Identification Document Type,نوع وثيقة التعريف,
Effective from,ساري المفعول من,
Allow Tax Exemption,السماح بالإعفاء الضريبي,
"If enabled, Tax Exemption Declaration will be considered for income tax calculation.",في حالة التمكين ، سيتم النظر في إقرار الإعفاء الضريبي لحساب ضريبة الدخل.,
Standard Tax Exemption Amount,معيار الإعفاء الضريبي,
Taxable Salary Slabs,بلاطات الراتب الخاضعة للضريبة,
Taxes and Charges on Income Tax,الضرائب والرسوم على ضريبة الدخل,
Other Taxes and Charges,ضرائب ورسوم أخرى,
Income Tax Slab Other Charges,لوحة ضريبة الدخل رسوم أخرى,
Min Taxable Income,الحد الأدنى من الدخل الخاضع للضريبة,
Max Taxable Income,الحد الأقصى للدخل الخاضع للضريبة,
Applicant for a Job,المتقدم للحصول على وظيفة,
Job Opening,وظيفة شاغرة,
Cover Letter,محتويات الرسالة المرفقة,
Resume Attachment,السيرة الذاتية,
Job Applicant Source,مصدر طالب الوظيفة,
Applicant Email Address,عنوان البريد الإلكتروني للمتقدم,
Awaiting Response,انتظار الرد,
Job Offer Terms,شروط عرض الوظيفة,
Select Terms and Conditions,اختر الشروط والأحكام,
Job Offer Term,شرط عرض العمل,
Offer Term,شروط العرض,
Value / Description,القيمة / الوصف,
Description of a Job Opening,وصف وظيفة شاغرة,
Staffing Plan,خطة التوظيف,
Planned number of Positions,العدد المخطط للمناصب,
"Job profile, qualifications required etc.",الملف الوظيفي ، المؤهلات المطلوبة الخ,
HR-LAL-.YYYY.-,HR-LAL-.YYYY.-,
New Leaves Allocated,إنشاء تخصيص إجازة جديدة,
Add unused leaves from previous allocations,إضافة الاجازات غير المستخدمة من المخصصات السابقة,
Unused leaves,إجازات غير مستخدمة,
Total Leaves Allocated,إجمالي الاجازات المخصصة,
Total Leaves Encashed,اجمالي الاوراق مقطوعه,
Leave Period,اترك فترة,
Carry Forwarded Leaves,تحمل أوراق واحال,
Apply / Approve Leaves,تقديم / الموافقة على أجازة,
HR-LAP-.YYYY.-,HR-LAP-.YYYY.-,
Leave Balance Before Application,رصيد الاجازات قبل الطلب,
Total Leave Days,مجموع أيام الإجازة,
Leave Approver Name,أسم الموافق علي الاجازة,
Follow via Email,متابعة عبر البريد الإلكتروني,
Block Holidays on important days.,حظر الاجازات في الايام المهمة,
Leave Block List Name,اسم قائمة الإجازات المحظورة,
Applies to Company,ينطبق على شركة,
"If not checked, the list will have to be added to each Department where it has to be applied.",إذا لم يتم الاختيار، فان القائمة ستضاف إلى كل قسم حيث لابد من تطبيقها.,
Block Days,الأيام المحظورة,
Stop users from making Leave Applications on following days.,وقف المستخدمين من طلب إجازة في الأيام التالية.,
Leave Block List Dates,التواريخ الممنوع اخذ اجازة فيها,
Allow Users,السماح للمستخدمين,
Allow the following users to approve Leave Applications for block days.,السماح للمستخدمين التاليين للموافقة على طلبات الحصول على إجازة في الأيام المحظورة,
Leave Block List Allowed,قائمة اجازات محظورة مفعلة,
Leave Block List Allow,تفعيل قائمة الإجازات المحظورة,
Allow User,تسمح للمستخدم,
Leave Block List Date,تواريخ الإجازات المحظورة,
Block Date,تاريخ الحظر,
Leave Control Panel,لوحة تحكم الأجازات,
Employment Type (optional),نوع التوظيف (اختياري),
Branch (optional),فرع (اختياري),
Department (optional),قسم (اختياري),
Designation (optional),التعيين (اختياري),
Employee Grade (optional),درجة الموظف (اختياري),
Employee (optional),موظف (اختياري),
Allocate Leaves,تخصيص الأوراق,
Carry Forward,المضي قدما,
Please select Carry Forward if you also want to include previous fiscal year's balance leaves to this fiscal year,الرجاء تحديد المضي قدما إذا كنت تريد ان تتضمن اجازات السنة السابقة,
New Leaves Allocated (In Days),الإجازات الجديدة المخصصة (بالأيام),
Leave Balance,رصيد الاجازات,
Encashable days,أيام قابلة للتهيئة,
Encashment Amount,مبلغ مقطوع,
Leave Ledger Entry,ترك دخول دفتر الأستاذ,
Transaction Name,اسم المعاملة,
Is Carry Forward,هل تضاف في العام التالي,
Is Expired,منتهي الصلاحية,
Is Leave Without Pay,إجازة بدون راتب,
Holiday List for Optional Leave,قائمة العطلة للإجازة الاختيارية,
Leave Allocations,اترك المخصصات,
Leave Policy Details,اترك تفاصيل السياسة,
Leave Policy Detail,ترك سياسة التفاصيل,
Annual Allocation,التخصيص السنوي,
Leave Type Name,اسم نوع الاجازة,
Applicable After (Working Days),قابل للتطبيق بعد (أيام العمل),
Is Optional Leave,هو اجازة اختيارية,
Allow Negative Balance,السماح برصيد سالب,
Include holidays within leaves as leaves,ايام العطل التي ضمن الإجازات تحسب إجازة,
Is Compensatory,هو تعويض,
Maximum Carry Forwarded Leaves,الحد الأقصى لحمل الأوراق المعاد توجيهها,
Expire Carry Forwarded Leaves (Days),تنتهي صلاحية حمل الأوراق المرسلة (بالأيام),
Calculated in days,تحسب بالأيام,
Encashment,المدفوعات النقدية,
Allow Encashment,السماح بالصرف,
Encashment Threshold Days,أيام عتبة الاسترداد,
Earned Leave,إجازة مكتسبة,
Is Earned Leave,هو إجازة مكتسبة,
Earned Leave Frequency,تكرار الإجازات المكتسبة,
Rounding,التقريب,
Payroll Employee Detail,الرواتب الموظف التفاصيل,
Payroll Frequency,الدورة الزمنية لدفع الرواتب,
Fortnightly,مرة كل اسبوعين,
Bimonthly,نصف شهري,
Employees,الموظفين,
Number Of Employees,عدد الموظفين,
Employee Details,موظف تفاصيل,
Validate Attendance,التحقق من صحة الحضور,
Salary Slip Based on Timesheet,كشف الرواتب بناء على سجل التوقيت,
Deduct Tax For Unclaimed Employee Benefits,خصم الضريبة لمزايا الموظف غير المطالب بها,
Deduct Tax For Unsubmitted Tax Exemption Proof,خصم الضريبة للحصول على إعفاء من الضرائب غير معتمد,
Select Payment Account to make Bank Entry,اختار الحساب الذي سوف تدفع منه,
Salary Slips Created,تم استحداث كشوف الرواتب,
Salary Slips Submitted,قسائم الرواتب المقدمة,
Payroll Periods,فترات الرواتب,
Payroll Period Date,جدول الرواتب الفترة التاريخ,
Purpose of Travel,الغرض من السفر,
Retention Bonus,مكافأة الاحتفاظ,
Bonus Payment Date,تاريخ دفع المكافأة,
Bonus Amount,أجمالي المكافأة,
Depends on Payment Days,يعتمد على أيام الدفع,
Is Tax Applicable,هي ضريبة قابلة للتطبيق,
Variable Based On Taxable Salary,متغير على أساس الخاضع للضريبة,
Exempted from Income Tax,معفى من ضريبة الدخل,
Round to the Nearest Integer,جولة إلى أقرب عدد صحيح,
Statistical Component,العنصر الإحصائي,
"If selected, the value specified or calculated in this component will not contribute to the earnings or deductions. However, it's value can be referenced by other components that can be added or deducted. ",إذا تم تحديده، فإن القيمة المحددة أو المحسوبة في هذا المكون لن تساهم في الأرباح أو الاستقطاعات. ومع ذلك، فإنه يمكن الإشارة إلى القيمة من قبل المكونات الأخرى التي يمكن أن تضاف أو خصمها.,
Do Not Include in Total,لا تدرج في المجموع,
Flexible Benefits,فوائد مرنة,
Is Flexible Benefit,هو فائدة مرنة,
Max Benefit Amount (Yearly),أقصى فائدة المبلغ (سنويا),
Only Tax Impact (Cannot Claim But Part of Taxable Income),التأثير الضريبي فقط (لا يمكن المطالبة إلا جزء من الدخل الخاضع للضريبة),
Create Separate Payment Entry Against Benefit Claim,إنشاء إدخال دفع منفصل ضد مطالبات الاستحقاق,
Amount based on formula,القيمة بناءا على الصيغة,
Formula,صيغة,
Salary Detail,تفاصيل الراتب,
Component,مكون,
Do not include in total,لا تدرج في المجموع,
Default Amount,المبلغ الافتراضي,
Additional Amount,مبلغ إضافي,
Tax on flexible benefit,الضريبة على الفائدة المرنة,
Tax on additional salary,الضريبة على الراتب الإضافي,
Salary Structure,هيكل الراتب,
Working Days,أيام العمل,
Salary Slip Timesheet,كشف راتب معتمد علي سجل التوقيت,
Earnings,المستحقات,
Deductions,استقطاعات,
Total in words,إجمالي بالحروف,
Salary Component for timesheet based payroll.,مكون الراتب لكشف المرتبات المبنية على أساس سجلات التوقيت,
Leave Encashment Amount Per Day,ترك Encshment المبلغ لكل يوم,
Max Benefits (Amount),أقصى الفوائد (المبلغ),
Salary breakup based on Earning and Deduction.,تقسيم الراتب بناءَ على الكسب والاستقطاع.,
Total Earning,إجمالي الدخل,
Salary Structure Assignment,تعيين هيكل الراتب,
Shift Assignment,مهمة التحول,
Shift Type,نوع التحول,
Shift Request,طلب التغيير,
Enable Auto Attendance,تمكين الحضور التلقائي,
Mark attendance based on 'Employee Checkin' for Employees assigned to this shift.,حدد الحضور استنادًا إلى &quot;فحص الموظف&quot; للموظفين المعينين لهذا التحول.,
Auto Attendance Settings,إعدادات الحضور التلقائي,
Determine Check-in and Check-out,تحديد الوصول والمغادرة,
Alternating entries as IN and OUT during the same shift,بالتناوب إدخالات مثل IN و OUT خلال نفس التحول,
Strictly based on Log Type in Employee Checkin,يعتمد بشكل صارم على نوع السجل في فحص الموظف,
Working Hours Calculation Based On,ساعات العمل حساب على أساس,
First Check-in and Last Check-out,تسجيل الوصول الأول وتسجيل المغادرة الأخير,
Every Valid Check-in and Check-out,كل صالح في الاختيار والمغادرة,
Begin check-in before shift start time (in minutes),ابدأ تسجيل الوصول قبل وقت بدء التحول (بالدقائق),
The time before the shift start time during which Employee Check-in is considered for attendance.,الوقت الذي يسبق وقت بدء التحول الذي يتم خلاله فحص تسجيل الموظف للحضور.,
Allow check-out after shift end time (in minutes),السماح بتسجيل المغادرة بعد وقت انتهاء التحول (بالدقائق),
Time after the end of shift during which check-out is considered for attendance.,الوقت بعد نهاية النوبة التي يتم خلالها تسجيل المغادرة للحضور.,
Working Hours Threshold for Half Day,ساعات العمل عتبة لمدة نصف يوم,
Working hours below which Half Day is marked. (Zero to disable),ساعات العمل أدناه التي يتم وضع علامة نصف يوم. (صفر لتعطيل),
Working Hours Threshold for Absent,ساعات العمل عتبة الغياب,
Working hours below which Absent is marked. (Zero to disable),ساعات العمل أدناه التي يتم وضع علامة الغائب. (صفر لتعطيل),
Process Attendance After,عملية الحضور بعد,
Attendance will be marked automatically only after this date.,سيتم تمييز الحضور تلقائيًا بعد هذا التاريخ فقط.,
Last Sync of Checkin,آخر مزامنة للفحص,
Last Known Successful Sync of Employee Checkin. Reset this only if you are sure that all Logs are synced from all the locations. Please don't modify this if you are unsure.,آخر مزامنة ناجحة معروفة لفحص الموظف. أعد ضبط هذا فقط إذا كنت متأكدًا من مزامنة جميع السجلات من جميع المواقع. يرجى عدم تعديل هذا إذا كنت غير متأكد.,
Grace Period Settings For Auto Attendance,إعدادات فترة السماح للحضور التلقائي,
Enable Entry Grace Period,تمكين فترة السماح بالدخول,
Late Entry Grace Period,فترة سماح الدخول المتأخرة,
The time after the shift start time when check-in is considered as late (in minutes).,الوقت بعد وقت بدء التحول عندما يُعتبر تسجيل الوصول متأخرًا (بالدقائق).,
Enable Exit Grace Period,تمكين الخروج فترة سماح,
Early Exit Grace Period,الخروج المبكر فترة سماح,
The time before the shift end time when check-out is considered as early (in minutes).,الوقت الذي يسبق وقت نهاية التحول عندما يتم تسجيل المغادرة في وقت مبكر (بالدقائق).,
Skill Name,اسم المهارة,
Staffing Plan Detail,تفاصيل خطة التوظيف,
Total Estimated Budget,مجموع الميزانية التقديرية,
Vacancies,الشواغر,
Estimated Cost Per Position,التكلفة التقديرية لكل موضع,
Total Estimated Cost,مجموع التكلفة التقديرية,
Current Count,العدد الحالي,
Current Openings,الفتحات الحالية,
Number Of Positions,عدد المناصب,
Taxable Salary Slab,بلاطة الراتب الخاضع للضريبة,
From Amount,من الكمية,
To Amount,لكمية,
Percent Deduction,خصم في المئة,
Training Program,برنامج تدريب,
Event Status,حالة الحدث,
Has Certificate,لديه شهادة,
Seminar,ندوة,
Theory,نظرية,
Workshop,ورشة عمل,
Conference,مؤتمر,
Exam,امتحان,
Internet,الإنترنت,
Self-Study,دراسة ذاتية,
Advance,مقدما,
Trainer Name,اسم المدرب,
Trainer Email,بريد المدرب الإلكتروني,
Attendees,الحضور,
Employee Emails,رسائل البريد الإلكتروني للموظفين,
Training Event Employee,تدريب الموظف للحدث,
Invited,دعوة,
Feedback Submitted,تم تسليم التعليقات,
Training Result Employee,نتيجة تدريب الموظفين,
Travel Itinerary,خط سير الرحلة,
Travel From,السفر من,
Travel To,يسافر إلى,
Mode of Travel,طريقة السفر,
Flight,طيران,
Train,قطار,
Taxi,سيارة اجره,
Rented Car,سيارة مستأجرة,
Meal Preference,تفضيل الوجبة,
Vegetarian,نباتي,
Non-Vegetarian,غير نباتي,
Gluten Free,خالي من الغلوتين,
Non Diary,غير يوميات,
Travel Advance Required,سلف السفر المطلوبة,
Departure Datetime,موعد المغادرة,
Arrival Datetime,تارخ الوصول,
Lodging Required,الإقامة المطلوبة,
Preferred Area for Lodging,المنطقة المفضلة للسكن,
Check-in Date,تاريخ الوصول,
Check-out Date,موعد انتهاء الأقامة,
Travel Request,طلب السفر,
Travel Type,نوع السفر,
Domestic,المنزلي,
International,دولي,
Travel Funding,تمويل السفر,
Require Full Funding,يتطلب التمويل الكامل,
Fully Sponsored,برعاية كاملة,
"Partially Sponsored, Require Partial Funding",برعاية جزئية ، يتطلب التمويل الجزئي,
Copy of Invitation/Announcement,نسخة من الدعوة / الإعلان,
"Details of Sponsor (Name, Location)",تفاصيل الراعي (الاسم والموقع),
Identification Document Number,رقم وثيقة التعريف,
Any other details,أي تفاصيل أخرى,
Costing Details,تفاصيل التكاليف,
Event Details,تفاصيل الحدث,
Name of Organizer,اسم المنظم,
Address of Organizer,عنوان المنظم,
Travel Request Costing,تكاليف طلب السفر,
Expense Type,نوع المصاريف,
Sponsored Amount,المبلغ المساند,
Funded Amount,مبلغ التمويل,
Upload Attendance,رفع الحضور,
Attendance From Date,الحضور من تاريخ,
Attendance To Date,الحضور إلى تاريخ,
Get Template,الحصول على نموذج,
Import Attendance,سجل الحضور,
Upload HTML,رفع HTML,
HR-VLOG-.YYYY.-,HR-مدونة فيديو-.YYYY.-,
Odometer Reading,قراءة عداد المسافات,
Current Odometer value ,قيمة عداد المسافات الحالية,
Refuelling Details,تفاصيل إعادة التزود بالوقود,
Invoice Ref,مرجع الفاتورة,
Service Details,تفاصيل الخدمة,
Vehicle Service,خدمة المركبة,
Service Item,خدمة البند,
Brake Oil,زيت الفرامل,
Brake Pad,وسادة الفرامل,
Clutch Plate,صفائح التعشيق,
Engine Oil,زيت المحرك,
Oil Change,تغيير زيت,
Inspection,فحص,
Mileage,المسافة المقطوعة,
Salary Slip Loan,قرض كشف الراتب,
Loan Repayment Entry,إدخال سداد القرض,
May,مايو,
June,يونيو,
July,يوليو,
Bank Remittance,التحويلات المصرفية,
Daily Work Summary Replies,ملخص العمل اليومي الردود,
Employee Advance Summary,ملخص متقدم للموظف,
Employees working on a holiday,الموظفون يعملون في يوم العطلة,
Monthly Attendance Sheet,ورقة الحضور الشهرية,
Salary Register,راتب التسجيل,
Unpaid Expense Claim,غير المسددة المطالبة النفقات,
Payment Account is mandatory,حساب الدفع إلزامي,
"If checked, the full amount will be deducted from taxable income before calculating income tax without any declaration or proof submission.",إذا تم تحديده ، فسيتم خصم المبلغ بالكامل من الدخل الخاضع للضريبة قبل حساب ضريبة الدخل دون تقديم أي إعلان أو إثبات.,
In Time,في الوقت المناسب,
Out Time,وقت خروج,
Is Recurring,متكرر,
HRA Exemption,إعفاء HRA,
Monthly House Rent,الإيجار الشهري للمنزل,
Rented in Metro City,مستأجرة في مترو سيتي,
HRA as per Salary Structure,HRA حسب هيكل الرواتب,
Annual HRA Exemption,إعفاء HRA السنوي,
Monthly HRA Exemption,إعفاء HRA الشهري,
House Rent Payment Amount,مبلغ دفع إيجار المنزل,
Rented From Date,مؤجر من تاريخ,
Rented To Date,مؤجر حتى تاريخه,
Monthly Eligible Amount,المبلغ الشهري المؤهل,
Total Eligible HRA Exemption,إجمالي إعفاء HRA المؤهل,
Validating Employee Attendance...,التحقق من صحة حضور الموظف ...,
Submitting Salary Slips and creating Journal Entry...,تقديم قسائم الرواتب وإنشاء قيد دفتر اليومية ...,
Calculate Payroll Working Days Based On,حساب أيام عمل الرواتب على أساس,
Consider Unmarked Attendance As,ضع في اعتبارك الحضور غير المحدد باسم,
Fraction of Daily Salary for Half Day,جزء من الراتب اليومي لنصف يوم,
Component Type,نوع المكون,
Provident Fund,صندوق الادخار,
Additional Provident Fund,صندوق ادخار إضافي,
Provident Fund Loan,قرض صندوق الادخار,
Professional Tax,الضريبة المهنية,
Is Income Tax Component,هو مكون ضريبة الدخل,
Component properties and references ,خصائص المكونات والمراجع,
Additional Salary ,الراتب الإضافي,
Unmarked days,أيام غير محددة,
Absent Days,أيام الغياب,
Conditions and Formula variable and example,متغير الشروط والصيغة والمثال,
Income Tax Deductions,استقطاعات ضريبة الدخل,
Income Tax Component,مكون ضريبة الدخل,
Income Tax Amount,مبلغ ضريبة الدخل,
Unmarked Days,أيام غير محددة,
Jan,يناير,
Feb,فبراير,
Mar,مارس,
Apr,أبريل,
Aug,أغسطس,
Sep,سبتمبر,
Oct,أكتوبر,
Nov,نوفمبر,
Dec,ديسمبر,
Summarized View,عرض موجز,
Professional Tax Deductions,الخصومات الضريبية المهنية,
Provident Fund Deductions,خصومات صندوق الادخار,
Recruitment Analytics,تحليلات التوظيف,
Applicant name,اسم التطبيق,
Job Offer status,حالة عرض العمل,
On Date,في تاريخ,
Salary Payments Based On Payment Mode,دفع الرواتب على أساس طريقة الدفع,
Salary Payments via ECS,دفع الرواتب عبر ECS,
Account No,رقم الحساب,
IFSC,IFSC,
MICR,MICR,
PF Account,حساب PF,
PF Amount,مبلغ PF,
Additional PF,PF إضافية,
PF Loan,قرض PF,
Duplicate Entry,إدخال مكرر,
Please select Employee first.,الرجاء تحديد الموظف أولاً.,
To Date should be greater than From Date,يجب أن يكون إلى تاريخ أكبر من من تاريخ,
Job Offer: {0} is already for Job Applicant: {1},عرض الوظيفة: {0} مقدم بالفعل لمقدم طلب وظيفة: {1},
Only Shift Request with status 'Approved' and 'Rejected' can be submitted,يمكن فقط تقديم طلب التحول بالحالة &quot;موافق عليه&quot; و &quot;مرفوض&quot;,
Shift Assignment: {0} created for Employee: {1},واجب التحول: {0} تم إنشاؤه للموظف: {1},
You can not request for your Default Shift: {0},لا يمكنك طلب التحول الافتراضي الخاص بك: {0},
Only Approvers can Approve this Request.,الموافقون فقط هم من يمكنهم الموافقة على هذا الطلب.,
Please set Payroll based on in Payroll settings,يرجى تعيين كشوف المرتبات على أساس إعدادات الرواتب,
Additional Salary: {0} already exist for Salary Component: {1} for period {2} and {3},الراتب الإضافي: {0} موجود بالفعل لمكون الراتب: {1} للفترة {2} و {3},
Payroll date can not be less than employee's joining date.,لا يمكن أن يكون تاريخ كشوف المرتبات أقل من تاريخ انضمام الموظف.,
From date can not be less than employee's joining date.,من التاريخ لا يمكن أن يكون أقل من تاريخ انضمام الموظف.,
To date can not be greater than employee's relieving date.,حتى الآن لا يمكن أن يكون أكبر من تاريخ إعفاء الموظف.,
Payroll date can not be greater than employee's relieving date.,لا يمكن أن يكون تاريخ كشوف المرتبات أكبر من تاريخ إعفاء الموظف.,
Condition and formula,الشرط والصيغة,
Available Leaves,المغادارت والاجازات المتاحة,
IFSC Code,رمز IFSC,
Others,بدلات أخرى,
Total Allocated Leaves,مجموع الأوراق المخصصة,
Used Leaves,مغادرات مستخدمة,
PAN Number,رقم PAN,
Expired Leaves,أوراق منتهية الصلاحية,
