) for {0},) জন্য {0},
A {0} exists between {1} and {2} (,{1} এবং {2} এর মধ্যে একটি {0} বিদ্যমান,
Absent,অনুপস্থিত,
Accrual Journal Entry for salaries from {0} to {1},{0} থেকে {1} পর্যন্ত বেতন জন্য আগমন জার্নাল এন্ট্রি,
Add to Details,বিস্তারিত যোগ করুন,
Added to details,বিস্তারিত যোগ করা হয়েছে,
All Jobs,সকল চাকরি,
Allocated Leaves,বরাদ্দকৃত পাতা,
Annual Salary,বার্ষিক বেতন,
Application period cannot be across two allocation records,অ্যাপ্লিকেশন সময়সীমা দুটি বরাদ্দ রেকর্ড জুড়ে হতে পারে না,
Application period cannot be outside leave allocation period,আবেদনের সময় বাইরে ছুটি বরাদ্দ সময়ের হতে পারে না,
Apply Now,এখন আবেদন কর,
Apprentice,শিক্ষানবিস,
Approval Status,অনুমোদন অবস্থা,
Approval Status must be 'Approved' or 'Rejected',অনুমোদন অবস্থা &#39;অনুমোদিত&#39; বা &#39;পরিত্যক্ত&#39; হতে হবে,
As per your assigned Salary Structure you cannot apply for benefits,আপনার নিয়োগপ্রাপ্ত বেতন গঠন অনুযায়ী আপনি বেনিফিটের জন্য আবেদন করতে পারবেন না,
Assign,দায়িত্ব অর্পণ করা,
Assign Salary Structure,বেতন কাঠামো নিযুক্ত করুন,
Assign to Employees,কর্মীদের নিয়োগ করুন,
Assigning Structures...,কাঠামো বরাদ্দ করা হচ্ছে ...,
Attendance,উপস্থিতি,
Attendance From Date and Attendance To Date is mandatory,জন্ম তারিখ এবং উপস্থিত এ্যাটেনডেন্স বাধ্যতামূলক,
Attendance for employee {0} is already marked for this day,কর্মচারী {0} জন্য এ্যাটেনডেন্স ইতিমধ্যে এই দিনের জন্য চিহ্নিত করা হয়,
Attendance not submitted for {0} as it is a Holiday.,এটি একটি হলিডে হিসাবে {0} জন্য উপস্থিতি জমা না,
Bank Entries,ব্যাংক দাখিলা,
Base,ভিত্তি,
Beginner,শিক্ষানবিস,
Birthday Reminder,জন্মদিন অনুস্মারক,
Bonus Payment Date cannot be a past date,বোনাস প্রদানের তারিখ একটি অতীতের তারিখ হতে পারে না,
Calls,কল,
Cannot find active Leave Period,সক্রিয় ছাড়ের সময়কাল খুঁজে পাওয়া যাবে না,
Casual Leave,নৈমিত্তিক ছুটি,
Claimed Amount,দাবি করা পরিমাণ,
Compensatory Off,পূরক অফ,
Contact Number,যোগাযোগ নম্বর,
Course,পথ,
Create Disbursement Entry,বিতরণ এন্ট্রি তৈরি করুন,
Create Salary Slip,বেতন স্লিপ তৈরি,
Create Salary Slips,বেতন স্লিপ তৈরি করুন,
Creating Payment Entries......,পেমেন্ট নিবন্ধন তৈরি করা ......,
Creating Salary Slips...,বেতন স্লিপ তৈরি করা হচ্ছে ...,
Current,বর্তমান,
Current Job Openings,বর্তমান জব,
Daily Work Summary,দৈনন্দিন কাজ সারাংশ,
Daily Work Summary Group,দৈনিক কার্য সারসংক্ষেপ গ্রুপ,
Date is repeated,তারিখ পুনরাবৃত্তি করা হয়,
Debit A/C Number,ডেবিট এ / সি নম্বর,
Deduction,সিদ্ধান্তগ্রহণ,
Document Status,নথির অবস্থা,
Earning,রোজগার,
Employee A/C Number,কর্মচারী এ / সি নম্বর,
Employee Benefits,কর্মচারীর সুবিধা,
Employee Grade,কর্মচারী গ্রেড,
Employee Referral,কর্মচারী রেফারেল,
Employee relieved on {0} must be set as 'Left',{0} নির্ধারণ করা আবশ্যক উপর অব্যাহতিপ্রাপ্ত কর্মচারী &#39;বাম&#39; হিসাবে,
Employee {0} already submited an apllication {1} for the payroll period {2},কর্মচারী {0} ইতিমধ্যে payroll সময়ের {2} জন্য একটি anpllication {1} জমা দিয়েছে,
Employee {0} has no maximum benefit amount,কর্মচারী {0} এর সর্বাধিক বেনিফিট পরিমাণ নেই,
Employee {0} is not active or does not exist,{0} কর্মচারী সক্রিয় নয় বা কোন অস্তিত্ব নেই,
Employee {0} is on Leave on {1},কর্মচারী {0} ছেড়ে চলে গেছে {1},
Employee {0} on Half day on {1},কর্মচারী {0} হাফ দিনে {1},
End time cannot be before start time,শেষ সময় আরম্ভের সময়ের আগে হতে পারে না,
Evaluation,মূল্যায়ন,
Event Location,ইভেন্ট অবস্থান,
Event Name,অনুষ্ঠানের নাম,
Expense Claim for Vehicle Log {0},যানবাহন লগিন জন্য ব্যয় দাবি {0},
Expense Claim {0} already exists for the Vehicle Log,ব্যয় দাবি {0} ইতিমধ্যে জন্য যানবাহন লগ বিদ্যমান,
Fill the form and save it,ফর্ম পূরণ করুন এবং এটি সংরক্ষণ,
Filter Employees By (Optional),দ্বারা ফিল্টার কর্মচারী (ptionচ্ছিক),
Fiscal Year {0} not found,অর্থবছরের {0} পাওয়া যায়নি,
Food,খাদ্য,
For Employee,কর্মী,
From Date {0} cannot be after employee's relieving Date {1},তারিখ থেকে {0} কর্মী এর relieving তারিখ {1} পরে হতে পারে না,
From Date {0} cannot be before employee's joining Date {1},তারিখ থেকে {0} কর্মী এর যোগদান তারিখ {1} আগে হতে পারে না,
From date can not be less than employee's joining date,তারিখ থেকে কর্মী এর যোগদান তারিখ কম হতে পারে না,
Fuel Price,জ্বালানীর দাম,
Fuel Qty,জ্বালানীর Qty,
Full-time,ফুল টাইম,
Future dates not allowed,ভবিষ্যতের তারিখগুলি অনুমোদিত নয়,
Get Details From Declaration,ঘোষণা থেকে বিশদ পান Get,
Get Employees,কর্মচারী পান,
Gross Pay,গ্রস পে,
Guest,অতিথি,
Half Day,অর্ধদিবস,
Half Day Date is mandatory,অর্ধ দিবসের তারিখ বাধ্যতামূলক,
Half Day Date should be between From Date and To Date,অর্ধদিবস তারিখ তারিখ থেকে এবং তারিখ থেকে মধ্যবর্তী হওয়া উচিত,
Half Day Date should be in between Work From Date and Work End Date,কাজের তারিখ এবং কাজের শেষ তারিখের মধ্যে অর্ধ দিবসের তারিখ হওয়া উচিত,
Half day date should be in between from date and to date,ছয় দিনের তারিখ তারিখ এবং তারিখের মধ্যে থাকা উচিত,
Hello,হ্যালো,
House rent paid days overlapping with {0},বাড়ির ভাড়া দিন {0} সঙ্গে overlapping দিন,
House rented dates required for exemption calculation,ছাড়ের গণনা জন্য প্রয়োজন গৃহীত ভাড়া তারিখ,
House rented dates should be atleast 15 days apart,হাউস ভাড়া দেওয়া তারিখ কমপক্ষে 15 দিন হওয়া উচিত,
Interest Amount,সুদের পরিমাণ,
Intern,অন্তরীণ করা,
Job Description,কাজের বর্ণনা,
Job Offer,কাজের প্রস্তাব,
Jobs,জবস,
Leave Approval Notification,অনুমোদন বিজ্ঞপ্তি ত্যাগ করুন,
Leave Blocked,ত্যাগ অবরুদ্ধ,
Leave Encashment,নগদীকরণ ত্যাগ,
Leave Status Notification,শর্তাবলী |,
Leave Type,ছুটি টাইপ,
Leave Type is madatory,বাতিল প্রকার মাদ্রাসা,
Leave Type {0} cannot be allocated since it is leave without pay,ত্যাগ প্রকার {0} বরাদ্দ করা যাবে না যেহেতু এটা বিনা বেতনে ছুটি হয়,
Leave Type {0} cannot be carry-forwarded,{0} বহন-ফরওয়ার্ড করা যাবে না প্রকার ত্যাগ,
Leave Type {0} is not encashable,বাতিল প্রকার {0} নগদীকরণযোগ্য নয়,
Leave Without Pay,পারিশ্রমিক বিহীন ছুটি,
"Leave cannot be allocated before {0}, as leave balance has already been carry-forwarded in the future leave allocation record {1}","আগে বরাদ্দ করা না যাবে ছেড়ে {0}, ছুটি ভারসাম্য ইতিমধ্যে হ্যান্ড ফরওয়ার্ড ভবিষ্যতে ছুটি বরাদ্দ রেকর্ড হয়েছে হিসাবে {1}",
"Leave cannot be applied/cancelled before {0}, as leave balance has already been carry-forwarded in the future leave allocation record {1}","ছুটি ভারসাম্য ইতিমধ্যে হ্যান্ড ফরওয়ার্ড ভবিষ্যতে ছুটি বরাদ্দ রেকর্ড হয়েছে হিসাবে, আগে {0} বাতিল / প্রয়োগ করা যাবে না ছেড়ে {1}",
Leave of type {0} cannot be longer than {1},ধরনের ছুটি {0} চেয়ে বেশি হতে পারেনা {1},
Leaves,পত্রাদি,
Leaves Allocated Successfully for {0},সাফল্যের বরাদ্দ পাতার {0},
Leaves per Year,প্রতি বছর পত্রাদি,
Lifecycle,জীবনচক্র,
Mark Attendance,মার্ক এ্যাটেনডেন্স,
Max Exemption Amount cannot be greater than maximum exemption amount {0} of Tax Exemption Category {1},সর্বোচ্চ ছাড়ের পরিমাণ ট্যাক্স ছাড় বিভাগের {0} সর্বোচ্চ ছাড়ের পরিমাণ {0} থেকে বেশি হতে পারে না।,
Max benefits should be greater than zero to dispense benefits,বেনিফিট বিতরণের জন্য সর্বোচ্চ বেনিফিট শূন্যের চেয়ে বেশি হতে হবে,
Maximum amount eligible for the component {0} exceeds {1},{0} উপাত্তের জন্য সর্বোচ্চ পরিমাণ {1} অতিক্রম করে,
Maximum benefit amount of component {0} exceeds {1},{0} উপাদানের সর্বাধিক সুবিধা পরিমাণ ছাড়িয়ে গেছে {1},
Maximum benefit amount of employee {0} exceeds {1},কর্মীর সর্বাধিক সুবিধা পরিমাণ {0} অতিক্রম করে {1},
Maximum leave allowed in the leave type {0} is {1},{0} ছুটির প্রকারে অনুমোদিত সর্বাধিক ছুটি হল {1},
Medical,মেডিকেল,
Mode of payment is required to make a payment,পেমেন্ট মোড একটি পেমেন্ট করতে প্রয়োজন বোধ করা হয়,
More than one selection for {0} not allowed,{0} এর জন্য একাধিক নির্বাচন অনুমোদিত নয়,
Net Pay,নেট বেতন,
Net Pay cannot be less than 0,নিট পে 0 কম হতে পারে না,
Net Salary Amount,নেট বেতনের পরিমাণ,
Net pay cannot be negative,নেট বেতন নেতিবাচক হতে পারে না,
No Employee Found,কোন কর্মচারী খুঁজে পাওয়া যায়নি,
No Salary Structure assigned for Employee {0} on given date {1},প্রদত্ত তারিখের {0} কর্মচারীর জন্য নির্ধারিত কোন বেতন কাঠামো {1},
No Staffing Plans found for this Designation,এই পদবী জন্য কোন স্টাফিং পরিকল্পনা পাওয়া যায় নি,
No active or default Salary Structure found for employee {0} for the given dates,প্রদত্ত তারিখ জন্য কর্মচারী {0} জন্য পাওয়া যায়নি সক্রিয় বা ডিফল্ট বেতন কাঠামো,
No more updates,আর কোনো আপডেট,
No replies from,থেকে কোন জবাব,
No salary slip found to submit for the above selected criteria OR salary slip already submitted,কোনও বেতন স্লিপ পাওয়া যায় নিচের নির্বাচিত মানদণ্ডের জন্য অথবা ইতিমধ্যে জমা দেওয়া বেতন স্লিপের জন্য,
Nothing to change,পরিবর্তন করতে কিছুই নেই,
Notice Period,বিজ্ঞপ্তি সময়কাল,
Only Leave Applications with status 'Approved' and 'Rejected' can be submitted,শুধু ত্যাগ অবস্থা অ্যাপ্লিকেশন অনুমোদিত &#39;&#39; এবং &#39;প্রত্যাখ্যাত&#39; জমা করা যেতে পারে,
Optional Holiday List not set for leave period {0},ঐচ্ছিক ছুটির তালিকা ছাড়ের সময়কালের জন্য নির্ধারিত {0},
Part-time,খন্ডকালীন,
Password policy for Salary Slips is not set,বেতন স্লিপগুলির জন্য পাসওয়ার্ড নীতি সেট করা নেই,
Payment Days,পেমেন্ট দিন,
Payment of {0} from {1} to {2},{1} থেকে {2} পর্যন্ত {0} অর্থ প্রদান,
Payroll,বেতনের,
Payroll Number,বেতন সংখ্যা,
Piecework,ফুরণ,
Please add the remaining benefits {0} to any of the existing component,বিদ্যমান কম্পোনেন্টের যেকোনো একটিতে {1} অবশিষ্ট সুবিধার যোগ করুন,
Please confirm once you have completed your training,আপনি একবার আপনার প্রশিক্ষণ সম্পন্ন হয়েছে নিশ্চিত করুন,
Please enable default incoming account before creating Daily Work Summary Group,ডেইলি ওয়ার্ক সামার গ্রুপ তৈরি করার আগে ডিফল্ট ইনকামিং অ্যাকাউন্ট সক্ষম করুন,
Please select Company and Designation,দয়া করে কোম্পানি এবং মনোনীত নির্বাচন করুন,
Please select Employee,কর্মচারী নির্বাচন করুন,
Please select a csv file,একটি CSV ফাইল নির্বাচন করুন,
Please set default template for Leave Approval Notification in HR Settings.,এইচআর সেটিংস এ অনুমোদন বিজ্ঞপ্তি বরখাস্ত করতে ডিফল্ট টেমপ্লেট সেট করুন।,
Please set default template for Leave Status Notification in HR Settings.,এইচআর সেটিংসে স্থিতি বিজ্ঞপ্তি ত্যাগের জন্য ডিফল্ট টেমপ্লেটটি সেট করুন।,
Please set the Company,কোম্পানির সেট করুন,
Please set the Date Of Joining for employee {0},কর্মচারী জন্য যোগদানের তারিখ সেট করুন {0},
Please share your feedback to the training by clicking on 'Training Feedback' and then 'New',প্রশিক্ষণ &#39;প্রতিক্রিয়া&#39; এবং তারপর &#39;নতুন&#39; ক্লিক করে প্রশিক্ষণ আপনার প্রতিক্রিয়া ভাগ করুন,
Please update your status for this training event,এই প্রশিক্ষণ ইভেন্টের জন্য আপনার অবস্থা আপডেট করুন,
Present,বর্তমান,
Preview Salary Slip,প্রি বেতন স্লিপ,
Privilege Leave,সুবিধা বাতিল ছুটি,
Probation,পরীক্ষাকাল,
Probationary Period,অবেক্ষাধীন সময়ের,
Property,সম্পত্তি,
Property already added,সম্পত্তি ইতিমধ্যে যোগ করা,
Replies,জবাব,
Responsibilities,দায়িত্ব,
Role,ভূমিকা,
Row {0}# Allocated amount {1} cannot be greater than unclaimed amount {2},সারি {0} # বরাদ্দকৃত পরিমাণ {1} দাবি না করা পরিমাণের চেয়ে বড় হতে পারে না {2},
Row {0}# Paid Amount cannot be greater than requested advance amount,সারি {0} # অর্থপ্রদত্ত পরিমাণ অনুরোধকৃত অগ্রিম পরিমাণের চেয়ে বেশি হতে পারে না,
Salary Slip ID,বেতন স্লিপ আইডি,
Salary Slip of employee {0} already created for this period,কর্মচারীর বেতন স্লিপ {0} ইতিমধ্যে এই সময়ের জন্য সৃষ্টি,
Salary Slip of employee {0} already created for time sheet {1},কর্মচারীর বেতন স্লিপ {0} ইতিমধ্যে সময় শীট জন্য নির্মিত {1},
Salary Structure Assignment for Employee already exists,কর্মচারীদের বেতন বেতন কাঠামো ইতিমধ্যে বিদ্যমান,
Salary Structure Missing,বেতন কাঠামো অনুপস্থিত,
Salary Structure not found for employee {0} and date {1},কর্মী গঠন {0} এবং তারিখ {1} জন্য বেতন গঠন পাওয়া যায় নি,
Salary Structure should have flexible benefit component(s) to dispense benefit amount,বেনিফিটের পরিমাণ বিতরণের জন্য বেতন কাঠামোর নমনীয় সুবিধা উপাদান (গুলি) থাকা উচিত,
"Salary already processed for period between {0} and {1}, Leave application period cannot be between this date range.","বেতন ইতিমধ্যে মধ্যে {0} এবং {1}, আবেদন সময়ের ত্যাগ এই তারিখ সীমার মধ্যে হতে পারে না সময়ের জন্য প্রক্রিয়া.",
Sanctioned Amount cannot be greater than Claim Amount in Row {0}.,অনুমোদিত পরিমাণ সারি মধ্যে দাবি করে বেশি পরিমাণে হতে পারে না {0}.,
Score must be less than or equal to 5,স্কোর 5 থেকে কম বা সমান হবে,
Select Property,সম্পত্তি নির্বাচন করুন,
Select an employee to get the employee advance.,কর্মচারী অগ্রিম পেতে একটি কর্মচারী নির্বাচন করুন,
Service Expense,পরিষেবা ব্যায়ের,
Show Employee,কর্মচারী দেখান,
Show Salary Slip,বেতন দেখান স্লিপ,
Sick Leave,অসুস্থতাজনিত ছুটি,
"Skipping Salary Structure Assignment for the following employees, as Salary Structure Assignment records already exists against them. {0}","নিম্নলিখিত কর্মীদের জন্য বেতন কাঠামো অ্যাসাইনমেন্ট এড়িয়ে যাওয়া, কারণ তাদের বিরুদ্ধে বেতন কাঠামোর নিয়োগের রেকর্ড ইতিমধ্যে বিদ্যমান। {0}",
Staffing Plan {0} already exist for designation {1},স্টাফিং প্ল্যান {0} ইতিমধ্যে পদায়ন জন্য বিদ্যমান {1},
"Start and end dates not in a valid Payroll Period, cannot calculate {0}","একটি বৈধ Payroll সময়ের মধ্যে শুরু এবং শেষ তারিখগুলি, {0} গণনা করতে পারে না",
"Start and end dates not in a valid Payroll Period, cannot calculate {0}.","শুরু এবং শেষ তারিখ একটি বৈধ বেতন খোলার না, গণনা করা যাবে না {0}।",
Stock Options,বিকল্প তহবিল,
Structures have been assigned successfully,কাঠামোগুলি সাফল্যের সাথে বরাদ্দ করা হয়েছে,
Submit Proof,প্রুফ জমা দিন,
Submit Salary Slip,বেতন স্লিপ জমা,
Submit this to create the Employee record,কর্মচারীর রেকর্ড তৈরির জন্য এটি জমা দিন,
Submitting Salary Slips...,বেতন স্লিপ জমা ...,
Team Updates,টিম আপডেট,
Thank you,তোমাকে ধন্যবাদ,
The day(s) on which you are applying for leave are holidays. You need not apply for leave.,"আপনি ছুটি জন্য আবেদন করেন, যা প্রথম দিন (গুলি) ছুটির হয়. আপনি চলে জন্য আবেদন করার প্রয়োজন নেই.",
There are more holidays than working days this month.,কার্যদিবসের তুলনায় আরো ছুটির এই মাস আছে.,
There is no leave period in between {0} and {1},{0} এবং {1} এর মধ্যে কোনও ছুটির সময় নেই,
This is based on the attendance of this Employee,এই কর্মচারী উপস্থিতি উপর ভিত্তি করে,
This will submit Salary Slips and create accrual Journal Entry. Do you want to proceed?,এটি বেতন স্লিপ জমা দেবে এবং জার্নাল এণ্ট্রি তৈরি করবে। আপনি কি এগিয়ে যেতে চান?,
To date can not be equal or less than from date,তারিখ থেকে তারিখ থেকে সমান বা কম হতে পারে না,
To date can not be less than from date,তারিখ থেকে তারিখ থেকে কম হতে পারে না,
To date can not greater than employee's relieving date,তারিখ থেকে কর্মী এর relieving তারিখ তুলনায় বড় না করতে পারেন,
Total Absent,মোট অনুপস্থিত,
Total Deduction,মোট সিদ্ধান্তগ্রহণ,
Total Leaves,মোট পাতা,
Total Present,মোট বর্তমান,
Total advance amount cannot be greater than total sanctioned amount,মোট অগ্রিম পরিমাণ মোট অনুমোদিত পরিমাণের চেয়ে বেশি হতে পারে না,
Total flexible benefit component amount {0} should not be less than max benefits {1},মোট নমনীয় সুবিধা উপাদান পরিমাণ {0} সর্বোচ্চ সুবিধাগুলির চেয়ে কম হওয়া উচিত নয় {1},
Total leaves allocated is mandatory for Leave Type {0},বন্টন প্রকারের {0} জন্য বরাদ্দকৃত মোট পাতার বাধ্যতামূলক,
Total working hours should not be greater than max working hours {0},মোট কাজ ঘন্টা সর্বোচ্চ কর্মঘন্টা চেয়ে বেশী করা উচিত হবে না {0},
Training,প্রশিক্ষণ,
Training Event,প্রশিক্ষণ ইভেন্ট,
Training Events,প্রশিক্ষণ ইভেন্টস,
Training Feedback,প্রশিক্ষণ প্রতিক্রিয়া,
Training Result,প্রশিক্ষণ ফল,
Travel,ভ্রমণ,
Update Response,প্রতিক্রিয়া আপডেট করুন,
Value missing,মূল্য অনুপস্থিত,
Variable,পরিবর্তনশীল,
Walk In,প্রবেশ,
Warning: Leave application contains following block dates,সতর্কতা: ছুটি আবেদন নিম্নলিখিত ব্লক তারিখ রয়েছে,
Website Listing,ওয়েবসাইট লিস্টিং,
Work Summary for {0},{0} এর জন্য কাজ সারাংশ,
You are not authorized to approve leaves on Block Dates,আপনি ব্লক তারিখগুলি উপর পাতার অনুমোদন যথাযথ অনুমতি নেই,
You are not present all day(s) between compensatory leave request days,আপনি ক্ষতিপূরণমূলক ছুটি অনুরোধ দিনের মধ্যে সমস্ত দিন (গুলি) উপস্থিত না হয়,
You can only submit Leave Encashment for a valid encashment amount,আপনি কেবলমাত্র একটি বৈধ নগদ পরিমাণের জন্য নগদ নগদীকরণ জমা দিতে পারেন,
{0} already allocated for Employee {1} for period {2} to {3},{0} ইতিমধ্যে কর্মচারী জন্য বরাদ্দ {1} সময়ের {2} জন্য {3},
{0} applicable after {1} working days,{0} কার্যদিবসের পরে {1} প্রযোজ্য,
{0} is not in Optional Holiday List,{0} ঐচ্ছিক ছুটির তালিকাতে নেই,
{0} is not in a valid Payroll Period,{0} একটি বৈধ পলল সময়ের মধ্যে নেই,
{0} must be submitted,{0} জমা দিতে হবে,
"{0}: Employee email not found, hence email not sent","{0}: কর্মচারী ইমেল পাওয়া যায়নি, অত: পর না পাঠানো ই-মেইল",
{0}: From {0} of type {1},{0}: টাইপ {1} এর {0} থেকে,
Conditions,পরিবেশ,
Percent,শতাংশ,
Error in some rows,কিছু সারিতে ত্রুটি,
Benefit,সুবিধা,
Shift,পরিবর্তন,
Importing {0} of {1},{1} এর {0} আমদানি করা হচ্ছে,
'employee_field_value' and 'timestamp' are required.,&#39;কর্মচারী_ফিল্ড_ভ্যালু&#39; এবং &#39;টাইমস্ট্যাম্প&#39; প্রয়োজনীয়।,
Allocation Expired!,বরাদ্দের মেয়াদ শেষ!,
Attendance Marked,উপস্থিতি চিহ্নিত,
Attendance has been marked as per employee check-ins,কর্মচারী চেক-ইন হিসাবে উপস্থিতি চিহ্নিত করা হয়েছে,
Date Range,তারিখের পরিসীমা,
Event Link,ইভেন্ট লিঙ্ক,
Expire Allocation,বরাদ্দের মেয়াদ শেষ,
Fuel Expense,জ্বালানী ব্যয়,
Intermediate,অন্তর্বর্তী,
Leave application is linked with leave allocations {0}. Leave application cannot be set as leave without pay,ছুটির অ্যাপ্লিকেশনটি ছুটির বরাদ্দ {0 with এর সাথে যুক্ত} বিনা বেতনে ছুটির আবেদন নির্ধারণ করা যাবে না,
Log Type is required for check-ins falling in the shift: {0}.,শিফটে পড়ে চেক-ইনগুলির জন্য লগ প্রকারের প্রয়োজন: {0}},
No Employee found for the given employee field value. '{}': {},প্রদত্ত কর্মচারীর ক্ষেত্রের মানটির জন্য কোনও কর্মচারী পাওয়া যায় নি। &#39;{}&#39;: {,
No Leaves Allocated to Employee: {0} for Leave Type: {1},কোনও কর্মচারীকে বরাদ্দ নেই: ছুটির প্রকারের জন্য {0:: {1},
Only expired allocation can be cancelled,কেবল মেয়াদোত্তীর্ণ বরাদ্দ বাতিল হতে পারে,
Only users with the {0} role can create backdated leave applications,কেবলমাত্র {0} ভূমিকাযুক্ত ব্যবহারকারীরা ব্যাকটেড ছুটির অ্যাপ্লিকেশন তৈরি করতে পারেন,
Password policy cannot contain spaces or simultaneous hyphens. The format will be restructured automatically,পাসওয়ার্ড নীতিতে ফাঁকা স্থান বা একসাথে হাইফেন থাকতে পারে না। ফর্ম্যাটটি স্বয়ংক্রিয়ভাবে পুনর্গঠিত হবে,
Please enter the designation,উপাধি প্রবেশ করুন,
There are no vacancies under staffing plan {0},কর্মী পরিকল্পনা under 0 under এর অধীনে কোনও শূন্যপদ নেই,
This employee already has a log with the same timestamp.{0},এই কর্মচারীর ইতিমধ্যে একই টাইমস্ট্যাম্পের একটি লগ রয়েছে {0},
Timing,টাইমিং,
To date needs to be before from date,তারিখের তারিখের আগে হওয়া দরকার,
Total Early Exits,মোট প্রাথমিক প্রস্থান,
Total Late Entries,মোট দেরী এন্ট্রি,
Training Event:,প্রশিক্ষণ ইভেন্ট:,
Unable to find Salary Component {0},বেতন উপাদান find 0 find সন্ধান করতে অক্ষম,
Unmarked Attendance for days,কয়েক দিনের জন্য অচিহ্নিত উপস্থিতি,
Vacancies cannot be lower than the current openings,শূন্যপদগুলি বর্তমান খোলার চেয়ে কম হতে পারে না,
{} is an invalid Attendance Status.,{an একটি অবৈধ উপস্থিতি স্থিতি।,
Printed On,মুদ্রিত উপর,
No employee found,কোন কর্মচারী খুঁজে পাওয়া যায়নি,
Please setup Employee Naming System in Human Resource > HR Settings,মানব সম্পদ&gt; এইচআর সেটিংসে কর্মচারীর নামকরণ সিস্টেমটি সেটআপ করুন set,
Please setup numbering series for Attendance via Setup > Numbering Series,দয়া করে সেটআপ&gt; নম্বরিং সিরিজের মাধ্যমে উপস্থিতির জন্য সংখ্যায়ন সিরিজটি সেট করুন,
Current Odometer Value should be greater than Last Odometer Value {0},বর্তমান ওডোমিটার মান সর্বশেষ ওডোমিটার মান {0 than এর চেয়ে বেশি হওয়া উচিত,
No additional expenses has been added,কোন অতিরিক্ত ব্যয় যুক্ত করা হয়নি,
{0} already exists for employee {1} and period {2},Employee 0 employee ইতিমধ্যে কর্মচারী {1} এবং সময়কাল exists 2} এর জন্য বিদ্যমান,
Leaves Allocated,পাতা বরাদ্দ,
Leave Without Pay does not match with approved {} records,বেতন ব্যতীত ছেড়ে দিন অনুমোদিত}} রেকর্ডগুলির সাথে মেলে না,
Income Tax Slab not set in Salary Structure Assignment: {0},বেতন কাঠামো অ্যাসাইনমেন্টে আয়কর স্ল্যাব সেট করা হয়নি: {0},
Income Tax Slab: {0} is disabled,আয়কর স্ল্যাব: {0 disabled অক্ষম,
Income Tax Slab must be effective on or before Payroll Period Start Date: {0},আয়কর স্ল্যাব অবশ্যই পে-রোল সময়কাল শুরু হওয়ার আগে বা তার আগে কার্যকর হতে হবে: {0},
No leave record found for employee {0} on {1},Employee 1} এর উপর কর্মচারী {0} এর জন্য কোনও ছুটির রেকর্ড পাওয়া যায়নি,
Row {0}: {1} is required in the expenses table to book an expense claim.,ব্যয় দাবি বুক করতে ব্যয় সারণীতে সারি {0}: {1 required প্রয়োজন।,
Set the default account for the {0} {1},{0} {1} এর জন্য ডিফল্ট অ্যাকাউন্ট সেট করুন,
(Half Day),(অর্ধেক দিন),
Income Tax Slab,আয়কর স্ল্যাব,
Row #{0}: Cannot set amount or formula for Salary Component {1} with Variable Based On Taxable Salary,সারি # {0}: করযোগ্য বেতনের উপর নির্ভরশীল ভেরিয়েবলের সাথে বেতন উপাদান Comp 1} এর জন্য পরিমাণ বা সূত্র সেট করতে পারে না,
Repay From Salary can be selected only for term loans,বেতন থেকে পরিশোধ কেবল মেয়াদী loansণের জন্য নির্বাচন করা যেতে পারে,
Salary Component Account,বেতন কম্পোনেন্ট অ্যাকাউন্ট,
Default Bank / Cash account will be automatically updated in Salary Journal Entry when this mode is selected.,ডিফল্ট ব্যাংক / ক্যাশ অ্যাকাউন্ট স্বয়ংক্রিয়ভাবে যখন এই মোড নির্বাচন করা হয় বেতন জার্নাল এন্ট্রিতে আপডেট করা হবে.,
Result,ফল,
Total Score,সম্পূর্ণ ফলাফল,
Joining Date,যোগদান তারিখ,
Publish on website,ওয়েবসাইটে প্রকাশ,
Application Status,আবেদনপত্রের অবস্থা,
IN,ভিতরে,
Remind Before,আগে স্মরণ করিয়ে দিন,
Reminded,মনে করানো,
Additional Salary,অতিরিক্ত বেতন,
HR-ADS-.YY.-.MM.-,এইচআর-বিজ্ঞাপন-.YY .-। MM.-,
Salary Component,বেতন কম্পোনেন্ট,
Overwrite Salary Structure Amount,বেতন কাঠামো উপর ওভাররাইট পরিমাণ,
Deduct Full Tax on Selected Payroll Date,নির্বাচিত বেতন-হারের তারিখে সম্পূর্ণ কর ছাড় করুন,
Payroll Date,পলল তারিখ,
Salary Component Type,বেতন কম্পোনেন্ট প্রকার,
Appointment Letter,নিয়োগপত্র,
Appointment Date,সাক্ষাৎকারের তারিখ,
Appointment Letter Template,অ্যাপয়েন্টমেন্ট লেটার টেম্পলেট,
Closing Notes,নোটস বন্ধ,
Appointment Letter content,অ্যাপয়েন্টমেন্ট পত্রের বিষয়বস্তু,
Appraisal,গুণগ্রাহিতা,
HR-APR-.YY.-.MM.,HR-APR-.YY.-.MM।,
For Employee Name,কর্মচারীর নাম জন্য,
Goals,গোল,
Total Score (Out of 5),(5 এর মধ্যে) মোট স্কোর,
"Any other remarks, noteworthy effort that should go in the records.","অন্য কোন মন্তব্য, রেকর্ড মধ্যে যেতে হবে যে উল্লেখযোগ্য প্রচেষ্টা.",
Appraisal Goal,মূল্যায়ন গোল,
Key Responsibility Area,কী দায়িত্ব ফোন,
Weightage (%),গুরুত্ব (%),
Score (0-5),স্কোর (0-5),
Score Earned,স্কোর অর্জিত,
Appraisal Template Title,মূল্যায়ন টেমপ্লেট শিরোনাম,
Appraisal Template Goal,মূল্যায়ন টেমপ্লেট গোল,
KRA,Kra,
Key Performance Area,কী পারফরমেন্স ফোন,
HR-ATT-.YYYY.-,এইচআর-এটিটি-.YYYY.-,
On Leave,ছুটিতে,
Work From Home,বাসা থেকে কাজ,
Leave Application,আবেদন কর,
Attendance Date,এ্যাটেনডেন্স তারিখ,
Attendance Request,আবেদনের অনুরোধ,
Late Entry,দেরীতে প্রবেশ,
Early Exit,প্রারম্ভিক প্রস্থান,
Half Day Date,অর্ধদিবস তারিখ,
On Duty,কাজে আছি,
Explanation,ব্যাখ্যা,
Compensatory Leave Request,ক্ষতিপূরণ অফার অনুরোধ,
Leave Allocation,অ্যালোকেশন ত্যাগ,
Worked On Holiday,হলিডে উপর কাজ,
Work From Date,তারিখ থেকে কাজ,
Work End Date,কাজ শেষ তারিখ,
Email Sent To,ইমেইল পাঠানো,
Select Users,ব্যবহারকারী নির্বাচন করুন,
Send Emails At,ইমেইল পাঠান এ,
Reminder,অনুস্মারক,
Daily Work Summary Group User,দৈনিক কার্য সারসংক্ষেপ গ্রুপ ব্যবহারকারী,
email,ইমেল,
Department Approver,ডিপার্টমেন্ট অফার,
Approver,রাজসাক্ষী,
Designation Skill,পদবী দক্ষতা,
Skill,দক্ষতা,
Leave Policy,ত্যাগ করুন নীতি,
Salary Details,বেতন বিবরণ,
HR-EAD-.YYYY.-,এইচআর-EAD-.YYYY.-,
Claimed,দাবি করা,
Employee Attendance Tool,কর্মী হাজিরা টুল,
Unmarked Attendance,অচিহ্নিত এ্যাটেনডেন্স,
Employees HTML,এমপ্লয়িজ এইচটিএমএল,
Marked Attendance,চিহ্নিত এ্যাটেনডেন্স,
Marked Attendance HTML,চিহ্নিত এ্যাটেনডেন্স এইচটিএমএল,
Employee Benefit Application,কর্মচারী বেনিফিট অ্যাপ্লিকেশন,
Max Benefits (Yearly),সর্বোচ্চ বেনিফিট (বার্ষিক),
Remaining Benefits (Yearly),অবশিষ্ট বেনিফিট (বার্ষিক),
Payroll Period,পলল সময়কাল,
Dispensed Amount (Pro-rated),অসম্পূর্ণ পরিমাণ (প্রি-রেট),
Employee Benefit Application Detail,কর্মচারী বেনিফিট আবেদন বিস্তারিত,
Earning Component,উপার্জন কম্পোনেন্ট,
Pay Against Benefit Claim,বেনিফিট দাবি বিরুদ্ধে পে,
Max Benefit Amount,সর্বোচ্চ বেনিফিট পরিমাণ,
Employee Benefit Claim,কর্মচারী বেনিফিট দাবি,
Claim Date,দাবি তারিখ,
Claim Benefit For,জন্য বেনিফিট দাবি,
Max Amount Eligible,সর্বোচ্চ পরিমাণ যোগ্য,
Expense Proof,ব্যয় প্রুফ,
Employee Boarding Activity,কর্মচারী বোর্ডিং কার্যকলাপ,
Activity Name,কার্যকলাপ নাম,
Required for Employee Creation,কর্মচারী সৃষ্টির জন্য প্রয়োজনীয়,
Applicable in the case of Employee Onboarding,কর্মচারী অনবোর্ডিং ক্ষেত্রে প্রযোজ্য,
Employee Checkin,কর্মচারী চেক ইন,
Log Type,লগ প্রকার,
OUT,আউট,
Location / Device ID,অবস্থান / ডিভাইস আইডি,
Skip Auto Attendance,অটো উপস্থিতি বাদ দিন,
Shift Start,শিফট শুরু,
Shift End,শিফট শেষ,
Shift Actual Start,শিফট আসল শুরু,
Shift Actual End,শিফট আসল সমাপ্তি,
Default Salary Structure,ডিফল্ট বেতন গঠন,
Employee Health Insurance,কর্মচারী স্বাস্থ্য বীমা,
Health Insurance Name,স্বাস্থ্য বীমা নাম,
Employee Incentive,কর্মচারী উদ্দীপক,
Incentive Amount,ইনসেনটিভ পরিমাণ,
Employee Onboarding,কর্মচারী অনবোর্ডিং,
Notify users by email,ইমেল দ্বারা ব্যবহারকারীদের অবহিত,
Employee Onboarding Template,কর্মচারী অনবোর্ডিং টেমপ্লেট,
Employee Other Income,কর্মচারী অন্যান্য আয়,
Employee Promotion,কর্মচারী প্রচার,
Promotion Date,প্রচারের তারিখ,
Employee Promotion Details,কর্মচারী প্রচার বিবরণ,
Employee Property History,কর্মচারী সম্পত্তি ইতিহাস,
Employee Separation,কর্মচারী বিচ্ছেদ,
Employee Separation Template,কর্মচারী বিচ্ছেদ টেমপ্লেট,
Exit Interview Summary,সাক্ষাৎকারের সারাংশ বের করুন,
Employee Skill,কর্মচারী দক্ষতা,
Proficiency,দক্ষতা,
Evaluation Date,মূল্যায়ন তারিখ,
Employee Skill Map,কর্মচারী দক্ষতার মানচিত্র,
Employee Skills,কর্মচারী দক্ষতা,
Trainings,প্রশিক্ষণ,
Employee Tax Exemption Category,কর্মচারী ট্যাক্স ছাড়করণ বিভাগ,
Max Exemption Amount,সর্বাধিক ছাড়ের পরিমাণ,
Employee Tax Exemption Declaration,কর্মচারী ট্যাক্স মোছা ঘোষণা,
Declarations,ঘোষণা,
Total Declared Amount,মোট ঘোষিত পরিমাণ,
Total Exemption Amount,মোট আদায় পরিমাণ,
Employee Tax Exemption Declaration Category,কর্মচারী ট্যাক্স মোছা ঘোষণা বিভাগ,
Exemption Sub Category,অব্যাহতি উপ বিভাগ,
Exemption Category,অব্যাহতি বিভাগ,
Maximum Exempted Amount,সর্বোচ্চ ছাড়ের পরিমাণ,
Declared Amount,ঘোষিত পরিমাণ,
Employee Tax Exemption Proof Submission,কর্মচারী ট্যাক্স ছাড় প্রুফ জমা,
Submission Date,জমাদানের তারিখ,
Tax Exemption Proofs,কর অব্যাহতি প্রমাণ,
Total Actual Amount,মোট আসল পরিমাণ,
Employee Tax Exemption Proof Submission Detail,কর্মচারী ট্যাক্স ছাড় ছাড় প্রুফ জমা বিস্তারিত,
Maximum Exemption Amount,সর্বাধিক ছাড়ের পরিমাণ,
Type of Proof,প্রমাণের প্রকার,
Actual Amount,প্রকৃত পরিমাণ,
Employee Tax Exemption Sub Category,কর্মচারী ট্যাক্স মোছা সাব ক্যাটাগরি,
Tax Exemption Category,কর অব্যাহতি বিভাগ,
Employee Training,কর্মচারী প্রশিক্ষণ,
Training Date,প্রশিক্ষণের তারিখ,
Employee Transfer,কর্মচারী ট্রান্সফার,
Transfer Date,তারিখ স্থানান্তর,
Employee Transfer Details,কর্মচারী স্থানান্তর বিবরণ,
Employee Transfer Detail,কর্মচারী ট্রান্সফার বিস্তারিত,
Re-allocate Leaves,পুনঃ বরাদ্দ পাতা,
Create New Employee Id,নতুন কর্মচারী আইডি তৈরি করুন,
New Employee ID,নতুন কর্মচারী আইডি,
HR-EXP-.YYYY.-,এইচআর-EXP-.YYYY.-,
Expense Taxes and Charges,ব্যয় কর এবং চার্জ,
Total Sanctioned Amount,মোট অনুমোদিত পরিমাণ,
Total Advance Amount,মোট অগ্রিম পরিমাণ,
Total Claimed Amount,দাবি মোট পরিমাণ,
Total Amount Reimbursed,মোট পরিমাণ শিশুবের,
Vehicle Log,যানবাহন লগ,
Employees Email Id,এমপ্লয়িজ ইমেইল আইডি,
More Details,আরো বিস্তারিত,
Expense Claim Account,ব্যয় দাবি অ্যাকাউন্ট,
Expense Claim Advance,ব্যয় দাবি আগাম,
Expense Claim Detail,ব্যয় দাবি বিস্তারিত,
Expense Date,ব্যয় তারিখ,
Expense Claim Type,ব্যয় দাবি প্রকার,
HR Settings,এইচআর সেটিংস,
Employee Settings,কর্মচারী সেটিংস,
Expense Approver Mandatory In Expense Claim,ব্যয় দাবি মধ্যে ব্যয়বহুল ব্যয়বহুল,
Payroll Settings,বেতনের সেটিংস,
Leave,ছেড়ে দিন,
Max working hours against Timesheet,ম্যাক্স শ্রমিকের খাটুনিঘণ্টা লিপিবদ্ধ কার্ড বিরুদ্ধে কাজ ঘন্টা,
Include holidays in Total no. of Working Days,কোন মোট মধ্যে ছুটির অন্তর্ভুক্ত. কার্যদিবসের,
"If checked, Total no. of Working Days will include holidays, and this will reduce the value of Salary Per Day","চেক করা থাকলে, মোট কোন. কার্যদিবসের ছুটির অন্তর্ভুক্ত করা হবে, এবং এই বেতন প্রতি দিন মূল্য কমাতে হবে",
"If checked, hides and disables Rounded Total field in Salary Slips","যদি চেক করা থাকে, বেতন স্লিপগুলিতে গোলাকার মোট ক্ষেত্রটি লুকায় ও অক্ষম করে",
The fraction of daily wages to be paid for half-day attendance,অর্ধ-দিন উপস্থিতির জন্য দৈনিক মজুরির ভগ্নাংশ প্রদান করতে হবে,
Email Salary Slip to Employee,কর্মচারী ইমেল বেতন স্লিপ,
Emails salary slip to employee based on preferred email selected in Employee,কর্মচারী থেকে ইমেল বেতন স্লিপ কর্মচারী নির্বাচিত পছন্দসই ই-মেইল উপর ভিত্তি করে,
Encrypt Salary Slips in Emails,ইমেলগুলিতে বেতন স্লিপগুলি এনক্রিপ্ট করুন,
"The salary slip emailed to the employee will be password protected, the password will be generated based on the password policy.","কর্মচারীকে ইমেল করা বেতনের স্লিপটি পাসওয়ার্ড সুরক্ষিত থাকবে, পাসওয়ার্ড নীতিমালার ভিত্তিতে পাসওয়ার্ড তৈরি করা হবে।",
Password Policy,পাসওয়ার্ড নীতি,
<b>Example:</b> SAL-{first_name}-{date_of_birth.year} <br>This will generate a password like SAL-Jane-1972,<b>উদাহরণ:</b> স্যাল- {প্রথম নাম} - {তারিখের_পরে জন্ম দিন। <br> এটি SAL-Jane-1972 এর মতো একটি পাসওয়ার্ড তৈরি করবে,
Leave Approval Notification Template,অনুমোদন বিজ্ঞপ্তি টেমপ্লেট ছাড়াই,
Leave Status Notification Template,শর্তাবলী,
Role Allowed to Create Backdated Leave Application,ব্যাকটেড লিভ অ্যাপ্লিকেশন তৈরি করার জন্য ভূমিকা অনুমোদিত,
Leave Approver Mandatory In Leave Application,আবেদন ত্যাগ করুন,
Show Leaves Of All Department Members In Calendar,ক্যালেন্ডারে সকল বিভাগের সদস্যদের তালিকা দেখান,
Auto Leave Encashment,অটো ছেড়ে দিন এনক্যাশমেন্ট,
Hiring Settings,নিয়োগের সেটিংস,
Check Vacancies On Job Offer Creation,কাজের অফার তৈরিতে শূন্যপদগুলি পরীক্ষা করুন,
Identification Document Type,সনাক্তকরণ নথি প্রকার,
Effective from,কার্যকর হবে,
Allow Tax Exemption,কর ছাড়ের অনুমতি দিন,
"If enabled, Tax Exemption Declaration will be considered for income tax calculation.","সক্ষম করা থাকলে, কর ছাড়ের ঘোষণাটি আয়কর গণনার জন্য বিবেচিত হবে।",
Standard Tax Exemption Amount,স্ট্যান্ডার্ড ট্যাক্স ছাড়ের পরিমাণ,
Taxable Salary Slabs,করযোগ্য বেতন স্ল্যাব,
Taxes and Charges on Income Tax,আয়কর উপর কর এবং চার্জ,
Other Taxes and Charges,অন্যান্য কর এবং চার্জ,
Income Tax Slab Other Charges,আয়কর স্ল্যাব অন্যান্য চার্জ,
Min Taxable Income,ন্যূনতম করযোগ্য আয়,
Max Taxable Income,সর্বাধিক করযোগ্য আয়,
Applicant for a Job,একটি কাজের জন্য আবেদনকারী,
Job Opening,কর্মখালির,
Cover Letter,কাভার লেটার,
Resume Attachment,পুনঃসূচনা সংযুক্তি,
Job Applicant Source,কাজের আবেদনকারী উত্স,
Applicant Email Address,আবেদনকারী ইমেল ঠিকানা,
Awaiting Response,প্রতিক্রিয়ার জন্য অপেক্ষা,
Job Offer Terms,কাজের প্রস্তাব শর্তাবলী,
Select Terms and Conditions,নির্বাচন শর্তাবলী,
Job Offer Term,কাজের অফার টার্ম,
Offer Term,অপরাধ টার্ম,
Value / Description,মূল্য / বিবরণ:,
Description of a Job Opening,একটি কাজের খোলার বর্ণনা,
Staffing Plan,স্টাফিং প্ল্যান,
Planned number of Positions,পরিকল্পিত সংখ্যা অবস্থান,
"Job profile, qualifications required etc.","পেশা প্রফাইল, যোগ্যতা প্রয়োজন ইত্যাদি",
HR-LAL-.YYYY.-,এইচআর-LAL-.YYYY.-,
New Leaves Allocated,নতুন পাতার বরাদ্দ,
Add unused leaves from previous allocations,আগের বরাদ্দ থেকে অব্যবহৃত পাতার করো,
Unused leaves,অব্যবহৃত পাতার,
Total Leaves Allocated,মোট পাতার বরাদ্দ,
Total Leaves Encashed,মোট পাতা,
Leave Period,ছেড়ে দিন,
Carry Forwarded Leaves,ফরোয়ার্ড পাতার বহন,
Apply / Approve Leaves,পাতার অনুমোদন / প্রয়োগ,
HR-LAP-.YYYY.-,এইচআর-ভাঁজ-.YYYY.-,
Leave Balance Before Application,আবেদন করার আগে ব্যালান্স ত্যাগ,
Total Leave Days,মোট ছুটি দিন,
Leave Approver Name,রাজসাক্ষী নাম,
Follow via Email,ইমেইলের মাধ্যমে অনুসরণ করুন,
Block Holidays on important days.,গুরুত্বপূর্ণ দিন অবরোধ ছুটির দিন.,
Leave Block List Name,ব্লক তালিকা নাম,
Applies to Company,প্রতিষ্ঠানের ক্ষেত্রে প্রযোজ্য,
"If not checked, the list will have to be added to each Department where it has to be applied.","সংযত না হলে, তালিকা থেকে এটি প্রয়োগ করা হয়েছে যেখানে প্রতিটি ডিপার্টমেন্ট যোগ করা হবে.",
Block Days,ব্লক দিন,
Stop users from making Leave Applications on following days.,নিম্নলিখিত দিন ছুটি অ্যাপ্লিকেশন তৈরি করা থেকে ব্যবহারকারীদের বিরত থাকুন.,
Leave Block List Dates,ব্লক তালিকা তারিখগুলি ছেড়ে,
Allow Users,ব্যবহারকারীদের মঞ্জুরি,
Allow the following users to approve Leave Applications for block days.,নিম্নলিখিত ব্যবহারকারীদের ব্লক দিনের জন্য চলে যায় অ্যাপ্লিকেশন অনুমোদন করার অনুমতি দিন.,
Leave Block List Allowed,ব্লক তালিকা প্রেজেন্টেশন ত্যাগ,
Leave Block List Allow,ব্লক মঞ্জুর তালিকা ত্যাগ,
Allow User,অনুমতি,
Leave Block List Date,ব্লক তালিকা তারিখ ত্যাগ,
Block Date,ব্লক তারিখ,
Leave Control Panel,কন্ট্রোল প্যানেল ছেড়ে চলে,
Employment Type (optional),কাজের ধরণ (alচ্ছিক),
Branch (optional),শাখা (alচ্ছিক),
Department (optional),বিভাগ (alচ্ছিক),
Designation (optional),পদবি (alচ্ছিক),
Employee Grade (optional),কর্মী গ্রেড (optionচ্ছিক),
Employee (optional),কর্মচারী (alচ্ছিক),
Allocate Leaves,পাতা বরাদ্দ করুন,
Carry Forward,সামনে আগাও,
Please select Carry Forward if you also want to include previous fiscal year's balance leaves to this fiscal year,এছাড়াও আপনি আগের অর্থবছরের ভারসাম্য এই অর্থবছরের ছেড়ে অন্তর্ভুক্ত করতে চান তাহলে এগিয়ে দয়া করে নির্বাচন করুন,
New Leaves Allocated (In Days),(দিন) বরাদ্দ নতুন পাতার,
Leave Balance,ব্যালেন্স ছেড়ে দিন,
Encashable days,এনক্যাশেবল দিন,
Encashment Amount,এনক্যাশমেন্ট পরিমাণ,
Leave Ledger Entry,লেজার এন্ট্রি ছেড়ে দিন,
Transaction Name,লেনদেনের নাম,
Is Carry Forward,এগিয়ে বহন করা হয়,
Is Expired,মেয়াদ উত্তীর্ণ,
Is Leave Without Pay,বিনা বেতনে ছুটি হয়,
Holiday List for Optional Leave,ঐচ্ছিক তালিকার জন্য হলিডে তালিকা,
Leave Allocations,বরাদ্দ ছেড়ে দিন,
Leave Policy Details,শর্তাবলী |,
Leave Policy Detail,নীতি বিস্তারিত বিবরণ ছেড়ে দিন,
Annual Allocation,বার্ষিক বরাদ্দ,
Leave Type Name,প্রকার নাম ত্যাগ,
Applicable After (Working Days),প্রযোজ্য পরে (কার্য দিবস),
Is Optional Leave,ঐচ্ছিক ছুটি,
Allow Negative Balance,ঋণাত্মক ব্যালান্স মঞ্জুরি,
Include holidays within leaves as leaves,পাতার হিসাবে পাতার মধ্যে ছুটির অন্তর্ভুক্ত,
Is Compensatory,ক্ষতিপূরণ হয়,
Maximum Carry Forwarded Leaves,সর্বাধিক বহনযোগ্য পাতাগুলি বহন করুন,
Expire Carry Forwarded Leaves (Days),ফরোয়ার্ড পাতাগুলি বহনের মেয়াদ শেষ (দিন),
Calculated in days,দিন গণনা করা,
Encashment,নগদীকরণ,
Allow Encashment,অনুমোদন মঞ্জুর করুন,
Encashment Threshold Days,এনক্যাশমেন্ট থ্রেশহোল্ড ডে,
Earned Leave,অর্জিত ছুটি,
Is Earned Leave,আর্কাইভ,
Earned Leave Frequency,আয়ের ছুটি ফ্রিকোয়েন্সি,
Rounding,রাউন্ডইং,
Payroll Employee Detail,বেতন কর্মী বিস্তারিত,
Payroll Frequency,বেতনের ফ্রিকোয়েন্সি,
Fortnightly,পাক্ষিক,
Bimonthly,দ্বিমাসিক,
Employees,এমপ্লয়িজ,
Number Of Employees,কর্মচারীর সংখ্যা,
Employee Details,কর্মচারী বিবরণ,
Validate Attendance,এ্যাটেনডেন্স যাচাই করুন,
Salary Slip Based on Timesheet,বেতন স্লিপ শ্রমিকের খাটুনিঘণ্টা লিপিবদ্ধ কার্ড উপর ভিত্তি করে,
Deduct Tax For Unclaimed Employee Benefits,দখলকৃত কর্মচারী বেনিফিটের জন্য কর আদায়,
Deduct Tax For Unsubmitted Tax Exemption Proof,Unsubmitted কর ছাড় ছাড়ের জন্য ট্যাক্স আদায়,
Select Payment Account to make Bank Entry,নির্বাচন পেমেন্ট একাউন্ট ব্যাংক এণ্ট্রি করতে,
Salary Slips Created,বেতন স্লিপ তৈরি,
Salary Slips Submitted,বেতন স্লিপ জমা,
Payroll Periods,পেরোল কালার,
Payroll Period Date,পলল মেয়াদ তারিখ,
Purpose of Travel,ভ্রমণের উদ্দেশ্য,
Retention Bonus,প্রতিরক্ষা বোনাস,
Bonus Payment Date,বোনাস প্রদানের তারিখ,
Bonus Amount,বোনাস পরিমাণ,
Depends on Payment Days,পেমেন্টের দিনগুলিতে নির্ভর করে,
Is Tax Applicable,ট্যাক্স প্রযোজ্য,
Variable Based On Taxable Salary,করযোগ্য বেতন উপর ভিত্তি করে পরিবর্তনশীল,
Exempted from Income Tax,আয়কর থেকে অব্যাহতিপ্রাপ্ত,
Round to the Nearest Integer,নিকটতম পূর্ণসংখ্যার রাউন্ড,
Statistical Component,পরিসংখ্যানগত কম্পোনেন্ট,
"If selected, the value specified or calculated in this component will not contribute to the earnings or deductions. However, it's value can be referenced by other components that can be added or deducted. ","নির্বাচিত হলে, নির্দিষ্ট, এই উপাদানটি হিসাব মান উপার্জন বা কর্তন অবদান করা হবে না। যাইহোক, এটা মান অন্যান্য উপাদান যে যোগ অথবা বাদ করা যেতে পারে রেফারেন্সড হতে পারে।",
Do Not Include in Total,মোট অন্তর্ভুক্ত করবেন না,
Flexible Benefits,নমনীয় উপকারিতা,
Is Flexible Benefit,নমনীয় সুবিধা,
Max Benefit Amount (Yearly),সর্বোচ্চ বেনিফিট পরিমাণ (বার্ষিক),
Only Tax Impact (Cannot Claim But Part of Taxable Income),শুধুমাত্র ট্যাক্স প্রভাব (করযোগ্য আয়ের দাবি নাও করতে পারে),
Create Separate Payment Entry Against Benefit Claim,বেনিফিট দাবির বিরুদ্ধে পৃথক পেমেন্ট এন্ট্রি তৈরি করুন,
Amount based on formula,সূত্র উপর ভিত্তি করে পরিমাণ,
Formula,সূত্র,
Salary Detail,বেতন বিস্তারিত,
Component,উপাদান,
Do not include in total,মোট অন্তর্ভুক্ত করবেন না,
Default Amount,ডিফল্ট পরিমাণ,
Additional Amount,অতিরিক্ত পরিমাণ,
Tax on flexible benefit,নমনীয় বেনিফিট ট্যাক্স,
Tax on additional salary,অতিরিক্ত বেতন কর,
Salary Structure,বেতন কাঠামো,
Working Days,কর্মদিবস,
Salary Slip Timesheet,বেতন স্লিপ শ্রমিকের খাটুনিঘণ্টা লিপিবদ্ধ কার্ড,
Earnings,উপার্জন,
Deductions,Deductions,
Total in words,কথায় মোট,
Salary Component for timesheet based payroll.,শ্রমিকের খাটুনিঘণ্টা লিপিবদ্ধ কার্ড ভিত্তিক মাইনে জন্য বেতন কম্পোনেন্ট.,
Leave Encashment Amount Per Day,ছুটির নগদ নগদ পরিমাণ প্রতি দিন,
Max Benefits (Amount),সর্বোচ্চ বেনিফিট (পরিমাণ),
Salary breakup based on Earning and Deduction.,আদায় এবং সিদ্ধান্তগ্রহণ উপর ভিত্তি করে বেতন ছুটি.,
Total Earning,মোট আয়,
Salary Structure Assignment,বেতন কাঠামো অ্যাসাইনমেন্ট,
Shift Assignment,শিফট অ্যাসাইনমেন্ট,
Shift Type,Shift প্রকার,
Shift Request,শিফট অনুরোধ,
Enable Auto Attendance,স্বয়ংক্রিয় উপস্থিতি সক্ষম করুন,
Mark attendance based on 'Employee Checkin' for Employees assigned to this shift.,এই শিফ্টে অর্পিত কর্মচারীদের জন্য &#39;কর্মচারী চেকইন&#39; ভিত্তিক উপস্থিতি চিহ্নিত করুন।,
Auto Attendance Settings,স্বয়ংক্রিয় উপস্থিতি সেটিংস,
Determine Check-in and Check-out,চেক-ইন এবং চেক-আউট নির্ধারণ করুন,
Alternating entries as IN and OUT during the same shift,একই শিফটের সময় IN এবং OUT হিসাবে বিকল্প এন্ট্রিগুলি,
Strictly based on Log Type in Employee Checkin,কঠোরভাবে কর্মচারী চেক ইন লগ টাইপ উপর ভিত্তি করে,
Working Hours Calculation Based On,ওয়ার্কিং আওয়ারস গণনা ভিত্তিক,
First Check-in and Last Check-out,প্রথম চেক ইন এবং শেষ চেক আউট,
Every Valid Check-in and Check-out,প্রতিটি বৈধ চেক ইন এবং চেক আউট,
Begin check-in before shift start time (in minutes),শিফ্ট শুরুর সময় (মিনিটের মধ্যে) আগে চেক ইন শুরু,
The time before the shift start time during which Employee Check-in is considered for attendance.,শিফট শুরুর আগে যে সময়টিতে কর্মচারী চেক-ইন উপস্থিতির জন্য বিবেচিত হয়।,
Allow check-out after shift end time (in minutes),শিফট শেষ সময় (মিনিটের মধ্যে) পরে চেক আউট করার অনুমতি দিন,
Time after the end of shift during which check-out is considered for attendance.,শিফট শেষ হওয়ার পরে সময় যাচাইয়ের জন্য চেক আউট হিসাবে বিবেচিত হয়।,
Working Hours Threshold for Half Day,অর্ধ দিনের জন্য কার্যদিবসের সময়সীমা,
Working hours below which Half Day is marked. (Zero to disable),কাজের সময় যার নীচে অর্ধ দিন চিহ্নিত করা হয়। (অক্ষম করার জন্য জিরো),
Working Hours Threshold for Absent,অনুপস্থিত থাকার জন্য ওয়ার্কিং আওয়ারস থ্রেশহোল্ড,
Working hours below which Absent is marked. (Zero to disable),কাজের সময় যার নিচে অনুপস্থিত চিহ্নিত করা হয়েছে। (অক্ষম করার জন্য জিরো),
Process Attendance After,প্রক্রিয়া উপস্থিতি পরে,
Attendance will be marked automatically only after this date.,উপস্থিতি কেবল এই তারিখের পরে স্বয়ংক্রিয়ভাবে চিহ্নিত করা হবে।,
Last Sync of Checkin,চেকইনের শেষ সিঙ্ক,
Last Known Successful Sync of Employee Checkin. Reset this only if you are sure that all Logs are synced from all the locations. Please don't modify this if you are unsure.,কর্মচারী চেকিনের সর্বশেষ জ্ঞাত সফল সিঙ্ক। আপনি যদি নিশ্চিত হন যে সমস্ত লগগুলি সমস্ত অবস্থান থেকে সিঙ্ক করা হয়েছে তবেই এটি পুনরায় সেট করুন। আপনি যদি অনিশ্চিত হন তবে দয়া করে এটি সংশোধন করবেন না।,
Grace Period Settings For Auto Attendance,স্বয়ংক্রিয় উপস্থিতির জন্য গ্রেস পিরিয়ড সেটিংস,
Enable Entry Grace Period,এন্ট্রি গ্রেস পিরিয়ড সক্ষম করুন,
Late Entry Grace Period,দেরীতে প্রবেশ গ্রেস পিরিয়ড,
The time after the shift start time when check-in is considered as late (in minutes).,শিফ্ট শুরুর পরে সময়টি যখন চেক ইনকে দেরী (মিনিটের মধ্যে) হিসাবে বিবেচনা করা হয়।,
Enable Exit Grace Period,ছাড়ার গ্রেস পিরিয়ড সক্ষম করুন,
Early Exit Grace Period,প্রারম্ভিক প্রস্থান গ্রেস পিরিয়ড,
The time before the shift end time when check-out is considered as early (in minutes).,শিফট সমাপ্তির আগে সময়টি যখন চেক-আউটকে তাড়াতাড়ি (মিনিটের মধ্যে) বিবেচনা করা হয়।,
Skill Name,দক্ষতার নাম,
Staffing Plan Detail,স্টাফিং প্ল্যান বিস্তারিত,
Total Estimated Budget,মোট আনুমানিক বাজেট,
Vacancies,খালি,
Estimated Cost Per Position,অবস্থান প্রতি আনুমানিক খরচ,
Total Estimated Cost,মোট আনুমানিক খরচ,
Current Count,বর্তমান গণনা,
Current Openings,বর্তমান প্রারম্ভ,
Number Of Positions,অবস্থানের সংখ্যা,
Taxable Salary Slab,করযোগ্য বেতন স্ল্যাব,
From Amount,পরিমাণ থেকে,
To Amount,মূল্যে,
Percent Deduction,শতকরা হার,
Training Program,প্রশিক্ষণ প্রোগ্রাম,
Event Status,ইভেন্ট স্থিতি,
Has Certificate,শংসাপত্র আছে,
Seminar,সেমিনার,
Theory,তত্ত্ব,
Workshop,কারখানা,
Conference,সম্মেলন,
Exam,পরীক্ষা,
Internet,ইন্টারনেটের,
Self-Study,নিজ পাঠ,
Advance,আগাম,
Trainer Name,প্রশিক্ষকদের নাম,
Trainer Email,প্রশিক্ষকদের ইমেইল,
Attendees,অংশগ্রহণকারীগণ,
Employee Emails,কর্মচারী ইমেইলের,
Training Event Employee,প্রশিক্ষণ ইভেন্ট কর্মচারী,
Invited,আমন্ত্রিত,
Feedback Submitted,প্রতিক্রিয়া জমা দেওয়া হয়েছে,
Training Result Employee,প্রশিক্ষণ ফল কর্মচারী,
Travel Itinerary,ভ্রমণের সুনির্দিষ্ট পরিকল্পনা,
Travel From,থেকে ভ্রমণ,
Travel To,ভ্রমন করা,
Mode of Travel,ভ্রমণের মোড,
Flight,ফ্লাইট,
Train,রেলগাড়ি,
Taxi,ট্যাক্সি,
Rented Car,ভাড়া গাড়ি,
Meal Preference,খাবারের পছন্দসমূহ,
Vegetarian,নিরামিষ,
Non-Vegetarian,মাংসাশি,
Gluten Free,লতা বিনামূল্যে,
Non Diary,অ ডায়েরি,
Travel Advance Required,ভ্রমণ অগ্রগতি প্রয়োজন,
Departure Datetime,প্রস্থান ডেটটাইম,
Arrival Datetime,আগমন ডেটাটাইম,
Lodging Required,লোডিং প্রয়োজন,
Preferred Area for Lodging,লোডিং জন্য পছন্দের ক্ষেত্র,
Check-in Date,চেক ইন তারিখ,
Check-out Date,তারিখ চেক আউট,
Travel Request,ভ্রমণের অনুরোধ,
Travel Type,ভ্রমণের ধরন,
Domestic,গার্হস্থ্য,
International,আন্তর্জাতিক,
Travel Funding,ভ্রমণ তহবিল,
Require Full Funding,সম্পূর্ণ অর্থায়ন প্রয়োজন,
Fully Sponsored,সম্পূর্ণ স্পনসর,
"Partially Sponsored, Require Partial Funding","আংশিকভাবে স্পনসর্ড, আংশিক অর্থায়ন প্রয়োজন",
Copy of Invitation/Announcement,আমন্ত্রণ / ঘোষণা এর অনুলিপি,
"Details of Sponsor (Name, Location)","পৃষ্ঠার বিবরণ (নাম, অবস্থান)",
Identification Document Number,সনাক্তকারী ডকুমেন্ট সংখ্যা,
Any other details,অন্য কোন বিবরণ,
Costing Details,খরচ বিবরণ,
Event Details,অনুষ্ঠানের বিবরণ,
Name of Organizer,সংগঠকের নাম,
Address of Organizer,সংগঠক ঠিকানা,
Travel Request Costing,ভ্রমণ অনুরোধ খরচ,
Expense Type,ব্যয় প্রকার,
Sponsored Amount,স্পনসর্ড পরিমাণ,
Funded Amount,অর্থদণ্ড পরিমাণ,
Upload Attendance,আপলোড এ্যাটেনডেন্স,
Attendance From Date,জন্ম থেকে উপস্থিতি,
Attendance To Date,তারিখ উপস্থিতি,
Get Template,টেমপ্লেট করুন,
Import Attendance,আমদানি এ্যাটেনডেন্স,
Upload HTML,আপলোড এইচটিএমএল,
HR-VLOG-.YYYY.-,এইচআর-vlog-.YYYY.-,
Odometer Reading,দূরত্বমাপণী পড়া,
Current Odometer value ,বর্তমান ওডোমিটার মান,
Refuelling Details,ফুয়েলিং বিস্তারিত,
Invoice Ref,চালান সুত্র,
Service Details,পরিষেবা বিশদ,
Vehicle Service,যানবাহন পরিষেবা,
Service Item,সেবা আইটেম,
Brake Oil,ব্রেক অয়েল,
Brake Pad,ব্রেক প্যাড,
Clutch Plate,ক্লাচ প্লেট,
Engine Oil,ইঞ্জিনের তেল,
Oil Change,তেল পরিবর্তন,
Inspection,পরিদর্শন,
Mileage,যত মাইল দীর্ঘ,
Salary Slip Loan,বেতন স্লিপ ঋণ,
Loan Repayment Entry,Anণ পরিশোধের প্রবেশ,
May,মে,
June,জুন,
July,জুলাই,
Bank Remittance,ব্যাংক রেমিটেন্স,
Daily Work Summary Replies,দৈনিক কাজ সারসংক্ষেপ উত্তর,
Employee Advance Summary,কর্মচারী অগ্রিম সারসংক্ষেপ,
Employees working on a holiday,একটি ছুটিতে কাজ এমপ্লয়িজ,
Monthly Attendance Sheet,মাসিক উপস্থিতি পত্রক,
Salary Register,বেতন নিবন্ধন,
Unpaid Expense Claim,অবৈতনিক ব্যয় দাবি,
Payment Account is mandatory,পেমেন্ট অ্যাকাউন্ট বাধ্যতামূলক,
"If checked, the full amount will be deducted from taxable income before calculating income tax without any declaration or proof submission.","যদি যাচাই করা হয়, কোনও ঘোষণা বা প্রমাণ জমা না দিয়ে আয়কর গণনার আগে করযোগ্য আয় থেকে পুরো পরিমাণটি কেটে নেওয়া হবে।",
In Time,সময়,
Out Time,সময় শেষ,
Is Recurring,পুনরাবৃত্তি হয়,
HRA Exemption,এইচআরএ ছাড়,
Monthly House Rent,মাসিক বাড়ি ভাড়া,
Rented in Metro City,মেট্রো সিটিতে ভাড়া,
HRA as per Salary Structure,বেতন কাঠামো অনুযায়ী এইচআরএ,
Annual HRA Exemption,বার্ষিক এইচআরএ ছাড়,
Monthly HRA Exemption,মাসিক এইচআরএ ছাড়,
House Rent Payment Amount,বাড়ি ভাড়া প্রদানের পরিমাণ,
Rented From Date,তারিখ থেকে ভাড়া দেওয়া,
Rented To Date,তারিখে ভাড়া দেওয়া,
Monthly Eligible Amount,মাসিক যোগ্য পরিমাণ,
Total Eligible HRA Exemption,মোট যোগ্য এইচআরএ ছাড়,
Validating Employee Attendance...,কর্মীদের উপস্থিতি বৈধ করা হচ্ছে ...,
Submitting Salary Slips and creating Journal Entry...,বেতন স্লিপ জমা দেওয়া এবং জার্নাল এন্ট্রি তৈরি করা হচ্ছে ...,
Calculate Payroll Working Days Based On,ভিত্তিক বেতনের কার্যদিবসের দিন গণনা করুন,
Consider Unmarked Attendance As,হিসাবে অচিহ্নিত উপস্থিতি বিবেচনা করুন,
Fraction of Daily Salary for Half Day,অর্ধ দিনের জন্য দৈনিক বেতনের ভগ্নাংশ,
Component Type,উপাদান প্রকার,
Provident Fund,তহবিল,
Additional Provident Fund,অতিরিক্ত প্রভিডেন্ট ফান্ড,
Provident Fund Loan,প্রভিডেন্ট ফান্ড anণ,
Professional Tax,পেশাদার কর,
Is Income Tax Component,আয়কর অংশ,
Component properties and references ,উপাদান বৈশিষ্ট্য এবং রেফারেন্স,
Additional Salary ,অতিরিক্ত বেতন,
Unmarked days,চিহ্নহীন দিনগুলি,
Absent Days,অনুপস্থিত দিন,
Conditions and Formula variable and example,শর্ত এবং সূত্র পরিবর্তনশীল এবং উদাহরণ,
Income Tax Deductions,আয়কর ছাড়ের,
Income Tax Component,আয়কর উপাদান,
Income Tax Amount,আয়কর পরিমাণ,
Unmarked Days,চিহ্নহীন দিনগুলি,
Jan,জান,
Feb,ফেব্রুয়ারী,
Mar,মার,
Apr,এপ্রিল,
Aug,আগস্ট,
Sep,সেপ্টেম্বর,
Oct,অক্টোবর,
Nov,নভেম্বর,
Dec,ডিসেম্বর,
Summarized View,সংক্ষিপ্ত বিবরণ,
Professional Tax Deductions,পেশাদার ট্যাক্স ছাড়,
Provident Fund Deductions,প্রভিডেন্ট ফান্ডের ছাড়,
Recruitment Analytics,নিয়োগ বিশ্লেষণ,
Applicant name,আবেদনকারীর নাম,
Job Offer status,কাজের অফার স্থিতি,
On Date,তারিখ,
Salary Payments Based On Payment Mode,পেমেন্ট মোডের ভিত্তিতে বেতন প্রদানগুলি,
Salary Payments via ECS,ইসিএসের মাধ্যমে বেতন প্রদান,
Account No,হিসাব নাম্বার,
IFSC,আইএফএসসি,
MICR,এমআইসিআর,
PF Account,পিএফ অ্যাকাউন্ট,
PF Amount,পিএফ পরিমাণ,
Additional PF,অতিরিক্ত পিএফ,
PF Loan,পিএফ anণ,
Duplicate Entry,সদৃশ লেখা,
Please select Employee first.,প্রথমে কর্মচারী নির্বাচন করুন।,
To Date should be greater than From Date,তারিখের তারিখের চেয়ে বড় হওয়া উচিত,
Job Offer: {0} is already for Job Applicant: {1},চাকরীর অফার: {0 ইতিমধ্যে চাকরীর আবেদনকারীর জন্য: {1},
Only Shift Request with status 'Approved' and 'Rejected' can be submitted,&#39;অনুমোদিত&#39; এবং &#39;প্রত্যাখ্যানিত&#39; স্ট্যাটাস সহ কেবল শিফট অনুরোধ জমা দেওয়া যাবে,
Shift Assignment: {0} created for Employee: {1},শিফট অ্যাসাইনমেন্ট: ye 0 Emplo কর্মচারীর জন্য তৈরি: {1},
You can not request for your Default Shift: {0},আপনি আপনার ডিফল্ট শিফটের জন্য অনুরোধ করতে পারবেন না: {0},
Only Approvers can Approve this Request.,কেবলমাত্র বিতর্কই এই অনুরোধটি অনুমোদন করতে পারে।,
Please set Payroll based on in Payroll settings,পে-রোল সেটিংসের উপর ভিত্তি করে দয়া করে বেতন নির্ধারণ করুন,
Additional Salary: {0} already exist for Salary Component: {1} for period {2} and {3},অতিরিক্ত বেতন: বেতন উপাদানগুলির জন্য ইতিমধ্যে {0 exist বিদ্যমান: period 2} এবং {3 period পিরিয়ডের জন্য {1},
Payroll date can not be less than employee's joining date.,বেতনভিত্তিক তারিখ কর্মচারীর যোগদানের তারিখের চেয়ে কম হতে পারে না।,
From date can not be less than employee's joining date.,তারিখ থেকে কর্মচারীর যোগদানের তারিখের চেয়ে কম হতে পারে না।,
To date can not be greater than employee's relieving date.,আজ অবধি কর্মচারীর স্বস্তি দেওয়ার তারিখের চেয়ে বড় হতে পারে না।,
Payroll date can not be greater than employee's relieving date.,বেতনভিত্তিক তারিখ কর্মচারীর স্বস্তির তারিখের চেয়ে বেশি হতে পারে না।,
Condition and formula,শর্ত এবং সূত্র,
Available Leaves,উপলব্ধ পাতা,
IFSC Code,আইএফসিসি কোড,
Others,অন্যরা,
Total Allocated Leaves,মোট বরাদ্দ পাতা,
Used Leaves,ব্যবহৃত পাখি,
PAN Number,প্যান নম্বর,
Expired Leaves,মেয়াদ শেষ হয়ে গেছে,
