) for {0},) pro {0},
A {0} exists between {1} and {2} (,A {0} existuje mezi {1} a {2} (,
Absent,Nepřítomný,
Accrual Journal Entry for salaries from {0} to {1},Záznam o akruálním deníku pro platy od {0} do {1},
Add to Details,Přidat do Podrobnosti,
Added to details,Přidáno do podrobností,
All Jobs,Všechny Jobs,
Allocated Leaves,Přidělené listy,
Annual Salary,Roční plat,
Application period cannot be across two allocation records,Období žádosti nesmí být v rámci dvou alokačních záznamů,
Application period cannot be outside leave allocation period,Období pro podávání žádostí nemůže být alokační období venku volno,
Apply Now,Použít teď,
Apprentice,Učeň,
Approval Status,Stav schválení,
Approval Status must be 'Approved' or 'Rejected',"Stav schválení musí být ""schváleno"" nebo ""Zamítnuto""",
As per your assigned Salary Structure you cannot apply for benefits,Podle vaší přiřazené struktury platu nemůžete žádat o výhody,
Assign,Přiřadit,
Assign Salary Structure,Přiřaďte strukturu platu,
Assign to Employees,Přiřadit zaměstnancům,
Assigning Structures...,Přiřazení struktur ...,
Attendance,Účast,
Attendance From Date and Attendance To Date is mandatory,Účast Datum od a docházky do dnešního dne je povinná,
Attendance for employee {0} is already marked for this day,Účast na zaměstnance {0} je již označen pro tento den,
Attendance not submitted for {0} as it is a Holiday.,"Ústřednost nebyla předložena za {0}, protože je prázdnina.",
Bank Entries,bankovní Příspěvky,
Base,Báze,
Beginner,Začátečník,
Birthday Reminder,Připomenutí narozenin,
Bonus Payment Date cannot be a past date,Datum splatnosti bonusu nemůže být poslední datum,
Calls,Volá,
Cannot find active Leave Period,Nelze najít aktivní období dovolené,
Casual Leave,Casual Leave,
Claimed Amount,Požadovaná částka,
Compensatory Off,Vyrovnávací Off,
Contact Number,Kontaktní číslo,
Course,Chod,
Create Disbursement Entry,Vytvořit záznam o výplatě,
Create Salary Slip,Vytvořit výplatní pásce,
Create Salary Slips,Vytvoření platebních karet,
Creating Payment Entries......,Vytváření položek platby ......,
Creating Salary Slips...,Vytváření salicích ...,
Current,Aktuální,
Current Job Openings,Aktuální pracovní příležitosti,
Daily Work Summary,Denní práce Souhrn,
Daily Work Summary Group,Denní shrnutí skupiny práce,
Date is repeated,Datum se opakuje,
Debit A/C Number,Číslo debetní platby,
Deduction,Dedukce,
Document Status,Stav dokumentu,
Earning,Získávání,
Employee A/C Number,Číslo A / C zaměstnance,
Employee Benefits,Zaměstnanecké benefity,
Employee Grade,Pracovní zařazení,
Employee Referral,Doporučení zaměstnance,
Employee relieved on {0} must be set as 'Left',"Zaměstnanec úlevu na {0} musí být nastaven jako ""Left""",
Employee {0} already submited an apllication {1} for the payroll period {2},Zaměstnanec {0} již podal žádost o platbu {2} {1},
Employee {0} has no maximum benefit amount,Zaměstnanec {0} nemá maximální částku prospěchu,
Employee {0} is not active or does not exist,Zaměstnanec {0} není aktivní nebo neexistuje,
Employee {0} is on Leave on {1},Zaměstnanec {0} je zapnut Nechat na {1},
Employee {0} on Half day on {1},Zaměstnanec {0} na půl dne na {1},
End time cannot be before start time,Čas ukončení nemůže být před časem zahájení,
Evaluation,ohodnocení,
Event Location,Umístění události,
Event Name,Název události,
Expense Claim for Vehicle Log {0},Náklady Nárok na Vehicle Log {0},
Expense Claim {0} already exists for the Vehicle Log,Náklady na pojistná {0} již existuje pro jízd,
Fill the form and save it,Vyplňte formulář a uložte jej,
Filter Employees By (Optional),Filtrovat zaměstnance podle (volitelné),
Fiscal Year {0} not found,Fiskální rok {0} nebyl nalezen,
Food,Jídlo,
For Employee,Pro zaměstnance,
From Date {0} cannot be after employee's relieving Date {1},Od data {0} nemůže být po uvolnění zaměstnance Datum {1},
From Date {0} cannot be before employee's joining Date {1},Od data {0} nemůže být před datem vstupu do pracovního poměru {1},
From date can not be less than employee's joining date,"Od data nemůže být menší, než je datum spojení",
Fuel Price,palivo Cena,
Fuel Qty,palivo Množství,
Full-time,Na plný úvazek,
Future dates not allowed,Budoucí data nejsou povolena,
Get Details From Declaration,Získejte podrobnosti z prohlášení,
Get Employees,Získejte zaměstnance,
Gross Pay,Hrubé mzdy,
Guest,Host,
Half Day,Půl den,
Half Day Date is mandatory,Poloviční den je povinný,
Half Day Date should be between From Date and To Date,Half Day Date by měla být v rozmezí Datum od a do dnešního dne,
Half Day Date should be in between Work From Date and Work End Date,Den poločasu by měl být mezi dnem práce a datem ukončení práce,
Half day date should be in between from date and to date,Denní datum by mělo být mezi dnem a dnem,
Hello,Ahoj,
House rent paid days overlapping with {0},Nájemné za zaplacené dny se překrývá s {0},
House rented dates required for exemption calculation,"Dny pronajaté v domě, které jsou zapotřebí k výpočtu výjimky",
House rented dates should be atleast 15 days apart,Domovní pronajaté data by měly být nejméně 15 dnů od sebe,
Interest Amount,Zájem Částka,
Intern,Internovat,
Job Description,Popis práce,
Job Offer,Nabídka práce,
Jobs,Jobs,
Leave Approval Notification,Zanechat oznámení o schválení,
Leave Blocked,Absence blokována,
Leave Encashment,Nechat inkasa,
Leave Status Notification,Odešlete oznámení o stavu,
Leave Type,Typ absence,
Leave Type is madatory,Typ dovolené je špatný,
Leave Type {0} cannot be allocated since it is leave without pay,"Nechat Typ {0} nemůže být přidělena, neboť se odejít bez zaplacení",
Leave Type {0} cannot be carry-forwarded,Nechte typ {0} nelze provádět předávány,
Leave Type {0} is not encashable,Opustit typ {0} není vyměnitelný,
Leave Without Pay,Volno bez nároku na mzdu,
"Leave cannot be allocated before {0}, as leave balance has already been carry-forwarded in the future leave allocation record {1}","Dovolená nemůže být přiděleny před {0}, protože rovnováha dovolené již bylo carry-předávány v budoucí přidělení dovolenou záznamu {1}",
"Leave cannot be applied/cancelled before {0}, as leave balance has already been carry-forwarded in the future leave allocation record {1}","Nechte nelze aplikovat / zrušena před {0}, protože rovnováha dovolené již bylo carry-předávány v budoucí přidělení dovolenou záznamu {1}",
Leave of type {0} cannot be longer than {1},Absence typu {0} nemůže být delší než {1},
Leaves,Listy,
Leaves Allocated Successfully for {0},Dovolená úspěšně přidělena {0},
Leaves per Year,Dovolených za rok,
Lifecycle,Životní cyklus,
Mark Attendance,Označit Účast,
Max Exemption Amount cannot be greater than maximum exemption amount {0} of Tax Exemption Category {1},Maximální částka osvobození nemůže být vyšší než maximální částka osvobození {0} kategorie osvobození od daně {1},
Max benefits should be greater than zero to dispense benefits,"Maximální přínosy by měly být větší než nula, aby byly dávky vypláceny",
Maximum amount eligible for the component {0} exceeds {1},Maximální částka způsobilá pro komponentu {0} přesahuje {1},
Maximum benefit amount of component {0} exceeds {1},Maximální částka prospěchu součásti {0} přesahuje {1},
Maximum benefit amount of employee {0} exceeds {1},Maximální výše příspěvku zaměstnance {0} přesahuje {1},
Maximum leave allowed in the leave type {0} is {1},Maximální povolená dovolená v typu dovolené {0} je {1},
Medical,Lékařský,
Mode of payment is required to make a payment,Způsob platby je povinen provést platbu,
More than one selection for {0} not allowed,Více než jeden výběr pro {0} není povolen,
Net Pay,Net Pay,
Net Pay cannot be less than 0,Čistý Pay nemůže být nižší než 0,
Net Salary Amount,Čistá mzda,
Net pay cannot be negative,Net plat nemůže být záporný,
No Employee Found,Nebyl nalezen žádný zaměstnanec,
No Salary Structure assigned for Employee {0} on given date {1},Žádná struktura výdělku pro zaměstnance {0} v daný den {1},
No Staffing Plans found for this Designation,Pro toto označení nebyly nalezeny plány personálního zabezpečení,
No active or default Salary Structure found for employee {0} for the given dates,Žádný aktivní nebo implicitní Plat Struktura nalezených pro zaměstnance {0} pro dané termíny,
No more updates,Žádné další aktualizace,
No replies from,Žádné odpovědi od,
No salary slip found to submit for the above selected criteria OR salary slip already submitted,Žádný výplatní list nebyl předložen za výše uvedené kritéria NEBO platový výpis již předložen,
Nothing to change,Nic se nemění,
Notice Period,Výpovědní lhůta,
Only Leave Applications with status 'Approved' and 'Rejected' can be submitted,"Nechte pouze aplikace, které mají status &quot;schváleno&quot; i &quot;Zamítnuto&quot; může být předložena",
Optional Holiday List not set for leave period {0},Volitelný prázdninový seznam není nastaven na období dovolené {0},
Part-time,Part-time,
Password policy for Salary Slips is not set,Zásady hesla pro platové lístky nejsou nastaveny,
Payment Days,Platební dny,
Payment of {0} from {1} to {2},Platba {0} od {1} do {2},
Payroll,Mzdy,
Payroll Number,Mzdové číslo,
Piecework,Úkolová práce,
Please add the remaining benefits {0} to any of the existing component,Přidejte zbývající výhody {0} do kterékoli existující komponenty,
Please confirm once you have completed your training,Potvrďte prosím po dokončení školení,
Please enable default incoming account before creating Daily Work Summary Group,Před vytvořením Denní shrnutí skupiny práce povolte výchozí příchozí účet,
Please select Company and Designation,Vyberte prosím společnost a označení,
Please select Employee,Vyberte prosím zaměstnance,
Please select a csv file,Vyberte soubor csv,
Please set default template for Leave Approval Notification in HR Settings.,Prosím nastavte výchozí šablonu pro Notification Notification při nastavení HR.,
Please set default template for Leave Status Notification in HR Settings.,Prosím nastavte výchozí šablonu pro ohlášení stavu o stavu v HR nastaveních.,
Please set the Company,Nastavte společnost,
Please set the Date Of Joining for employee {0},Nastavte prosím datum zapojení pro zaměstnance {0},
Please share your feedback to the training by clicking on 'Training Feedback' and then 'New',Podělte se o své připomínky k tréninku kliknutím na &quot;Tréninkové připomínky&quot; a poté na &quot;Nové&quot;,
Please update your status for this training event,Aktualizujte svůj stav pro tuto tréninkovou akci,
Present,Současnost,
Preview Salary Slip,Preview výplatní pásce,
Privilege Leave,Privilege Leave,
Probation,Zkouška,
Probationary Period,Zkušební doba,
Property,Vlastnost,
Property already added,Vlastnictví již bylo přidáno,
Replies,Odpovědi,
Responsibilities,Odpovědnost,
Role,Role,
Row {0}# Allocated amount {1} cannot be greater than unclaimed amount {2},"Řádek {0} # Přidělená částka {1} nemůže být vyšší než částka, která nebyla požadována. {2}",
Row {0}# Paid Amount cannot be greater than requested advance amount,Řádek {0} # Placená částka nesmí být vyšší než požadovaná částka,
Salary Slip ID,Plat Slip ID,
Salary Slip of employee {0} already created for this period,Výplatní pásce zaměstnance {0} již vytvořili pro toto období,
Salary Slip of employee {0} already created for time sheet {1},Výplatní pásce zaměstnance {0} již vytvořili pro časové list {1},
Salary Structure Assignment for Employee already exists,Přiřazení struktury platu pro zaměstnance již existuje,
Salary Structure Missing,Plat Struktura Chybějící,
Salary Structure not found for employee {0} and date {1},Struktura platu nebyla nalezena pro zaměstnance {0} a datum {1},
Salary Structure should have flexible benefit component(s) to dispense benefit amount,Struktura odměňování by měla mít flexibilní složku (výhody) pro vyplácení dávky,
"Salary already processed for period between {0} and {1}, Leave application period cannot be between this date range.","Plat již zpracovány pro období mezi {0} a {1}, ponechte dobu použitelnosti nemůže být mezi tomto časovém období.",
Sanctioned Amount cannot be greater than Claim Amount in Row {0}.,Sankcionována Částka nemůže být větší než reklamace Částka v řádku {0}.,
Score must be less than or equal to 5,Skóre musí být menší než nebo rovna 5,
Select Property,Vyberte vlastnost,
Select an employee to get the employee advance.,"Vyberte zaměstnance, chcete-li zaměstnance předem.",
Service Expense,Service Expense,
Show Employee,Zobrazit zaměstnance,
Show Salary Slip,Show výplatní pásce,
Sick Leave,Zdravotní dovolená,
"Skipping Salary Structure Assignment for the following employees, as Salary Structure Assignment records already exists against them. {0}","Přeskočení přiřazení struktury mezd pro následující zaměstnance, protože záznamy o přiřazení struktury mezd již proti nim existují. {0}",
Staffing Plan {0} already exist for designation {1},Personální plán {0} již existuje pro označení {1},
"Start and end dates not in a valid Payroll Period, cannot calculate {0}","Počáteční a koncová data, která nejsou v platném výplatním období, nelze vypočítat {0}",
"Start and end dates not in a valid Payroll Period, cannot calculate {0}.","Počáteční a koncové datum, které nejsou v platném mzdovém období, nelze vypočítat {0}.",
Stock Options,Akciové opce,
Structures have been assigned successfully,Struktury byly úspěšně přiřazeny,
Submit Proof,Odeslat důkaz,
Submit Salary Slip,Odeslat výplatní pásce,
Submit this to create the Employee record,"Chcete-li vytvořit záznam zaměstnance, odešlete jej",
Submitting Salary Slips...,Odeslání platebních karet ...,
Team Updates,tým Aktualizace,
Thank you,Děkujeme Vám,
The day(s) on which you are applying for leave are holidays. You need not apply for leave.,"V den, kdy (y), na které žádáte o povolení jsou prázdniny. Nemusíte požádat o volno.",
There are more holidays than working days this month.,Existují další svátky než pracovních dnů tento měsíc.,
There is no leave period in between {0} and {1},"Mezi {0} a {1} není žádná doba dovolené,",
This is based on the attendance of this Employee,To je založeno na účasti základu tohoto zaměstnance,
This will submit Salary Slips and create accrual Journal Entry. Do you want to proceed?,Tím bude předkládán výplatní pásky a vytvářet záznamy časového rozvrhu. Chcete pokračovat?,
To date can not be equal or less than from date,K dnešnímu dni nemůže být stejná nebo menší než od data,
To date can not be less than from date,K dnešnímu dni nemůže být méně než od data,
To date can not greater than employee's relieving date,K dnešnímu dni nemůže být větší než datum uvolnění zaměstnance,
Total Absent,Celkem Absent,
Total Deduction,Celkem Odpočet,
Total Leaves,Celkem Listy,
Total Present,Celkem Present,
Total advance amount cannot be greater than total sanctioned amount,Celková výše zálohy nesmí být vyšší než celková částka sankce,
Total flexible benefit component amount {0} should not be less than max benefits {1},Celková částka pružné výhody {0} by neměla být menší než maximální dávka {1},
Total leaves allocated is mandatory for Leave Type {0},Celkový počet přidělených listů je povinný pro typ dovolené {0},
Total working hours should not be greater than max working hours {0},Celkem pracovní doba by neměla být větší než maximální pracovní doby {0},
Training,Výcvik,
Training Event,Training Event,
Training Events,Školení,
Training Feedback,Trénink Feedback,
Training Result,Trénink Výsledek,
Travel,Cestování,
Update Response,Aktualizace odpovědi,
Value missing,Hodnota chybí,
Variable,Proměnná,
Walk In,Vejít,
Warning: Leave application contains following block dates,Upozornění: Nechte Aplikace obsahuje následující data bloku,
Website Listing,Seznam webových stránek,
Work Summary for {0},Souhrn práce pro {0},
You are not authorized to approve leaves on Block Dates,Nejste oprávněni schvalovat listí na bloku Termíny,
You are not present all day(s) between compensatory leave request days,Nejste přítomni celý den (dní) mezi dny žádosti o náhradní dovolenou,
You can only submit Leave Encashment for a valid encashment amount,"Chcete-li platnou částku inkasa, můžete odeslat příkaz Opustit zapsání",
{0} already allocated for Employee {1} for period {2} to {3},{0} již přidělené pro zaměstnance {1} na dobu {2} až {3},
{0} applicable after {1} working days,{0} platí po {1} pracovních dnech,
{0} is not in Optional Holiday List,{0} není v seznamu volitelných prázdnin,
{0} is not in a valid Payroll Period,{0} není v platném mzdovém období,
{0} must be submitted,{0} musí být odesláno,
"{0}: Employee email not found, hence email not sent","{0}: e-mail zaměstnanec nebyl nalezen, a proto je pošta neposlal",
{0}: From {0} of type {1},{0}: Od {0} typu {1},
Conditions,Podmínky,
Percent,Procento,
Error in some rows,Chyba v některých řádcích,
Benefit,Výhoda,
Shift,Posun,
Importing {0} of {1},Importuje se {0} z {1},
'employee_field_value' and 'timestamp' are required.,jsou vyžadovány &#39;customer_field_value&#39; a &#39;timestamp&#39;.,
Allocation Expired!,Platnost přidělení vypršela!,
Attendance Marked,Účast označena,
Attendance has been marked as per employee check-ins,Docházka byla označena podle odbavení zaměstnanců,
Date Range,Časové období,
Event Link,Odkaz na událost,
Expire Allocation,Vyprší přidělení,
Fuel Expense,Náklady na palivo,
Intermediate,přechodný,
Leave application is linked with leave allocations {0}. Leave application cannot be set as leave without pay,Opustit aplikaci je spojena s alokacemi dovolené {0}. Žádost o dovolenou nelze nastavit jako dovolenou bez odměny,
Log Type is required for check-ins falling in the shift: {0}.,Pro přihlášení spadající do směny je vyžadován typ protokolu: {0}.,
No Employee found for the given employee field value. '{}': {},Pro danou hodnotu pole zaměstnance nebyl nalezen žádný zaměstnanec. &#39;{}&#39;: {},
No Leaves Allocated to Employee: {0} for Leave Type: {1},Zaměstnancům nejsou přiděleny žádné listy: {0} pro typ dovolené: {1},
Only expired allocation can be cancelled,"Zrušit lze pouze přidělení, jehož platnost skončila",
Only users with the {0} role can create backdated leave applications,Pouze uživatelé s rolí {0} mohou vytvářet zastaralé dovolenky,
Password policy cannot contain spaces or simultaneous hyphens. The format will be restructured automatically,Zásady hesla nemohou obsahovat mezery ani souběžné spojovníky. Formát bude automaticky restrukturalizován,
Please enter the designation,Zadejte označení,
There are no vacancies under staffing plan {0},V rámci personálního plánu nejsou žádná volná místa {0},
This employee already has a log with the same timestamp.{0},Tento zaměstnanec již má záznam se stejným časovým razítkem. {0},
Timing,Načasování,
To date needs to be before from date,K dnešnímu dni musí být před datem,
Total Early Exits,Celkový předčasný odchod,
Total Late Entries,Celkem pozdních záznamů,
Training Event:,Školení:,
Unable to find Salary Component {0},Nelze najít komponentu platu {0},
Unmarked Attendance for days,Neoznačená účast na několik dní,
Vacancies cannot be lower than the current openings,Volná pracovní místa nemohou být nižší než stávající otvory,
{} is an invalid Attendance Status.,{} je neplatný stav účasti.,
Printed On,Vytištěno na,
No employee found,Žádný zaměstnanec nalezeno,
Please setup Employee Naming System in Human Resource > HR Settings,Nastavte prosím systém názvů zaměstnanců v části Lidské zdroje&gt; Nastavení lidských zdrojů,
Please setup numbering series for Attendance via Setup > Numbering Series,Nastavte číslovací řady pro Docházku prostřednictvím Nastavení&gt; Číslovací řady,
Current Odometer Value should be greater than Last Odometer Value {0},Aktuální hodnota počítadla kilometrů by měla být větší než hodnota posledního počítadla kilometrů {0},
No additional expenses has been added,Nebyly přidány žádné další výdaje,
{0} already exists for employee {1} and period {2},{0} již pro zaměstnance {1} a období {2} existuje,
Leaves Allocated,Listy přidělené,
Leave Without Pay does not match with approved {} records,Leave Without Pay neodpovídá schváleným {} záznamům,
Income Tax Slab not set in Salary Structure Assignment: {0},V přiřazení struktury platu není nastavena deska daně z příjmu: {0},
Income Tax Slab: {0} is disabled,Deska daně z příjmu: {0} je deaktivována,
Income Tax Slab must be effective on or before Payroll Period Start Date: {0},Deska daně z příjmu musí být účinná k datu zahájení mezd: {0},
No leave record found for employee {0} on {1},Nebyl nalezen záznam o dovolené zaměstnance {0} dne {1},
Row {0}: {1} is required in the expenses table to book an expense claim.,Řádek {0}: {1} je v tabulce výdajů vyžadován k zaúčtování nároku na výdaj.,
Set the default account for the {0} {1},Nastavit výchozí účet pro {0} {1},
(Half Day),(Půldenní),
Income Tax Slab,Deska daně z příjmu,
Row #{0}: Cannot set amount or formula for Salary Component {1} with Variable Based On Taxable Salary,Řádek č. {0}: Nelze nastavit částku nebo vzorec pro složku mzdy {1} s proměnnou založenou na zdanitelném platu,
Repay From Salary can be selected only for term loans,Výplatu z platu lze vybrat pouze u termínovaných půjček,
Salary Component Account,Účet plat Component,
Default Bank / Cash account will be automatically updated in Salary Journal Entry when this mode is selected.,Výchozí banka / Peněžní účet budou automaticky aktualizovány v plat položka deníku je-li zvolen tento režim.,
Result,Výsledek,
Total Score,Celkové skóre,
Joining Date,Datum připojení,
Publish on website,Publikovat na webových stránkách,
Application Status,Stav aplikace,
IN,V,
Remind Before,Připomenout dříve,
Reminded,Připomenuto,
Additional Salary,Další plat,
HR-ADS-.YY.-.MM.-,HR-ADS-.YY .- MM.-,
Salary Component,plat Component,
Overwrite Salary Structure Amount,Přepsat částku struktury platu,
Deduct Full Tax on Selected Payroll Date,Odečíst plnou daň z vybraného data výplatní listiny,
Payroll Date,Den mzdy,
Salary Component Type,Typ platového komponentu,
Appointment Letter,Jmenovací dopis,
Appointment Date,Datum schůzky,
Appointment Letter Template,Šablona dopisu schůzky,
Closing Notes,Závěrečné poznámky,
Appointment Letter content,Obsah dopisu o jmenování,
Appraisal,Ocenění,
HR-APR-.YY.-.MM.,HR-APR-.YY.-.MM.,
For Employee Name,Pro jméno zaměstnance,
Goals,Cíle,
Total Score (Out of 5),Celkové skóre (Out of 5),
"Any other remarks, noteworthy effort that should go in the records.","Jakékoli jiné poznámky, pozoruhodné úsilí, které by měly jít v záznamech.",
Appraisal Goal,Posouzení Goal,
Key Responsibility Area,Key Odpovědnost Area,
Weightage (%),Weightage (%),
Score (0-5),Score (0-5),
Score Earned,Skóre Zasloužené,
Appraisal Template Title,Posouzení Template Název,
Appraisal Template Goal,Posouzení Template Goal,
KRA,KRA,
Key Performance Area,Key Performance Area,
HR-ATT-.YYYY.-,HR-ATT-.YYYY.-,
On Leave,Na odchodu,
Work From Home,Práce z domova,
Leave Application,Požadavek na absenci,
Attendance Date,Účast Datum,
Attendance Request,Žádost o účast,
Late Entry,Pozdní vstup,
Early Exit,Předčasný odchod,
Half Day Date,Half Day Date,
On Duty,Ve službě,
Explanation,Vysvětlení,
Compensatory Leave Request,Žádost o kompenzační dovolenou,
Leave Allocation,Přidelení dovolené,
Worked On Holiday,Pracoval na dovolené,
Work From Date,Práce od data,
Work End Date,Datum ukončení práce,
Email Sent To,Email poslán,
Select Users,Vyberte možnost Uživatelé,
Send Emails At,Posílat e-maily At,
Reminder,Připomínka,
Daily Work Summary Group User,Denní uživatel shrnutí skupiny práce,
email,e-mailem,
Department Approver,Schválení oddělení,
Approver,Schvalovatel,
Designation Skill,Označení Dovednost,
Skill,Dovednost,
Leave Policy,Zanechte zásady,
Salary Details,Podrobnosti platu,
HR-EAD-.YYYY.-,HR-EAD-.YYYY.-,
Claimed,Reklamace,
Employee Attendance Tool,Docházky zaměstnanců Tool,
Unmarked Attendance,Neoznačené Návštěvnost,
Employees HTML,zaměstnanci HTML,
Marked Attendance,Výrazná Návštěvnost,
Marked Attendance HTML,Výrazná Účast HTML,
Employee Benefit Application,Aplikace pro zaměstnance,
Max Benefits (Yearly),Maximální přínosy (ročně),
Remaining Benefits (Yearly),Zbývající přínosy (ročně),
Payroll Period,Mzdové období,
Dispensed Amount (Pro-rated),Vyčerpaná částka (pro-hodnocena),
Employee Benefit Application Detail,Podrobnosti o žádostech o zaměstnanecké výhody,
Earning Component,Zisková složka,
Pay Against Benefit Claim,Platba proti nároku na dávku,
Max Benefit Amount,Maximální částka prospěchu,
Employee Benefit Claim,Požadavek na zaměstnanecké požitky,
Claim Date,Datum uplatnění nároku,
Claim Benefit For,Nárok na dávku pro,
Max Amount Eligible,Maximální částka je způsobilá,
Expense Proof,Výkaz výdajů,
Employee Boarding Activity,Aktivita nástupu zaměstnanců,
Activity Name,Název aktivity,
Required for Employee Creation,Požadováno pro vytváření zaměstnanců,
Applicable in the case of Employee Onboarding,Platí pro zaměstnance na palubě,
Employee Checkin,Kontrola zaměstnanců,
Log Type,Typ protokolu,
OUT,VEN,
Location / Device ID,Umístění / ID zařízení,
Skip Auto Attendance,Přeskočit automatickou účast,
Shift Start,Shift Start,
Shift End,Shift End,
Shift Actual Start,Shift Skutečný start,
Shift Actual End,Shift Skutečný konec,
Default Salary Structure,Výchozí platová struktura,
Employee Health Insurance,Zdravotní pojištění zaměstnanců,
Health Insurance Name,Název zdravotního pojištění,
Employee Incentive,Zaměstnanecká pobídka,
Incentive Amount,Část pobídky,
Employee Onboarding,Zaměstnanec na palubě,
Notify users by email,Upozornit uživatele e-mailem,
Employee Onboarding Template,Šablona zaměstnanců na palubě,
Employee Other Income,Jiný příjem zaměstnance,
Employee Promotion,Propagace zaměstnanců,
Promotion Date,Datum propagace,
Employee Promotion Details,Podrobnosti o podpoře zaměstnanců,
Employee Property History,Historie majetku zaměstnanců,
Employee Separation,Separace zaměstnanců,
Employee Separation Template,Šablona oddělení zaměstnanců,
Exit Interview Summary,Ukončete shrnutí rozhovoru,
Employee Skill,Dovednost zaměstnanců,
Proficiency,Znalost,
Evaluation Date,Datum vyhodnocení,
Employee Skill Map,Mapa dovedností zaměstnanců,
Employee Skills,Zaměstnanecké dovednosti,
Trainings,Školení,
Employee Tax Exemption Category,Kategorie osvobození od zaměstnanců,
Max Exemption Amount,Maximální částka pro výjimku,
Employee Tax Exemption Declaration,Vyhlášení osvobození od daně z pracovních sil,
Declarations,Prohlášení,
Total Declared Amount,Celková deklarovaná částka,
Total Exemption Amount,Celková částka osvobození,
Employee Tax Exemption Declaration Category,Vyhláška o osvobození od daně z příjmů zaměstnanců,
Exemption Sub Category,Osvobození podkategorie,
Exemption Category,Kategorie výjimek,
Maximum Exempted Amount,Maximální osvobozená částka,
Declared Amount,Deklarovaná částka,
Employee Tax Exemption Proof Submission,Osvobození od daně z osvobození zaměstnanců,
Submission Date,Datum podání,
Tax Exemption Proofs,Osvědčení o osvobození od daně,
Total Actual Amount,Celková skutečná částka,
Employee Tax Exemption Proof Submission Detail,Podrobnosti o předložení dokladu o osvobození od daně z provozu zaměstnanců,
Maximum Exemption Amount,Maximální částka pro výjimku,
Type of Proof,Typ důkazu,
Actual Amount,Skutečná částka,
Employee Tax Exemption Sub Category,Osvobození od daně z příjmů zaměstnanců,
Tax Exemption Category,Kategorie osvobození od daně,
Employee Training,Školení zaměstnanců,
Training Date,Datum školení,
Employee Transfer,Zaměstnanecký převod,
Transfer Date,Datum přenosu,
Employee Transfer Details,Podrobnosti o převodu zaměstnanců,
Employee Transfer Detail,Detail pracovníka,
Re-allocate Leaves,Přidělit listy,
Create New Employee Id,Vytvořit nové číslo zaměstnance,
New Employee ID,Nové číslo zaměstnance,
HR-EXP-.YYYY.-,HR-EXP-.RRRR.-,
Expense Taxes and Charges,Nákladové daně a poplatky,
Total Sanctioned Amount,Celková částka potrestána,
Total Advance Amount,Celková výše zálohy,
Total Claimed Amount,Celkem žalované částky,
Total Amount Reimbursed,Celkové částky proplacené,
Vehicle Log,jízd,
Employees Email Id,Zaměstnanci Email Id,
More Details,Více informací,
Expense Claim Account,Náklady na pojistná Account,
Expense Claim Advance,Nároky na úhradu nákladů,
Expense Claim Detail,Detail úhrady výdajů,
Expense Date,Datum výdaje,
Expense Claim Type,Náklady na pojistná Type,
HR Settings,Nastavení HR,
Employee Settings,Nastavení zaměstnanců,
Expense Approver Mandatory In Expense Claim,Povinnost pojistitele výdajů v nárocích na výdaje,
Payroll Settings,Nastavení Mzdové,
Leave,Odejít,
Max working hours against Timesheet,Maximální pracovní doba proti časového rozvrhu,
Include holidays in Total no. of Working Days,Zahrnout dovolenou v celkovém. pracovních dní,
"If checked, Total no. of Working Days will include holidays, and this will reduce the value of Salary Per Day","Pokud je zaškrtnuto, Total no. pracovních dnů bude zahrnovat dovolenou, a to sníží hodnotu platu za každý den",
"If checked, hides and disables Rounded Total field in Salary Slips","Pokud je zaškrtnuto, skryje a zakáže pole Zaokrouhlený celkový počet v Salary Slips",
The fraction of daily wages to be paid for half-day attendance,Zlomek denní mzdy vyplácené za poldenní docházku,
Email Salary Slip to Employee,Email výplatní pásce pro zaměstnance,
Emails salary slip to employee based on preferred email selected in Employee,"E-maily výplatní pásce, aby zaměstnanci na základě přednostního e-mailu vybraného v zaměstnaneckých",
Encrypt Salary Slips in Emails,Zašifrujte výplatní pásky do e-mailů,
"The salary slip emailed to the employee will be password protected, the password will be generated based on the password policy.","E-mail s platem zaslaný zaměstnancům bude chráněn heslem, heslo bude vygenerováno na základě hesla.",
Password Policy,Zásady hesla,
<b>Example:</b> SAL-{first_name}-{date_of_birth.year} <br>This will generate a password like SAL-Jane-1972,<b>Příklad:</b> SAL- {first_name} - {date_of_birth.year} <br> Tím se vygeneruje heslo jako SAL-Jane-1972,
Leave Approval Notification Template,Ponechat šablonu oznámení o schválení,
Leave Status Notification Template,Ponechat šablonu oznamování stavu,
Role Allowed to Create Backdated Leave Application,Role povolená k vytvoření aplikace s okamžitou platností,
Leave Approver Mandatory In Leave Application,Povolení odchody je povinné v aplikaci Nechat,
Show Leaves Of All Department Members In Calendar,Zobrazit listy všech členů katedry v kalendáři,
Auto Leave Encashment,Automatické ponechání inkasa,
Hiring Settings,Nastavení najímání,
Check Vacancies On Job Offer Creation,Zkontrolujte volná místa při vytváření pracovních nabídek,
Identification Document Type,Identifikační typ dokumentu,
Effective from,Platí od,
Allow Tax Exemption,Povolit osvobození od daně,
"If enabled, Tax Exemption Declaration will be considered for income tax calculation.","Pokud je tato možnost povolena, při výpočtu daně z příjmu se zohlední prohlášení o osvobození od daně.",
Standard Tax Exemption Amount,Standardní částka osvobození od daně,
Taxable Salary Slabs,Zdanitelné platové desky,
Taxes and Charges on Income Tax,Daně a poplatky z daně z příjmu,
Other Taxes and Charges,Ostatní daně a poplatky,
Income Tax Slab Other Charges,Deska daně z příjmu Další poplatky,
Min Taxable Income,Minimální zdanitelný příjem,
Max Taxable Income,Max. Zdanitelný příjem,
Applicant for a Job,Žadatel o zaměstnání,
Job Opening,Job Zahájení,
Cover Letter,Průvodní dopis,
Resume Attachment,Resume Attachment,
Job Applicant Source,Zdroj žádosti o zaměstnání,
Applicant Email Address,E-mailová adresa žadatele,
Awaiting Response,Čeká odpověď,
Job Offer Terms,Podmínky nabídky práce,
Select Terms and Conditions,Vyberte Podmínky,
Job Offer Term,Termín nabídky práce,
Offer Term,Nabídka Term,
Value / Description,Hodnota / Popis,
Description of a Job Opening,Popis jednoho volných pozic,
Staffing Plan,Zaměstnanecký plán,
Planned number of Positions,Plánovaný počet pozic,
"Job profile, qualifications required etc.","Profil Job, požadované kvalifikace atd.",
HR-LAL-.YYYY.-,HR-LAL-.YYYY.-,
New Leaves Allocated,Nové Listy Přidělené,
Add unused leaves from previous allocations,Přidat nevyužité listy z předchozích přídělů,
Unused leaves,Nepoužité listy,
Total Leaves Allocated,Celkem Leaves Přidělené,
Total Leaves Encashed,Celkový počet listů zapuštěných,
Leave Period,Opustit období,
Carry Forwarded Leaves,Carry Předáno listy,
Apply / Approve Leaves,Použít / Schválit listy,
HR-LAP-.YYYY.-,HR-LAP-.YYYY.-,
Leave Balance Before Application,Stav absencí před požadavkem,
Total Leave Days,Celkový počet dnů dovolené,
Leave Approver Name,Jméno schvalovatele dovolené,
Follow via Email,Sledovat e-mailem,
Block Holidays on important days.,Blokové Dovolená na významných dnů.,
Leave Block List Name,Nechte Jméno Block List,
Applies to Company,Platí pro firmy,
"If not checked, the list will have to be added to each Department where it has to be applied.","Pokud není zatrženo, seznam bude muset být přidány ke každé oddělení, kde má být použit.",
Block Days,Blokové dny,
Stop users from making Leave Applications on following days.,Přestaňte uživatelům provádět Nechat aplikací v následujících dnech.,
Leave Block List Dates,Nechte Block List termíny,
Allow Users,Povolit uživatele,
Allow the following users to approve Leave Applications for block days.,Nechte následující uživatelé schválit Žádost o dovolenou.,
Leave Block List Allowed,Nechte Block List povolena,
Leave Block List Allow,Nechte Block List Povolit,
Allow User,Umožňuje uživateli,
Leave Block List Date,Nechte Block List Datum,
Block Date,Block Datum,
Leave Control Panel,Ovládací panel dovolených,
Employment Type (optional),Typ zaměstnání (volitelné),
Branch (optional),Větev (volitelné),
Department (optional),Oddělení (volitelné),
Designation (optional),Označení (volitelné),
Employee Grade (optional),Hodnocení zaměstnanců (volitelné),
Employee (optional),Zaměstnanec (volitelné),
Allocate Leaves,Přidělit listy,
Carry Forward,Převádět,
Please select Carry Forward if you also want to include previous fiscal year's balance leaves to this fiscal year,"Prosím, vyberte převádět pokud chcete také zahrnout uplynulý fiskální rok bilance listy tohoto fiskálního roku",
New Leaves Allocated (In Days),Nové Listy Přidělené (ve dnech),
Leave Balance,Nechat zůstatek,
Encashable days,Dny zapamatovatelné,
Encashment Amount,Část inkasa,
Leave Ledger Entry,Opusťte zápis do knihy,
Transaction Name,Název transakce,
Is Carry Forward,Je převádět,
Is Expired,Platnost vypršela,
Is Leave Without Pay,Je odejít bez Pay,
Holiday List for Optional Leave,Dovolená seznam pro nepovinné dovolené,
Leave Allocations,Ponechat alokace,
Leave Policy Details,Zanechat podrobnosti o zásadách,
Leave Policy Detail,Ponechte detaily zásad,
Annual Allocation,Roční přidělení,
Leave Type Name,Jméno typu absence,
Applicable After (Working Days),Platí po (pracovní dny),
Is Optional Leave,Je volitelné volno,
Allow Negative Balance,Povolit záporný zůstatek,
Include holidays within leaves as leaves,Zahrnout dovolenou v listech jsou listy,
Is Compensatory,Je kompenzační,
Maximum Carry Forwarded Leaves,Maximální počet přepravených listů,
Expire Carry Forwarded Leaves (Days),Vyprší doručené listy (dny),
Calculated in days,Vypočítáno ve dnech,
Encashment,Zapouzdření,
Allow Encashment,Povolit nákres,
Encashment Threshold Days,Dny prahu inkasa,
Earned Leave,Získaná dovolená,
Is Earned Leave,Získaná dovolená,
Earned Leave Frequency,Dosažená frekvence dovolené,
Rounding,Zaokrouhlení,
Payroll Employee Detail,Zaměstnanecký detail zaměstnanců,
Payroll Frequency,Mzdové frekvence,
Fortnightly,Čtrnáctidenní,
Bimonthly,dvouměsíčník,
Employees,zaměstnanci,
Number Of Employees,Počet zaměstnanců,
Employee Details,Podrobnosti o zaměstnanci,
Validate Attendance,Ověřit účast,
Salary Slip Based on Timesheet,Plat Slip na základě časového rozvrhu,
Deduct Tax For Unclaimed Employee Benefits,Odpočítte daň za nevyžádané zaměstnanecké výhody,
Deduct Tax For Unsubmitted Tax Exemption Proof,Odpočet daně za nezdařené osvobození od daně,
Select Payment Account to make Bank Entry,"Vybrat Platební účet, aby Bank Entry",
Salary Slips Created,Vytvořeny platební karty,
Salary Slips Submitted,Příspěvky na plat,
Payroll Periods,Mzdové lhůty,
Payroll Period Date,Den mzdy,
Purpose of Travel,Účel cesty,
Retention Bonus,Retenční bonus,
Bonus Payment Date,Bonus Datum platby,
Bonus Amount,Bonusová částka,
Depends on Payment Days,Závisí na platebních dnech,
Is Tax Applicable,Je daň platná,
Variable Based On Taxable Salary,Proměnná založená na zdanitelném platu,
Exempted from Income Tax,Osvobozeno od daně z příjmu,
Round to the Nearest Integer,Zaokrouhlí na nejbližší celé číslo,
Statistical Component,Statistická složka,
"If selected, the value specified or calculated in this component will not contribute to the earnings or deductions. However, it's value can be referenced by other components that can be added or deducted. ","Pokud je vybrána, hodnota zadaná nebo vypočtená v této složce nepřispívá k výnosům nebo odpočtem. Nicméně, jeho hodnota může být odkazováno na jiné komponenty, které mohou být přidány nebo odečteny.",
Do Not Include in Total,Nezahrnovat celkem,
Flexible Benefits,Flexibilní výhody,
Is Flexible Benefit,Je flexibilní přínos,
Max Benefit Amount (Yearly),Maximální částka prospěchu (ročně),
Only Tax Impact (Cannot Claim But Part of Taxable Income),"Pouze daňový dopad (nelze tvrdit, ale část zdanitelného příjmu)",
Create Separate Payment Entry Against Benefit Claim,Vytvoření odděleného zadání platby proti nároku na dávku,
Amount based on formula,Částka podle vzorce,
Formula,Vzorec,
Salary Detail,plat Detail,
Component,Komponent,
Do not include in total,Nezahrnujte celkem,
Default Amount,Výchozí částka,
Additional Amount,Další částka,
Tax on flexible benefit,Daň z flexibilní výhody,
Tax on additional salary,Daň z příplatku,
Salary Structure,Plat struktura,
Working Days,Pracovní dny,
Salary Slip Timesheet,Plat Slip časový rozvrh,
Earnings,Výdělek,
Deductions,Odpočty,
Total in words,Celkem slovy,
Salary Component for timesheet based payroll.,Plat komponent pro mzdy časového rozvrhu.,
Leave Encashment Amount Per Day,Ponechte částku zaplacení za den,
Max Benefits (Amount),Maximální výhody (částka),
Salary breakup based on Earning and Deduction.,Plat rozpad na základě Zisk a dedukce.,
Total Earning,Celkem Zisk,
Salary Structure Assignment,Přiřazení struktury platu,
Shift Assignment,Shift Assignment,
Shift Type,Typ posunu,
Shift Request,Žádost o posun,
Enable Auto Attendance,Povolit automatickou účast,
Mark attendance based on 'Employee Checkin' for Employees assigned to this shift.,Označte účast na základě „Kontrola zaměstnanců“ u zaměstnanců přiřazených k této změně.,
Auto Attendance Settings,Nastavení automatické účasti,
Determine Check-in and Check-out,Určete check-in a check-out,
Alternating entries as IN and OUT during the same shift,Střídavé záznamy jako IN a OUT během stejné směny,
Strictly based on Log Type in Employee Checkin,Přísně založené na typu protokolu při kontrole zaměstnanců,
Working Hours Calculation Based On,Výpočet pracovní doby na základě,
First Check-in and Last Check-out,První check-in a poslední check-out,
Every Valid Check-in and Check-out,Každá platná check-in a check-out,
Begin check-in before shift start time (in minutes),Zahájení kontroly před začátkem směny (v minutách),
The time before the shift start time during which Employee Check-in is considered for attendance.,"Čas před začátkem směny, během kterého je za účast považováno přihlášení zaměstnanců.",
Allow check-out after shift end time (in minutes),Povolit odhlášení po době ukončení směny (v minutách),
Time after the end of shift during which check-out is considered for attendance.,"Čas po skončení směny, během kterého je check-out považován za účast.",
Working Hours Threshold for Half Day,Práh pracovní doby na půl dne,
Working hours below which Half Day is marked. (Zero to disable),"Pracovní doba, pod kterou je označen půl dne. (Nulování zakázat)",
Working Hours Threshold for Absent,Prahová hodnota pracovní doby pro nepřítomnost,
Working hours below which Absent is marked. (Zero to disable),"Pracovní doba, pod kterou je označen Absent. (Nulování zakázat)",
Process Attendance After,Procesní účast po,
Attendance will be marked automatically only after this date.,Účast bude automaticky označena až po tomto datu.,
Last Sync of Checkin,Poslední synchronizace Checkin,
Last Known Successful Sync of Employee Checkin. Reset this only if you are sure that all Logs are synced from all the locations. Please don't modify this if you are unsure.,"Poslední známá úspěšná synchronizace kontroly zaměstnanců. Obnovte to, pouze pokud jste si jisti, že všechny protokoly jsou synchronizovány ze všech umístění. Pokud si nejste jisti, neupravujte to.",
Grace Period Settings For Auto Attendance,Nastavení doby odkladu pro automatickou účast,
Enable Entry Grace Period,Povolit období odkladu vstupu,
Late Entry Grace Period,Pozdní doba odkladu,
The time after the shift start time when check-in is considered as late (in minutes).,"Čas po začátku směny, kdy se check-in považuje za pozdní (v minutách).",
Enable Exit Grace Period,Povolit ukončení doby odkladu,
Early Exit Grace Period,Časné ukončení odkladu,
The time before the shift end time when check-out is considered as early (in minutes).,"Čas před koncem směny, kdy je check-out považován za časný (v minutách).",
Skill Name,Jméno dovednosti,
Staffing Plan Detail,Personální plán detailu,
Total Estimated Budget,Celkový odhadovaný rozpočet,
Vacancies,Volná místa,
Estimated Cost Per Position,Odhadovaná cena za pozici,
Total Estimated Cost,Celkové odhadované náklady,
Current Count,Aktuální počet,
Current Openings,Aktuální místa,
Number Of Positions,Počet pozic,
Taxable Salary Slab,Zdanitelná mzdová deska,
From Amount,Z částky,
To Amount,Do výše,
Percent Deduction,Procentní odpočet,
Training Program,Tréninkový program,
Event Status,Event Status,
Has Certificate,Má certifikát,
Seminar,Seminář,
Theory,Teorie,
Workshop,Dílna,
Conference,Konference,
Exam,Zkouška,
Internet,Internet,
Self-Study,Samostudium,
Advance,Záloha,
Trainer Name,Jméno trenér,
Trainer Email,trenér Email,
Attendees,Účastníci,
Employee Emails,E-maily zaměstnanců,
Training Event Employee,Vzdělávání zaměstnanců Event,
Invited,Pozván,
Feedback Submitted,Zpětná vazba Vložené,
Training Result Employee,Vzdělávací Výsledek,
Travel Itinerary,Cestovní itinerář,
Travel From,Cestování z,
Travel To,Cestovat do,
Mode of Travel,Způsob cestování,
Flight,Let,
Train,Vlak,
Taxi,Taxi,
Rented Car,Pronajaté auto,
Meal Preference,Předvolba jídla,
Vegetarian,Vegetariánský,
Non-Vegetarian,Nevegetarián,
Gluten Free,Bezlepkový,
Non Diary,Bez deníku,
Travel Advance Required,Vyžaduje se cestovní záloha,
Departure Datetime,Čas odletu,
Arrival Datetime,Čas příjezdu,
Lodging Required,Požadováno ubytování,
Preferred Area for Lodging,Preferovaná oblast pro ubytování,
Check-in Date,Datum příjezdu,
Check-out Date,Zkontrolovat datum,
Travel Request,Žádost o cestování,
Travel Type,Typ cesty,
Domestic,Domácí,
International,Mezinárodní,
Travel Funding,Financování cest,
Require Full Funding,Požádejte o plné financování,
Fully Sponsored,Plně sponzorováno,
"Partially Sponsored, Require Partial Funding","Částečně sponzorované, vyžadují částečné financování",
Copy of Invitation/Announcement,Kopie pozvánky / oznámení,
"Details of Sponsor (Name, Location)","Podrobnosti o sponzoru (název, umístění)",
Identification Document Number,identifikační číslo dokumentu,
Any other details,Další podrobnosti,
Costing Details,Kalkulovat podrobnosti,
Event Details,Podrobnosti události,
Name of Organizer,Název pořadatele,
Address of Organizer,Adresa pořadatele,
Travel Request Costing,Náklady na cestování,
Expense Type,Typ výdajů,
Sponsored Amount,Sponzorovaná částka,
Funded Amount,Financovaná částka,
Upload Attendance,Nahrát Návštěvnost,
Attendance From Date,Účast Datum od,
Attendance To Date,Účast na data,
Get Template,Získat šablonu,
Import Attendance,Importovat Docházku,
Upload HTML,Nahrát HTML,
HR-VLOG-.YYYY.-,HR-VLOG-.YYYY.-,
Odometer Reading,stav tachometru,
Current Odometer value ,Aktuální hodnota kilometru,
Refuelling Details,Tankovací Podrobnosti,
Invoice Ref,Faktura Ref,
Service Details,Podrobnosti o službě,
Vehicle Service,servis vozidel,
Service Item,servis Položka,
Brake Oil,Brake Oil,
Brake Pad,Brzdový pedál,
Clutch Plate,Kotouč spojky,
Engine Oil,Motorový olej,
Oil Change,Výměna oleje,
Inspection,Inspekce,
Mileage,Najeto,
Salary Slip Loan,Úvěrový půjček,
Loan Repayment Entry,Úvěrová splátka,
May,Květen,
June,červen,
July,červenec,
Bank Remittance,Bankovní převody,
Daily Work Summary Replies,Denní shrnutí odpovědí,
Employee Advance Summary,Zaměstnanecké předběžné shrnutí,
Employees working on a holiday,Zaměstnanci pracující na dovolenou,
Monthly Attendance Sheet,Měsíční Účast Sheet,
Salary Register,plat Register,
Unpaid Expense Claim,Neplacené Náklady na pojistná,
Payment Account is mandatory,Platební účet je povinný,
"If checked, the full amount will be deducted from taxable income before calculating income tax without any declaration or proof submission.","Pokud je zaškrtnuto, bude odečtena celá částka ze zdanitelného příjmu před výpočtem daně z příjmu bez jakéhokoli prohlášení nebo předložení dokladu.",
In Time,Včas,
Out Time,Out Time,
Is Recurring,Opakuje se,
HRA Exemption,Výjimka HRA,
Monthly House Rent,Měsíční nájem domu,
Rented in Metro City,Pronajato v Metro City,
HRA as per Salary Structure,HRA podle struktury platů,
Annual HRA Exemption,Roční výjimka HRA,
Monthly HRA Exemption,Měsíční výjimka HRA,
House Rent Payment Amount,Částka platby za pronájem domu,
Rented From Date,Pronajato od data,
Rented To Date,Pronajato k dnešnímu dni,
Monthly Eligible Amount,Způsobilá částka za měsíc,
Total Eligible HRA Exemption,Celková způsobilá výjimka HRA,
Validating Employee Attendance...,Ověření docházky zaměstnanců ...,
Submitting Salary Slips and creating Journal Entry...,Odeslání výplatních pásek a vytvoření zápisu do deníku ...,
Calculate Payroll Working Days Based On,Vypočítejte mzdové pracovní dny na základě,
Consider Unmarked Attendance As,Zvažte neoznačenou účast jako,
Fraction of Daily Salary for Half Day,Frakce denního platu za půl dne,
Component Type,Typ součásti,
Provident Fund,Podpůrný fond,
Additional Provident Fund,Dodatečný zajišťovací fond,
Provident Fund Loan,Půjčka na penzijní fond,
Professional Tax,Profesionální daň,
Is Income Tax Component,Je složkou daně z příjmu,
Component properties and references ,Vlastnosti komponent a odkazy,
Additional Salary ,Dodatečný plat,
Unmarked days,Neoznačené dny,
Absent Days,Chybějící dny,
Conditions and Formula variable and example,Podmínky a proměnná vzorce a příklad,
Income Tax Deductions,Srážky daně z příjmu,
Income Tax Component,Složka daně z příjmu,
Income Tax Amount,Výše daně z příjmu,
Unmarked Days,Neoznačené dny,
Jan,Jan,
Feb,Února,
Mar,Mar,
Apr,Dubna,
Aug,Srpen,
Sep,Září,
Oct,Října,
Nov,listopad,
Dec,Prosinec,
Summarized View,Shrnutý pohled,
Professional Tax Deductions,Profesionální odpočty daní,
Provident Fund Deductions,Srážky fondu poskytovatele,
Recruitment Analytics,Náborová analýza,
Applicant name,Jméno uchazeče,
Job Offer status,Stav pracovní nabídky,
On Date,Na rande,
Salary Payments Based On Payment Mode,Platy na základě platebního režimu,
Salary Payments via ECS,Platy přes ECS,
Account No,Číslo účtu,
IFSC,IFSC,
MICR,MICR,
PF Account,Účet PF,
PF Amount,Částka PF,
Additional PF,Další PF,
PF Loan,PF Půjčka,
Duplicate Entry,Duplicitní záznam,
Please select Employee first.,Nejprve prosím vyberte Zaměstnanec.,
To Date should be greater than From Date,Do data by mělo být větší než Od data,
Job Offer: {0} is already for Job Applicant: {1},Nabídka práce: {0} je již pro uchazeče o zaměstnání: {1},
Only Shift Request with status 'Approved' and 'Rejected' can be submitted,Lze odeslat pouze žádost o změnu se stavem „Schváleno“ a „Odmítnuto“,
Shift Assignment: {0} created for Employee: {1},Přiřazení směny: {0} vytvořeno pro zaměstnance: {1},
You can not request for your Default Shift: {0},O svůj výchozí posun nemůžete požádat: {0},
Only Approvers can Approve this Request.,Tuto žádost mohou schválit pouze schvalovatelé.,
Please set Payroll based on in Payroll settings,Nastavte prosím mezd na základě v nastavení mezd,
Additional Salary: {0} already exist for Salary Component: {1} for period {2} and {3},Další plat: {0} již pro komponentu Plat: {1} pro období {2} a {3},
Payroll date can not be less than employee's joining date.,Datum výplaty nesmí být menší než datum nástupu zaměstnance.,
From date can not be less than employee's joining date.,Od data nesmí být menší než datum nástupu zaměstnance.,
To date can not be greater than employee's relieving date.,K dnešnímu dni nemůže být větší než datum ulehčení zaměstnance.,
Payroll date can not be greater than employee's relieving date.,Datum výplaty nesmí být větší než datum uvolnění zaměstnance.,
Condition and formula,Stav a vzorec,
Available Leaves,Dostupné listy,
IFSC Code,Kód IFSC,
Others,Ostatní,
Total Allocated Leaves,Celkové přidělené listy,
Used Leaves,Použité listy,
PAN Number,PAN číslo,
Expired Leaves,Vypršela platnost listů,
