) for {0},) jaoks {0},
A {0} exists between {1} and {2} (,{1} ja {2} vahel on {0} (,
Absent,Puuduv,
Accrual Journal Entry for salaries from {0} to {1},Accrual Journal sissekanne palkade eest alates {0} kuni {1},
Add to Details,Lisa detailidesse,
Added to details,Lisatud üksikasjadesse,
All Jobs,Kõik Jobs,
Allocated Leaves,Eraldatud lehed,
Annual Salary,Aastapalka,
Application period cannot be across two allocation records,Taotluste esitamise periood ei tohi olla üle kahe jaotamise kirje,
Application period cannot be outside leave allocation period,Taotlemise tähtaeg ei tohi olla väljaspool puhkuse eraldamise ajavahemikul,
Apply Now,Rakendatakse kohe,
Apprentice,Praktikant,
Approval Status,Kinnitamine Staatus,
Approval Status must be 'Approved' or 'Rejected',Nõustumisstaatus tuleb &quot;Kinnitatud&quot; või &quot;Tõrjutud&quot;,
As per your assigned Salary Structure you cannot apply for benefits,Teie määratud palgakorralduse järgi ei saa te taotleda hüvitisi,
Assign,Määra,
Assign Salary Structure,Palkade struktuuri määramine,
Assign to Employees,Määra töötajatele,
Assigning Structures...,Struktuuride määramine ...,
Attendance,Osavõtt,
Attendance From Date and Attendance To Date is mandatory,Osavõtt From kuupäev ja kohalolijate kuupäev on kohustuslik,
Attendance for employee {0} is already marked for this day,Osalemine töötajate {0} on juba märgistatud sellel päeval,
Attendance not submitted for {0} as it is a Holiday.,"Osalemine pole esitatud {0} jaoks, kuna see on puhkus.",
Bank Entries,Bank Sissekanded,
Base,alus,
Beginner,algaja,
Birthday Reminder,Sünnipäeva meeldetuletus,
Bonus Payment Date cannot be a past date,Boonuse maksmise kuupäev ei saa olla varasem kuupäev,
Calls,Kutsub,
Cannot find active Leave Period,Ei leia aktiivset puhkuseperioodi,
Casual Leave,Casual Leave,
Claimed Amount,Nõutud summa,
Compensatory Off,Tasandusintress Off,
Contact Number,Kontakt arv,
Course,Kursus,
Create Disbursement Entry,Väljamaksete kirje loomine,
Create Salary Slip,Loo palgatõend,
Create Salary Slips,Loo palgatõusud,
Creating Payment Entries......,Maksekorralduste loomine ......,
Creating Salary Slips...,Palkalendite loomine ...,
Current,praegune,
Current Job Openings,Praegune noorele,
Daily Work Summary,Igapäevase töö kokkuvõte,
Daily Work Summary Group,Igapäevase töö kokkuvõtte rühm,
Date is repeated,Kuupäev korratakse,
Debit A/C Number,Deebet A / C arv,
Deduction,Kinnipeetav,
Document Status,Dokumendi staatus,
Earning,Tulu,
Employee A/C Number,Töötaja A / C number,
Employee Benefits,Töövõtjate hüvitised,
Employee Grade,Töötajate hinne,
Employee Referral,Töötaja suunamine,
Employee relieved on {0} must be set as 'Left',Töötaja vabastati kohta {0} tuleb valida &#39;Vasak&#39;,
Employee {0} already submited an apllication {1} for the payroll period {2},Töötaja {0} on juba esitanud apllication {1} palgaarvestusperioodi kohta {2},
Employee {0} has no maximum benefit amount,Töötaja {0} ei ole maksimaalse hüvitise suurust,
Employee {0} is not active or does not exist,Töötaja {0} ei ole aktiivne või ei ole olemas,
Employee {0} is on Leave on {1},Töötaja {0} on lahkunud {1},
Employee {0} on Half day on {1},Töötaja {0} on Half päeval {1},
End time cannot be before start time,Lõpuaeg ei saa olla enne algusaega,
Evaluation,Hindamine,
Event Location,Sündmuse asukoht,
Event Name,sündmus Nimi,
Expense Claim for Vehicle Log {0},Kulu nõue Sõiduki Logi {0},
Expense Claim {0} already exists for the Vehicle Log,Kuluhüvitussüsteeme {0} on juba olemas Sõiduki Logi,
Fill the form and save it,Täitke vorm ja salvestage see,
Filter Employees By (Optional),Töötajate filtreerimine (valikuline),
Fiscal Year {0} not found,Eelarveaastal {0} ei leitud,
Food,Toit,
For Employee,Töötajate,
From Date {0} cannot be after employee's relieving Date {1},Alates kuupäevast {0} ei saa olla pärast töötaja vabastamist Kuupäev {1},
From Date {0} cannot be before employee's joining Date {1},Alates Kuupäevast {0} ei saa olla enne töötaja liitumist Kuupäev {1},
From date can not be less than employee's joining date,Alates kuupäevast ei saa olla väiksem kui töötaja liitumise kuupäev,
Fuel Price,Kütuse hind,
Fuel Qty,Kütus Kogus,
Full-time,Täiskohaga,
Future dates not allowed,Tulevased kuupäevad pole lubatud,
Get Details From Declaration,Hankige üksikasju deklaratsioonist,
Get Employees,Hankige töötajaid,
Gross Pay,Gross Pay,
Guest,Külaline,
Half Day,Pool päeva,
Half Day Date is mandatory,Pool päevapäev on kohustuslik,
Half Day Date should be between From Date and To Date,Pool päeva kuupäev peab olema vahemikus From kuupäev ja To Date,
Half Day Date should be in between Work From Date and Work End Date,Poolpäeva kuupäev peab olema ajavahemikus Töö kuupäevast kuni töö lõppkuupäevani,
Half day date should be in between from date and to date,Päevapäev peaks olema kuupäevast kuni kuupäevani,
Hello,Tere,
House rent paid days overlapping with {0},Maja üür tasutud päevad kattuvad {0} -ga,
House rented dates required for exemption calculation,Maksuvabastuse arvutamiseks vajalikud maja rendivad kuupäevad,
House rented dates should be atleast 15 days apart,Maja renditud kuupäevad peaksid olema vähemalt 15 päeva kaugusel,
Interest Amount,Intressisummat,
Intern,Intern,
Job Description,Töö kirjeldus,
Job Offer,Tööpakkumine,
Jobs,Tööturg,
Leave Approval Notification,Jäta heakskiidu teatis,
Leave Blocked,Jäta blokeeritud,
Leave Encashment,Jäta Inkassatsioon,
Leave Status Notification,Jäta olekutest teavitamine,
Leave Type,Jäta Type,
Leave Type is madatory,Jäta tüüp on aegunud,
Leave Type {0} cannot be allocated since it is leave without pay,"Jäta tüüp {0} ei saa jaotada, sest see on palgata puhkust",
Leave Type {0} cannot be carry-forwarded,Jäta tüüp {0} ei saa läbi-edasi,
Leave Type {0} is not encashable,Väljastusviis {0} ei ole kaarekitav,
Leave Without Pay,Palgata puhkust,
"Leave cannot be allocated before {0}, as leave balance has already been carry-forwarded in the future leave allocation record {1}","Jäta ei saa eraldada enne {0}, sest puhkuse tasakaal on juba carry-edastas tulevikus puhkuse jaotamise rekord {1}",
"Leave cannot be applied/cancelled before {0}, as leave balance has already been carry-forwarded in the future leave allocation record {1}","Jäta ei saa kohaldada / tühistatud enne {0}, sest puhkuse tasakaal on juba carry-edastas tulevikus puhkuse jaotamise rekord {1}",
Leave of type {0} cannot be longer than {1},Jäta tüüpi {0} ei saa olla pikem kui {1},
Leaves,Lehed,
Leaves Allocated Successfully for {0},Lehed Eraldatud edukalt {0},
Leaves per Year,Lehed aastas,
Lifecycle,Eluring,
Mark Attendance,Marki külastajate arv,
Max Exemption Amount cannot be greater than maximum exemption amount {0} of Tax Exemption Category {1},Maksimaalne vabastussumma ei saa olla suurem kui maksuvabastuse kategooria {1} maksimaalne vabastussumma {0},
Max benefits should be greater than zero to dispense benefits,Hüvitiste saamiseks peaks maksimaalne hüvitis olema suurem kui null,
Maximum amount eligible for the component {0} exceeds {1},Komponendi {0} jaoks maksimaalne summa ületab {1},
Maximum benefit amount of component {0} exceeds {1},Komponendi {0} maksimaalne hüvitise summa ületab {1},
Maximum benefit amount of employee {0} exceeds {1},Töötaja maksimaalne hüvitise summa {0} ületab {1},
Maximum leave allowed in the leave type {0} is {1},Puhkerežiimis lubatud maksimaalne puhkus {0} on {1},
Medical,Medical,
Mode of payment is required to make a payment,Maksmise viis on kohustatud makse,
More than one selection for {0} not allowed,Rohkem kui üks valik {0} jaoks pole lubatud,
Net Pay,Netopalk,
Net Pay cannot be less than 0,Netopalk ei tohi olla väiksem kui 0,
Net Salary Amount,Netopalgasumma,
Net pay cannot be negative,Netopalk ei tohi olla negatiivne,
No Employee Found,Töötajaid ei leitud,
No Salary Structure assigned for Employee {0} on given date {1},Palkade struktuur määratud töötajatele {0} antud kuupäeval {1},
No Staffing Plans found for this Designation,Selle nimetuse jaoks pole leitud personaliplaane,
No active or default Salary Structure found for employee {0} for the given dates,Ei aktiivne või vaikimisi Palgastruktuur leitud töötaja {0} jaoks antud kuupäeva,
No more updates,Enam uuendused,
No replies from,Ei vastuseid,
No salary slip found to submit for the above selected criteria OR salary slip already submitted,Palkade libisemist ei leitud enam esitatud kriteeriumidele vastavaks esitamiseks või juba esitatud palgalehelt,
Nothing to change,Miski ei muutu,
Notice Period,Etteteatamistähtaeg,
Only Leave Applications with status 'Approved' and 'Rejected' can be submitted,Ainult Jäta rakendusi staatuse &quot;Kinnitatud&quot; ja &quot;Tõrjutud&quot; saab esitada,
Optional Holiday List not set for leave period {0},"Vabatahtlik Puhkusloetelu, mis pole määratud puhkuseperioodiks {0}",
Part-time,Poole kohaga,
Password policy for Salary Slips is not set,Palgalipude paroolipoliitika pole seadistatud,
Payment Days,Makse päeva,
Payment of {0} from {1} to {2},{0} maksmine alates {1} kuni {2},
Payroll,palgafond,
Payroll Number,Palganumber,
Piecework,Tükitöö,
Please add the remaining benefits {0} to any of the existing component,Palun lisage ülejäänud eelised {0} mis tahes olemasolevale komponendile,
Please confirm once you have completed your training,"Kinnitage, kui olete oma koolituse lõpetanud",
Please enable default incoming account before creating Daily Work Summary Group,Palun lubage enne sissetuleva konto sisselogimist enne igapäevase töö kokkuvõtte grupi loomist,
Please select Company and Designation,Palun vali ettevõte ja nimetus,
Please select Employee,Palun vali Töötaja,
Please select a csv file,Palun valige csv faili,
Please set default template for Leave Approval Notification in HR Settings.,Palun seadistage HR-seadetes lehe kinnitamise teatise vaikemall.,
Please set default template for Leave Status Notification in HR Settings.,"Palun määrake vaikimisi malli, kui jätate oleku märguande menüüsse HR-seaded.",
Please set the Company,Määrake Company,
Please set the Date Of Joining for employee {0},Määrake Liitumis töötajate {0},
Please share your feedback to the training by clicking on 'Training Feedback' and then 'New',"Jagage oma koolituse kohta tagasisidet, klõpsates &quot;Treening Tagasiside&quot; ja seejärel &quot;Uus&quot;",
Please update your status for this training event,Palun uuendage seda koolitusüritust,
Present,Oleviku,
Preview Salary Slip,Eelvaade palgatõend,
Privilege Leave,Privilege Leave,
Probation,Karistusest,
Probationary Period,Katseaeg,
Property,Vara,
Property already added,Kinnisvara on juba lisatud,
Replies,Vastused,
Responsibilities,Vastutus,
Role,Osa,
Row {0}# Allocated amount {1} cannot be greater than unclaimed amount {2},Rida {0} # eraldatud summa {1} ei tohi olla suurem kui taotletud summa {2},
Row {0}# Paid Amount cannot be greater than requested advance amount,Rida {0} # tasuline summa ei tohi olla suurem kui taotletud ettemakse summa,
Salary Slip ID,Palgatõend ID,
Salary Slip of employee {0} already created for this period,Palgatõend töötaja {0} on juba loodud selleks perioodiks,
Salary Slip of employee {0} already created for time sheet {1},Palgatõend töötaja {0} on juba loodud ajaandmik {1},
Salary Structure Assignment for Employee already exists,Töötaja palgastruktuuri määramine on juba olemas,
Salary Structure Missing,Palgastruktuur Kadunud,
Salary Structure not found for employee {0} and date {1},Töötaja {0} ja kuupäeva {1} palgastruktuuri ei leitud,
Salary Structure should have flexible benefit component(s) to dispense benefit amount,Palgakonstruktsioonil peaks olema hüvitise saamiseks liiga paindlik hüvitiseosa,
"Salary already processed for period between {0} and {1}, Leave application period cannot be between this date range.",Palk juba töödeldud ajavahemikus {0} ja {1} Jäta taotlemise tähtaeg ei või olla vahel selles ajavahemikus.,
Sanctioned Amount cannot be greater than Claim Amount in Row {0}.,Sanktsioneeritud summa ei või olla suurem kui nõude summast reas {0}.,
Score must be less than or equal to 5,Score peab olema väiksem või võrdne 5,
Select Property,Vali vara,
Select an employee to get the employee advance.,"Valige töötaja, et saada töötaja ette.",
Service Expense,Teenuse kulu,
Show Employee,Näita töötajaid,
Show Salary Slip,Näita palgatõend,
Sick Leave,Haiguslehel,
"Skipping Salary Structure Assignment for the following employees, as Salary Structure Assignment records already exists against them. {0}","Järgmiste töötajate palgastruktuuri määramise vahelejätmine, kuna palgastruktuuri määramise kirjed on nende vastu juba olemas. {0}",
Staffing Plan {0} already exist for designation {1},Personaliplaan {0} on juba olemas määramiseks {1},
"Start and end dates not in a valid Payroll Period, cannot calculate {0}","Algus- ja lõppkuupäevad ei kehti kehtivas palgaarvestuse perioodis, ei saa arvutada {0}",
"Start and end dates not in a valid Payroll Period, cannot calculate {0}.","Algus- ja lõppkuupäevad ei ole kehtiva palgalävi perioodil, ei saa arvutada {0}.",
Stock Options,Stock Options,
Structures have been assigned successfully,Struktuurid on edukalt määratud,
Submit Proof,Esita tõend,
Submit Salary Slip,Esita palgatõend,
Submit this to create the Employee record,"Esitage see, et luua töötaja kirje",
Submitting Salary Slips...,Päevaraha esitamine ...,
Team Updates,Team uuendused,
Thank you,Aitäh,
The day(s) on which you are applying for leave are holidays. You need not apply for leave.,"Päev (ad), millal te taotlete puhkuse puhkepäevadel. Sa ei pea taotlema puhkust.",
There are more holidays than working days this month.,Seal on rohkem puhkuse kui tööpäeva sel kuul.,
There is no leave period in between {0} and {1},Puudub ajavahemik {0} ja {1} vahel,
This is based on the attendance of this Employee,See põhineb käimist selle töötaja,
This will submit Salary Slips and create accrual Journal Entry. Do you want to proceed?,See esitab Palkade loendused ja loob kogunenud ajakirja kande. Kas soovite jätkata?,
To date can not be equal or less than from date,Praeguseks ei saa olla võrdne või väiksem kuupäevast,
To date can not be less than from date,Praeguseks ei saa olla vähem kui kuupäeval,
To date can not greater than employee's relieving date,Praeguseks ei saa olla suurem kui töötaja vabastamise kuupäev,
Total Absent,Kokku puudub,
Total Deduction,Kokku mahaarvamine,
Total Leaves,Kokku Lehed,
Total Present,Kokku olevik,
Total advance amount cannot be greater than total sanctioned amount,Ettemakse kogusumma ei tohi olla suurem kui sanktsioonide kogusumma,
Total flexible benefit component amount {0} should not be less than max benefits {1},Paindliku hüvitise komponendi summa {0} ei tohiks olla väiksem kui maksimaalne kasu {1},
Total leaves allocated is mandatory for Leave Type {0},Lehtede kogusumma on kohustuslik väljumiseks Tüüp {0},
Total working hours should not be greater than max working hours {0},Kokku tööaeg ei tohi olla suurem kui max tööaeg {0},
Training,Koolitus,
Training Event,koolitus Sündmus,
Training Events,Koolitusüritused,
Training Feedback,koolitus tagasiside,
Training Result,koolitus Tulemus,
Travel,Reisimine,
Update Response,Uuenda vastust,
Value missing,Väärtus on puudu,
Variable,muutuja,
Walk In,Sisse astuma,
Warning: Leave application contains following block dates,Hoiatus: Jäta taotlus sisaldab järgmist plokki kuupäev,
Website Listing,Veebilehe loend,
Work Summary for {0},Töö kokkuvõte {0} jaoks,
You are not authorized to approve leaves on Block Dates,Teil ei ole kiita lehed Block kuupäevad,
You are not present all day(s) between compensatory leave request days,Te ei viibi hüvitamisele kuuluvate puhkusepäevade kogu päeva (päevade vahel),
You can only submit Leave Encashment for a valid encashment amount,"Saate sisestada ainult sissekande lahtioleku kohta, milleks on kehtiv kogusumma",
{0} already allocated for Employee {1} for period {2} to {3},{0} on juba eraldatud Töötaja {1} ajaks {2} et {3},
{0} applicable after {1} working days,{0} kehtib pärast {1} tööpäeva,
{0} is not in Optional Holiday List,{0} ei ole vabatahtlik puhkuse nimekiri,
{0} is not in a valid Payroll Period,{0} ei kehti kehtivas Palgaarvestusperioodis,
{0} must be submitted,{0} tuleb esitada,
"{0}: Employee email not found, hence email not sent","{0}: Töötaja e-posti ei leitud, seega e-posti ei saadeta",
{0}: From {0} of type {1},{0}: From {0} tüüpi {1},
Conditions,Tingimused,
Percent,Protsenti,
Error in some rows,Viga mõnes reas,
Benefit,Kasu,
Shift,Vahetus,
Importing {0} of {1},{0} {1} importimine,
'employee_field_value' and 'timestamp' are required.,Vaja on &#39;töötaja_välja_väärtus&#39; ja &#39;ajatempel&#39;.,
Allocation Expired!,Jaotus on aegunud!,
Attendance Marked,Osalemine tähistatud,
Attendance has been marked as per employee check-ins,Osalemine on märgitud töötajate registreerimiste järgi,
Date Range,Kuupäevavahemik,
Event Link,Ürituse link,
Expire Allocation,Aegumise jaotus,
Fuel Expense,Kütuse kulu,
Intermediate,kesktaseme,
Leave application is linked with leave allocations {0}. Leave application cannot be set as leave without pay,Puhkusetaotlus on seotud puhkuseeraldistega {0}. Puhkusetaotlust ei saa seada palgata puhkuseks,
Log Type is required for check-ins falling in the shift: {0}.,Logi liik on nõutav vahetuses langevate registreerimiste jaoks: {0}.,
No Employee found for the given employee field value. '{}': {},Antud töötaja välja väärtuse jaoks töötajat ei leitud. &#39;{}&#39;: {},
No Leaves Allocated to Employee: {0} for Leave Type: {1},Töötajale ei ole eraldatud ühtegi lehte: {0} puhkustüübi jaoks: {1},
Only expired allocation can be cancelled,Ainult aegunud jaotust saab tühistada,
Only users with the {0} role can create backdated leave applications,"Ainult kasutajad, kellel on roll {0}, saavad luua tagasiulatuvaid puhkuserakendusi",
Password policy cannot contain spaces or simultaneous hyphens. The format will be restructured automatically,Paroolipoliitika ei tohi sisaldada tühikuid ega üheaegseid sidekriipsu. Vorming restruktureeritakse automaatselt,
Please enter the designation,Sisestage nimetus,
There are no vacancies under staffing plan {0},Töötajate kavas pole ühtegi vaba ametikohta {0},
This employee already has a log with the same timestamp.{0},Sellel töötajal on juba sama ajatempliga logi. {0},
Timing,Ajastus,
To date needs to be before from date,Tänaseks peab olema kuupäevast varem,
Total Early Exits,Varajane lahkumine kokku,
Total Late Entries,Hiline kanne kokku,
Training Event:,Treeningüritus:,
Unable to find Salary Component {0},Palgakomponenti ei leitud {0},
Unmarked Attendance for days,Päevade märkimata osalemine,
Vacancies cannot be lower than the current openings,Vabad töökohad ei saa olla madalamad kui praegused avad,
{} is an invalid Attendance Status.,{} on sobimatu osalemise olek.,
Printed On,Trükitud,
No employee found,Töötajaid ei leitud,
Please setup Employee Naming System in Human Resource > HR Settings,Palun seadistage töötajate nimetamise süsteem personaliressursist&gt; HR-sätted,
Please setup numbering series for Attendance via Setup > Numbering Series,Palun seadistage kohaloleku jaoks numeratsiooniseeria seadistamise&gt; Numeratsiooniseeria kaudu,
Current Odometer Value should be greater than Last Odometer Value {0},Praegune läbisõidumõõdiku väärtus peaks olema suurem kui viimase odomeetri väärtus {0},
No additional expenses has been added,Lisakulutusi pole lisatud,
{0} already exists for employee {1} and period {2},{0} on juba olemas töötaja {1} ja perioodi {2} jaoks,
Leaves Allocated,Lehed eraldatud,
Leave Without Pay does not match with approved {} records,Puhkuseta jätmine ei vasta kinnitatud {} kirjetele,
Income Tax Slab not set in Salary Structure Assignment: {0},Tulumaksuplaan pole palgastruktuuri ülesandes määratud: {0},
Income Tax Slab: {0} is disabled,Tulumaksuplaat: {0} on keelatud,
Income Tax Slab must be effective on or before Payroll Period Start Date: {0},Tulumaksuplaat peab kehtima palgaperioodi alguskuupäeval või enne seda: {0},
No leave record found for employee {0} on {1},Töötaja {0} kohta {1} ei leitud puhkuse arvestust,
Row {0}: {1} is required in the expenses table to book an expense claim.,Rida {0}: kulunõude broneerimiseks on kulude tabelis vaja {1}.,
Set the default account for the {0} {1},Määra konto {0} {1} jaoks vaikekonto,
(Half Day),(Pool päeva),
Income Tax Slab,Tulumaksuplaat,
Row #{0}: Cannot set amount or formula for Salary Component {1} with Variable Based On Taxable Salary,Rida nr {0}: palgakomponendi {1} summat või valemit ei saa määrata maksustatava palga alusel muutujaga,
Repay From Salary can be selected only for term loans,Tagasimakse palgast saab valida ainult tähtajaliste laenude puhul,
Salary Component Account,Palk Component konto,
Default Bank / Cash account will be automatically updated in Salary Journal Entry when this mode is selected.,Vaikimisi Bank / arvelduskontole uuendatakse automaatselt sisse palk päevikusissekanne kui see režiim on valitud.,
Result,Tulemus,
Total Score,punkte kokku,
Joining Date,Liitumine kuupäev,
Publish on website,Avaldab kodulehel,
Application Status,Application staatus,
IN,IN,
Remind Before,Tuleta meelde enne,
Reminded,Meenutas,
Additional Salary,Täiendav palk,
HR-ADS-.YY.-.MM.-,HR-ADS-.YY.-. MM.-,
Salary Component,palk Component,
Overwrite Salary Structure Amount,Palga struktuuri summa ülekirjutamine,
Deduct Full Tax on Selected Payroll Date,Mahaarvatakse täielik maks valitud palgaarvestuse kuupäeval,
Payroll Date,Palgaarvestuskuupäev,
Salary Component Type,Palgakomplekti tüüp,
Appointment Letter,Töölevõtu kiri,
Appointment Date,Ametisse nimetamise kuupäev,
Appointment Letter Template,Ametisse nimetamise mall,
Closing Notes,Lõppmärkused,
Appointment Letter content,Ametisse nimetamise kirja sisu,
Appraisal,Hinnang,
HR-APR-.YY.-.MM.,HR-APR-.YY.-M.M.,
For Employee Name,Töötajate Nimi,
Goals,Eesmärgid,
Total Score (Out of 5),Üldskoor (Out of 5),
"Any other remarks, noteworthy effort that should go in the records.","Muid märkusi, tähelepanuväärne jõupingutusi, et peaks minema arvestust.",
Appraisal Goal,Hinnang Goal,
Key Responsibility Area,Key Vastutus Area,
Weightage (%),Weightage (%),
Score (0-5),Score (0-5),
Score Earned,Skoor Teenitud,
Appraisal Template Title,Hinnang Mall Pealkiri,
Appraisal Template Goal,Hinnang Mall Goal,
KRA,KRA,
Key Performance Area,Key Performance Area,
HR-ATT-.YYYY.-,HR-ATT-.YYYY.-,
On Leave,puhkusel,
Work From Home,Kodus töötama,
Leave Application,Jäta ostusoov,
Attendance Date,Osavõtt kuupäev,
Attendance Request,Külastuse taotlus,
Late Entry,Hiline sisenemine,
Early Exit,Varane väljapääs,
Half Day Date,Pool päeva kuupäev,
On Duty,Tööl,
Explanation,Selgitus,
Compensatory Leave Request,Hüvitise saamise taotlus,
Leave Allocation,Jäta jaotamine,
Worked On Holiday,Tööl puhkusel,
Work From Date,Töö kuupäevast,
Work End Date,Töö lõppkuupäev,
Email Sent To,E-post saadetud,
Select Users,Valige Kasutajad,
Send Emails At,Saada e-kirju,
Reminder,Meeldetuletus,
Daily Work Summary Group User,Igapäevase töö kokkuvõtte grupi kasutaja,
email,e-post,
Department Approver,Osakonna kinnitaja,
Approver,Heakskiitja,
Designation Skill,Märkimisoskus,
Skill,Oskus,
Leave Policy,Jäta poliitika välja,
Salary Details,Palk üksikasjad,
HR-EAD-.YYYY.-,HR-EAD-.YYYY.-,
Claimed,Taotletud,
Employee Attendance Tool,Töötaja osalemise Tool,
Unmarked Attendance,Märkimata osavõtt,
Employees HTML,Töötajad HTML,
Marked Attendance,Märkimisväärne osavõtt,
Marked Attendance HTML,Märkimisväärne osavõtt HTML,
Employee Benefit Application,Töövõtja hüvitise taotlus,
Max Benefits (Yearly),Maksimaalsed hüved (aastased),
Remaining Benefits (Yearly),Ülejäänud hüvitised (aastased),
Payroll Period,Palgaarvestusperiood,
Dispensed Amount (Pro-rated),Välja antud summa (hinnatud),
Employee Benefit Application Detail,Töövõtja hüvitise taotlemise üksikasjad,
Earning Component,Komponendi teenimine,
Pay Against Benefit Claim,Maksma hüvitisnõuet,
Max Benefit Amount,Maksimaalne hüvitise summa,
Employee Benefit Claim,Töövõtja hüvitisnõue,
Claim Date,Taotluse kuupäev,
Claim Benefit For,Nõude hüvitis,
Max Amount Eligible,Võimalik maksimaalne kogus,
Expense Proof,Expense Proof,
Employee Boarding Activity,Töötajate üritustegevus,
Activity Name,Tegevuse nimetus,
Required for Employee Creation,Nõutav töötaja loomine,
Applicable in the case of Employee Onboarding,Kohaldatav töötaja pardal,
Employee Checkin,Töötaja Checkin,
Log Type,Logi tüüp,
OUT,VÄLJAS,
Location / Device ID,Asukoha / seadme ID,
Skip Auto Attendance,Jäta vahele automaatkäik,
Shift Start,Shift Start,
Shift End,Vahetuse lõpp,
Shift Actual Start,Tõstuklahvi tegelik algus,
Shift Actual End,Shift tegelik lõpp,
Default Salary Structure,Päevaraha struktuur,
Employee Health Insurance,Töötajate tervisekindlustus,
Health Insurance Name,Ravikindlustuse nimi,
Employee Incentive,Employee Incentive,
Incentive Amount,Stimuleeriv summa,
Employee Onboarding,Töötaja pardal,
Notify users by email,Kasutajaid teavitage e-posti teel,
Employee Onboarding Template,Töötaja pardal asuv mall,
Employee Other Income,Töötaja muud sissetulekud,
Employee Promotion,Töötajate edendamine,
Promotion Date,Edutamise kuupäev,
Employee Promotion Details,Töötaja edutamise üksikasjad,
Employee Property History,Töötaja vara ajalugu,
Employee Separation,Töötaja eraldamine,
Employee Separation Template,Töötaja eraldamise mall,
Exit Interview Summary,Väljuge intervjuu kokkuvõtet,
Employee Skill,Töötaja oskus,
Proficiency,Vilumus,
Evaluation Date,Hindamise kuupäev,
Employee Skill Map,Töötajate oskuste kaart,
Employee Skills,Töötaja oskused,
Trainings,Treeningud,
Employee Tax Exemption Category,Töötaja maksuvabastuse kategooria,
Max Exemption Amount,Maksimaalne vabastussumma,
Employee Tax Exemption Declaration,Töötaja maksuvabastuse deklaratsioon,
Declarations,Deklaratsioonid,
Total Declared Amount,Deklareeritud summa kokku,
Total Exemption Amount,Maksuvabastuse kogusumma,
Employee Tax Exemption Declaration Category,Töötaja maksuvabastuse deklaratsiooni kategooria,
Exemption Sub Category,Vabastuse alamkategooria,
Exemption Category,Erandkategooria,
Maximum Exempted Amount,Maksimaalne vabastatav summa,
Declared Amount,Deklareeritud summa,
Employee Tax Exemption Proof Submission,Töötaja maksuvabastuse tõendamine,
Submission Date,Esitamise kuupäev,
Tax Exemption Proofs,Maksuvabastuse tõendid,
Total Actual Amount,Tegelik summa kokku,
Employee Tax Exemption Proof Submission Detail,Töötaja maksuvabastuse tõendamine,
Maximum Exemption Amount,Maksimaalne vabastussumma,
Type of Proof,Tõendi liik,
Actual Amount,Tegelik summa,
Employee Tax Exemption Sub Category,Töötaja maksuvabastuse alamkategooria,
Tax Exemption Category,Maksuvabastuse kategooria,
Employee Training,Töötajate koolitus,
Training Date,Koolituse kuupäev,
Employee Transfer,Töötaja ülekandmine,
Transfer Date,Ülekande kuupäev,
Employee Transfer Details,Töötajate lähetamise üksikasjad,
Employee Transfer Detail,Töötaja ülekande detail,
Re-allocate Leaves,Lehed uuesti eraldada,
Create New Employee Id,Loo uus töötaja ID,
New Employee ID,Uus töötaja ID,
HR-EXP-.YYYY.-,HR-EXP-YYYY.-,
Expense Taxes and Charges,Kulumaksud ja muud tasud,
Total Sanctioned Amount,Kokku Sanctioned summa,
Total Advance Amount,Eelmakse kokku,
Total Claimed Amount,Kokku nõutav summa,
Total Amount Reimbursed,Hüvitatud kogusummast,
Vehicle Log,Sõidukite Logi,
Employees Email Id,Töötajad Post Id,
More Details,Rohkem detaile,
Expense Claim Account,Kuluhüvitussüsteeme konto,
Expense Claim Advance,Kulude nõude ettemakse,
Expense Claim Detail,Kuluhüvitussüsteeme Detail,
Expense Date,Kulu kuupäev,
Expense Claim Type,Kuluhüvitussüsteeme Type,
HR Settings,HR Seaded,
Employee Settings,Töötaja Seaded,
Expense Approver Mandatory In Expense Claim,Kulude kinnitamise kohustuslik kulude hüvitamise nõue,
Payroll Settings,Palga Seaded,
Leave,Lahku,
Max working hours against Timesheet,Max tööaeg vastu Töögraafik,
Include holidays in Total no. of Working Days,Kaasa pühad Kokku ole. tööpäevade,
"If checked, Total no. of Working Days will include holidays, and this will reduce the value of Salary Per Day","Kui see on märgitud, kokku ei. tööpäevade hulka puhkusereisid ja see vähendab väärtust Palk päevas",
"If checked, hides and disables Rounded Total field in Salary Slips","Kui see on märgitud, peidab ja keelab palgaklaaside välja ümardatud kogusumma",
The fraction of daily wages to be paid for half-day attendance,Poolepäevase osalemise eest makstav murdosa päevapalgast,
Email Salary Slip to Employee,E palgatõend töötajate,
Emails salary slip to employee based on preferred email selected in Employee,"Kirjad palgatõend, et töötaja põhineb eelistatud e valitud Employee",
Encrypt Salary Slips in Emails,Krüpti palgaklaasid meilides,
"The salary slip emailed to the employee will be password protected, the password will be generated based on the password policy.","Töötajale e-posti teel saadetav palgalipik on parooliga kaitstud, parool luuakse paroolipoliitika alusel.",
Password Policy,Paroolipoliitika,
<b>Example:</b> SAL-{first_name}-{date_of_birth.year} <br>This will generate a password like SAL-Jane-1972,<b>Näide:</b> SAL- {eesnimi} - {date_of_birth.year} <br> See genereerib parooli nagu SAL-Jane-1972,
Leave Approval Notification Template,Jäta kinnituse teatise mall,
Leave Status Notification Template,Jäta oleku teavitusmall,
Role Allowed to Create Backdated Leave Application,"Roll, millel on lubatud luua ajakohastatud puhkuserakendus",
Leave Approver Mandatory In Leave Application,Jäta taotleja heakskiit kohustuslikuks,
Show Leaves Of All Department Members In Calendar,Näita kõigi osakonna liikmete lehti kalendris,
Auto Leave Encashment,Automaatne lahkumise krüpteerimine,
Hiring Settings,Töölevõtmise seaded,
Check Vacancies On Job Offer Creation,Kontrollige tööpakkumiste loomise vabu kohti,
Identification Document Type,Identifitseerimisdokumendi tüüp,
Effective from,Jõustub alates,
Allow Tax Exemption,Luba maksuvabastus,
"If enabled, Tax Exemption Declaration will be considered for income tax calculation.","Kui see on lubatud, võetakse tulumaksu arvutamisel arvesse maksuvabastuse deklaratsiooni.",
Standard Tax Exemption Amount,Standardne maksuvabastuse summa,
Taxable Salary Slabs,Tasulised palgaplaadid,
Taxes and Charges on Income Tax,Tulumaksu maksud ja tasud,
Other Taxes and Charges,Muud maksud ja tasud,
Income Tax Slab Other Charges,Tulumaksuplaadi muud tasud,
Min Taxable Income,Min maksustatav tulu,
Max Taxable Income,Maksimaalne maksustatav tulu,
Applicant for a Job,Taotleja Töö,
Job Opening,Vaba töökoht,
Cover Letter,kaaskiri,
Resume Attachment,Jätka Attachment,
Job Applicant Source,Tööpakkuja allikas,
Applicant Email Address,Taotleja e-posti aadress,
Awaiting Response,Vastuse ootamine,
Job Offer Terms,Tööpakkumise tingimused,
Select Terms and Conditions,Vali Tingimused,
Job Offer Term,Tööpakkumise tähtaeg,
Offer Term,Tähtajaline,
Value / Description,Väärtus / Kirjeldus,
Description of a Job Opening,Kirjeldus töökoht,
Staffing Plan,Personaliplaan,
Planned number of Positions,Planeeritud positsioonide arv,
"Job profile, qualifications required etc.","Ametijuhendite, nõutav kvalifikatsioon jms",
HR-LAL-.YYYY.-,HR-LAL-.YYYY.-,
New Leaves Allocated,Uus Lehed Eraldatud,
Add unused leaves from previous allocations,Lisa kasutamata lehed eelmisest eraldised,
Unused leaves,Kasutamata lehed,
Total Leaves Allocated,Kokku Lehed Eraldatud,
Total Leaves Encashed,Kogu lehed on kapseldatud,
Leave Period,Jäta perioodi,
Carry Forwarded Leaves,Kandke edastatud lehti,
Apply / Approve Leaves,Rakenda / Kiita Leaves,
HR-LAP-.YYYY.-,HR-LAP-.YYYY.-,
Leave Balance Before Application,Jäta Balance Enne taotlemine,
Total Leave Days,Kokku puhkusepäevade,
Leave Approver Name,Jäta Approver nimi,
Follow via Email,Järgige e-posti teel,
Block Holidays on important days.,Block pühadel oluliste päeva.,
Leave Block List Name,Jäta Block nimekiri nimi,
Applies to Company,Kehtib Company,
"If not checked, the list will have to be added to each Department where it has to be applied.","Kui ei kontrollita, nimekirja tuleb lisada iga osakond, kus tuleb rakendada.",
Block Days,Block päeva,
Stop users from making Leave Applications on following days.,Peatus kasutajad tegemast Jäta Rakendused järgmistel päevadel.,
Leave Block List Dates,Jäta Block loetelu kuupäevad,
Allow Users,Luba kasutajatel,
Allow the following users to approve Leave Applications for block days.,Laske järgmised kasutajad kinnitada Jäta taotlused blokeerida päeva.,
Leave Block List Allowed,Jäta Block loetelu Lubatud,
Leave Block List Allow,Jäta Block loetelu Laske,
Allow User,Laske Kasutaja,
Leave Block List Date,Jäta Block loetelu kuupäev,
Block Date,Block kuupäev,
Leave Control Panel,Jäta Control Panel,
Employment Type (optional),Töösuhte tüüp (valikuline),
Branch (optional),Filiaal (valikuline),
Department (optional),Osakond (valikuline),
Designation (optional),Nimetus (valikuline),
Employee Grade (optional),Töötaja palgaaste (valikuline),
Employee (optional),Töötaja (valikuline),
Allocate Leaves,Jagage lehti,
Carry Forward,Kanda,
Please select Carry Forward if you also want to include previous fiscal year's balance leaves to this fiscal year,"Palun valige kanda, kui soovite ka lisada eelnenud eelarveaasta saldo jätab see eelarveaastal",
New Leaves Allocated (In Days),Uus Lehed Eraldatud (päevades),
Leave Balance,Jäta saldo,
Encashable days,Encashable päeva,
Encashment Amount,Inkasso summa,
Leave Ledger Entry,Jäta pearaamatu kanne,
Transaction Name,Tehingu nimi,
Is Carry Forward,Kas kanda,
Is Expired,On aegunud,
Is Leave Without Pay,Kas palgata puhkust,
Holiday List for Optional Leave,Puhkusloetelu valikuliseks puhkuseks,
Leave Allocations,Jätke eraldamised,
Leave Policy Details,Jäta poliitika üksikasjad,
Leave Policy Detail,Jätke Policy Detail,
Annual Allocation,Aastane jaotamine,
Leave Type Name,Jäta Tüüp Nimi,
Applicable After (Working Days),Kohaldatav pärast (tööpäeva),
Is Optional Leave,Kas vabatahtlik lahkumine,
Allow Negative Balance,Laske negatiivne saldo,
Include holidays within leaves as leaves,Kaasa pühade jooksul lehed nagu lehed,
Is Compensatory,On kompenseeriv,
Maximum Carry Forwarded Leaves,Maksimaalne edastatud lehtede arv,
Expire Carry Forwarded Leaves (Days),Kehtiv edastatud lehtede kehtivusaeg (päevad),
Calculated in days,Arvutatud päevades,
Encashment,Inkasso,
Allow Encashment,Luba süstimine,
Encashment Threshold Days,Inkasso künnispäevad,
Earned Leave,Teenitud puhkus,
Is Earned Leave,On teenitud lahku,
Earned Leave Frequency,Teenitud puhkuse sagedus,
Rounding,Ümardamine,
Payroll Employee Detail,Palgaarvestus Töötaja üksikasjad,
Payroll Frequency,palgafond Frequency,
Fortnightly,iga kahe nädala tagant,
Bimonthly,kaks korda kuus,
Employees,Töötajad,
Number Of Employees,Töötajate arv,
Employee Details,Töötaja üksikasjad,
Validate Attendance,Osalejate kinnitamine,
Salary Slip Based on Timesheet,Palgatõend põhjal Töögraafik,
Deduct Tax For Unclaimed Employee Benefits,Mahaarvatud maksud seoses taotlemata töötajate hüvitistega,
Deduct Tax For Unsubmitted Tax Exemption Proof,Maksuvabastuse tõestatud maksu mahaarvamine,
Select Payment Account to make Bank Entry,Vali Maksekonto teha Bank Entry,
Salary Slips Created,Loo palgatõusud,
Salary Slips Submitted,Esitatud palgasoodustused,
Payroll Periods,Palgaarvestusperioodid,
Payroll Period Date,Palgaarvestuse perioodi kuupäev,
Purpose of Travel,Reisi eesmärk,
Retention Bonus,Retention bonus,
Bonus Payment Date,Boonustasu maksmise kuupäev,
Bonus Amount,Boonuse summa,
Depends on Payment Days,Oleneb maksepäevadest,
Is Tax Applicable,Kas maksu kohaldatakse,
Variable Based On Taxable Salary,Muutuja maksustatava palga alusel,
Exempted from Income Tax,Tulumaksust vabastatud,
Round to the Nearest Integer,Ümarda lähima täisarvuni,
Statistical Component,Statistilised Component,
"If selected, the value specified or calculated in this component will not contribute to the earnings or deductions. However, it's value can be referenced by other components that can be added or deducted. ","Kui valitud, määratud väärtus või arvutatakse see komponent ei aita kaasa tulu või mahaarvamised. Kuid see väärtus võib viidata teiste komponentide, mida saab lisada või maha.",
Do Not Include in Total,Ärge kaasake kokku,
Flexible Benefits,Paindlikud eelised,
Is Flexible Benefit,On paindlik kasu,
Max Benefit Amount (Yearly),Maksimaalne hüvitise summa (aastane),
Only Tax Impact (Cannot Claim But Part of Taxable Income),Ainult maksualane mõju (ei saa nõuda vaid osa tulumaksust),
Create Separate Payment Entry Against Benefit Claim,Loo eraldi hüvitise taotlusele esitatav sissekanne,
Amount based on formula,Põhinev summa valem,
Formula,valem,
Salary Detail,palk Detail,
Component,komponent,
Do not include in total,Ärge lisage kokku,
Default Amount,Vaikimisi summa,
Additional Amount,Lisasumma,
Tax on flexible benefit,Paindliku hüvitise maksustamine,
Tax on additional salary,Täiendava palga maks,
Salary Structure,Palgastruktuur,
Working Days,Tööpäeva jooksul,
Salary Slip Timesheet,Palgatõend Töögraafik,
Earnings,Tulu,
Deductions,Mahaarvamised,
Total in words,Kokku sõnades,
Salary Component for timesheet based payroll.,Palk Component töögraafik põhineb palgal.,
Leave Encashment Amount Per Day,Jäta päevas olev kogusumma,
Max Benefits (Amount),Maksimaalsed hüvitised (summa),
Salary breakup based on Earning and Deduction.,Palk väljasõit põhineb teenimine ja mahaarvamine.,
Total Earning,Kokku teenimine,
Salary Structure Assignment,Palga struktuuri määramine,
Shift Assignment,Shift Assignment,
Shift Type,Shift Type,
Shift Request,Shift-taotlus,
Enable Auto Attendance,Luba automaatne osalemine,
Mark attendance based on 'Employee Checkin' for Employees assigned to this shift.,Märkige sellele vahetusele määratud töötajate osalemine vastavalt töötajate registreerimisele.,
Auto Attendance Settings,Automaatse osalemise seaded,
Determine Check-in and Check-out,Määrake sisse- ja väljaregistreerimine,
Alternating entries as IN and OUT during the same shift,Kanded vahelduvad vaheldumisi IN ja OUT vahel,
Strictly based on Log Type in Employee Checkin,Põhineb rangelt töötajate registreerimisel logi tüübil,
Working Hours Calculation Based On,Tööaja arvestus põhineb,
First Check-in and Last Check-out,Esimene sisseregistreerimine ja viimane väljaregistreerimine,
Every Valid Check-in and Check-out,Iga kehtiv sisse- ja väljaregistreerimine,
Begin check-in before shift start time (in minutes),Alustage registreerimist enne vahetuse algusaega (minutites),
The time before the shift start time during which Employee Check-in is considered for attendance.,"Aeg enne vahetuse algusaega, mille jooksul arvestatakse töötajate registreerimist osalemiseks.",
Allow check-out after shift end time (in minutes),Luba väljaregistreerimine pärast vahetuse lõpuaega (minutites),
Time after the end of shift during which check-out is considered for attendance.,"Aeg pärast vahetuse lõppu, mille jooksul kaalutakse väljaregistreerimist osalemiseks.",
Working Hours Threshold for Half Day,Tööaja lävi pool päeva,
Working hours below which Half Day is marked. (Zero to disable),"Tööaeg, millest allapoole on märgitud pool päeva. (Null keelata)",
Working Hours Threshold for Absent,Tööaja lävi puudumisel,
Working hours below which Absent is marked. (Zero to disable),"Tööaeg, millest allapoole on märgitud puudumine. (Null keelata)",
Process Attendance After,Protsesside osalemine pärast,
Attendance will be marked automatically only after this date.,Osalemine märgitakse automaatselt alles pärast seda kuupäeva.,
Last Sync of Checkin,Checkini viimane sünkroonimine,
Last Known Successful Sync of Employee Checkin. Reset this only if you are sure that all Logs are synced from all the locations. Please don't modify this if you are unsure.,"Töötaja registreerimise viimane teadaolev õnnestunud sünkroonimine. Lähtestage see ainult siis, kui olete kindel, et kõik logid on kõigis asukohtades sünkroonitud. Ärge muutke seda, kui te pole kindel.",
Grace Period Settings For Auto Attendance,Ajapikenduse sätted automaatse osalemise jaoks,
Enable Entry Grace Period,Luba sisenemise ajapikendus,
Late Entry Grace Period,Hiline sisenemisperiood,
The time after the shift start time when check-in is considered as late (in minutes).,"Aeg pärast vahetuse algusaega, kui registreerumist loetakse hiljaks (minutites).",
Enable Exit Grace Period,Luba väljumisperiood,
Early Exit Grace Period,Varajase lahkumise ajapikendus,
The time before the shift end time when check-out is considered as early (in minutes).,"Aeg enne vahetuse lõppu, kui väljaregistreerimist peetakse varaseks (minutites).",
Skill Name,Oskuse nimi,
Staffing Plan Detail,Personaliplaani detailne kirjeldus,
Total Estimated Budget,Hinnanguline eelarve kokku,
Vacancies,Vabad töökohad,
Estimated Cost Per Position,Hinnanguline kulu positsiooni kohta,
Total Estimated Cost,Hinnanguline kogumaksumus,
Current Count,Praegune arv,
Current Openings,Praegune avaused,
Number Of Positions,Positsioonide arv,
Taxable Salary Slab,Maksustatav palgaplaat,
From Amount,Alates summast,
To Amount,Summani,
Percent Deduction,Väljamakse protsentides,
Training Program,Koolitusprogramm,
Event Status,sündmus staatus,
Has Certificate,On tunnistus,
Seminar,seminar,
Theory,teooria,
Workshop,töökoda,
Conference,konverents,
Exam,eksam,
Internet,Internet,
Self-Study,Iseseisev õppimine,
Advance,Ettemaks,
Trainer Name,treener Nimi,
Trainer Email,treener Post,
Attendees,Osavõtjad,
Employee Emails,Töötaja e-kirjad,
Training Event Employee,Koolitus Sündmus Employee,
Invited,Kutsutud,
Feedback Submitted,Tagasiside Sisestatud,
Training Result Employee,Koolitus Tulemus Employee,
Travel Itinerary,Reisi teekond,
Travel From,Reisist pärit,
Travel To,Reisida,
Mode of Travel,Reisi režiim,
Flight,Lend,
Train,Rong,
Taxi,Takso,
Rented Car,Renditud auto,
Meal Preference,Söögi eelistus,
Vegetarian,Taimetoitlane,
Non-Vegetarian,Mitte-taimetoitlane,
Gluten Free,Gluteenivaba,
Non Diary,Mitte päevikut,
Travel Advance Required,Reisi ettemaks on nõutav,
Departure Datetime,Lahkumise kuupäeva aeg,
Arrival Datetime,Saabumise kuupäev,
Lodging Required,Kohtumine on vajalik,
Preferred Area for Lodging,Eelistatud ala majutamiseks,
Check-in Date,Check-in Kuupäev,
Check-out Date,Väljaregistreerimise kuupäev,
Travel Request,Reisi taotlus,
Travel Type,Reisitüüp,
Domestic,Riigisisesed,
International,Rahvusvaheline,
Travel Funding,Reisi rahastamine,
Require Full Funding,Nõuda täielikku rahastamist,
Fully Sponsored,Täielikult sponsor,
"Partially Sponsored, Require Partial Funding","Osaliselt sponsoreeritud, nõuavad osalist rahastamist",
Copy of Invitation/Announcement,Kutse / teate koopia,
"Details of Sponsor (Name, Location)","Sponsori andmed (nimi, asukoht)",
Identification Document Number,Identifitseerimisdokumendi number,
Any other details,Kõik muud üksikasjad,
Costing Details,Kulude üksikasjad,
Event Details,Sündmuse üksikasjad,
Name of Organizer,Korraldaja nimi,
Address of Organizer,Korraldaja aadress,
Travel Request Costing,Reisi kuluarvestus,
Expense Type,Kululiik,
Sponsored Amount,Sponsoreeritud summa,
Funded Amount,Rahastatud summa,
Upload Attendance,Laadi Osavõtt,
Attendance From Date,Osavõtt From kuupäev,
Attendance To Date,Osalemine kuupäev,
Get Template,Võta Mall,
Import Attendance,Import Osavõtt,
Upload HTML,Laadi HTML,
HR-VLOG-.YYYY.-,HR-VLOG-.YYYY.-,
Odometer Reading,odomeetri näit,
Current Odometer value ,Odomeetri praegune väärtus,
Refuelling Details,tankimine detailid,
Invoice Ref,arve Ref,
Service Details,Service detailid,
Vehicle Service,Sõidukite Service,
Service Item,Teenuse toode,
Brake Oil,Piduri õli,
Brake Pad,Brake Pad,
Clutch Plate,Siduriketas,
Engine Oil,mootoriõli,
Oil Change,Õlivahetus,
Inspection,ülevaatus,
Mileage,kilometraaž,
Salary Slip Loan,Palk Slip Laen,
Loan Repayment Entry,Laenu tagasimakse kanne,
May,Mai,
June,Juuni,
July,Juuli,
Bank Remittance,Pangaülekanne,
Daily Work Summary Replies,Igapäevase töö kokkuvõtte vastused,
Employee Advance Summary,Töötaja eelnev kokkuvõte,
Employees working on a holiday,Töötajat puhkusele,
Monthly Attendance Sheet,Kuu osavõtt Sheet,
Salary Register,palk Registreeri,
Unpaid Expense Claim,Palgata kuluhüvitussüsteeme,
Payment Account is mandatory,Maksekonto on kohustuslik,
"If checked, the full amount will be deducted from taxable income before calculating income tax without any declaration or proof submission.",Selle kontrollimisel arvestatakse enne tulumaksu arvutamist maksustamata tulust maha kogu summa ilma deklaratsiooni ja tõendite esitamiseta.,
In Time,Õigel ajal,
Out Time,Välja aeg,
Is Recurring,Kordub,
HRA Exemption,HRA erand,
Monthly House Rent,Igakuine maja üür,
Rented in Metro City,Renditud Metro Citys,
HRA as per Salary Structure,HRA vastavalt palga struktuurile,
Annual HRA Exemption,Iga-aastane HRA erand,
Monthly HRA Exemption,Igakuine HRA erand,
House Rent Payment Amount,Maja üürimakse summa,
Rented From Date,Üüritud alates kuupäevast,
Rented To Date,Üüritud tänaseni,
Monthly Eligible Amount,Igakuine abikõlblik summa,
Total Eligible HRA Exemption,Abikõlblik HRA erand kokku,
Validating Employee Attendance...,Töötajate kohaloleku kinnitamine ...,
Submitting Salary Slips and creating Journal Entry...,Palgatõendite esitamine ja päeviku sissekande loomine ...,
Calculate Payroll Working Days Based On,Arvuta palgatööpäevad selle põhjal,
Consider Unmarked Attendance As,Mõelge märkimata osavõtule kui,
Fraction of Daily Salary for Half Day,Poole päeva palga murdosa,
Component Type,Komponendi tüüp,
Provident Fund,Provident Fund,
Additional Provident Fund,Täiendav Providence Fund,
Provident Fund Loan,Provident Fundi laen,
Professional Tax,Professionaalne maks,
Is Income Tax Component,Kas tulumaksu komponent,
Component properties and references ,Komponendi omadused ja viited,
Additional Salary ,Lisapalk,
Unmarked days,Märgistamata päevad,
Absent Days,Puuduvad päevad,
Conditions and Formula variable and example,Tingimused ja valemi muutuja ning näide,
Income Tax Deductions,Tulumaksu mahaarvamised,
Income Tax Component,Tulumaksukomponent,
Income Tax Amount,Tulumaksu summa,
Unmarked Days,Märgistamata päevad,
Jan,Jan,
Feb,Veebruar,
Mar,Märts,
Apr,Apr,
Aug,Aug,
Sep,Sept,
Oct,Okt,
Nov,Nov,
Dec,Dets,
Summarized View,Kokkuvõtlik vaade,
Professional Tax Deductions,Professionaalsed maksuvähendused,
Provident Fund Deductions,Providence Fundi mahaarvamised,
Recruitment Analytics,Värbamisanalüüs,
Applicant name,Taotleja nimi,
Job Offer status,Tööpakkumise olek,
On Date,Kuupäeval,
Salary Payments Based On Payment Mode,Palgamaksed makserežiimi alusel,
Salary Payments via ECS,Palgamaksed ECS-i kaudu,
Account No,Arveldusarve nr,
IFSC,IFSC,
MICR,MICR,
PF Account,PF konto,
PF Amount,PF summa,
Additional PF,Täiendav PF,
PF Loan,PF laen,
Duplicate Entry,Duplikaatkanne,
Please select Employee first.,Valige kõigepealt Töötaja.,
To Date should be greater than From Date,Kuupäev peaks olema suurem kui Alates kuupäevast,
Job Offer: {0} is already for Job Applicant: {1},Tööpakkumine: {0} on juba tööle kandideerijale: {1},
Only Shift Request with status 'Approved' and 'Rejected' can be submitted,Esitada saab ainult staatuse „Kinnitatud” ja „Tagasi lükatud” vahetustaotlust,
Shift Assignment: {0} created for Employee: {1},Vahetusülesanne: {0} loodud töötaja jaoks: {1},
You can not request for your Default Shift: {0},Te ei saa oma vaikevahetust taotleda: {0},
Only Approvers can Approve this Request.,Selle taotluse saavad heaks kiita ainult heakskiitjad.,
Please set Payroll based on in Payroll settings,Palun määrake palgaarvestus palga seadetes,
Additional Salary: {0} already exist for Salary Component: {1} for period {2} and {3},Lisapalk: {0} on palgakomponendi jaoks juba olemas: {1} perioodiks {2} ja {3},
Payroll date can not be less than employee's joining date.,Palgaarvestuse kuupäev ei tohi olla väiksem kui töötaja liitumiskuupäev.,
From date can not be less than employee's joining date.,Alates kuupäevast ei saa olla väiksem kui töötaja liitumiskuupäev.,
To date can not be greater than employee's relieving date.,Praeguseks ei saa olla suurem kui töötaja vabastamise kuupäev.,
Payroll date can not be greater than employee's relieving date.,Palgaarvestuse kuupäev ei tohi olla pikem kui töötaja vabastamise kuupäev.,
Condition and formula,Seisund ja valem,
Available Leaves,Saadaolevad lehed,
IFSC Code,IFSC kood,
Others,Teised,
Total Allocated Leaves,Kokku eraldatud lehed,
Used Leaves,Kasutatud lehed,
PAN Number,PAN-number,
Expired Leaves,Aegunud lehed,
