) for {0},) fyrir {0},
A {0} exists between {1} and {2} (,A {0} er á milli {1} og {2} (,
Absent,Absent,
Accrual Journal Entry for salaries from {0} to {1},Ársreikningur Innsláttur launa frá {0} til {1},
Add to Details,Bæta við upplýsingum,
Added to details,Bætt við smáatriði,
All Jobs,Allir Jobs,
Allocated Leaves,Úthlutað blöð,
Annual Salary,árslaunum,
Application period cannot be across two allocation records,Umsóknarfrestur getur ekki verið yfir tveimur úthlutunarskrám,
Application period cannot be outside leave allocation period,Umsókn tímabil getur ekki verið úti leyfi úthlutun tímabil,
Apply Now,Sæktu um núna,
Apprentice,Lærlingur,
Approval Status,Staða samþykkis,
Approval Status must be 'Approved' or 'Rejected',Samþykki Staða verður &quot;Samþykkt&quot; eða &quot;Hafnað &#39;,
As per your assigned Salary Structure you cannot apply for benefits,Eins og á úthlutað launasamningi þínum er ekki hægt að sækja um bætur,
Assign,Úthluta,
Assign Salary Structure,Úthluta launasamsetningu,
Assign to Employees,Úthlutaðu starfsmönnum,
Assigning Structures...,Úthlutar mannvirkjum ...,
Attendance,Aðsókn,
Attendance From Date and Attendance To Date is mandatory,Aðsókn Frá Dagsetning og Aðsókn hingað til er nauðsynlegur,
Attendance for employee {0} is already marked for this day,Mæting fyrir starfsmann {0} er þegar merkt fyrir þennan dag,
Attendance not submitted for {0} as it is a Holiday.,Þáttur ekki sendur fyrir {0} eins og það er frídagur.,
Bank Entries,Bank Entries,
Base,Base,
Beginner,Beginner,
Birthday Reminder,Afmælisdagur afmæli,
Bonus Payment Date cannot be a past date,Bónus Greiðsludagur getur ekki verið síðasta dagsetning,
Calls,Símtöl,
Cannot find active Leave Period,Get ekki fundið virka skiladag,
Casual Leave,Kjóll Leave,
Claimed Amount,Krafist upphæð,
Compensatory Off,jöfnunaraðgerðir Off,
Contact Number,Númer tengiliðs,
Course,Námskeið,
Create Disbursement Entry,Búðu til útborgun,
Create Salary Slip,Búa Laun Slip,
Create Salary Slips,Búðu til launaákvarðanir,
Creating Payment Entries......,Búa til greiðslufærslur ......,
Creating Salary Slips...,Búa til launaákvarðanir ...,
Current,Núverandi,
Current Job Openings,Núverandi Op Atvinna,
Daily Work Summary,Daily Work Yfirlit,
Daily Work Summary Group,Dagleg vinnusamningshópur,
Date is repeated,Dagsetning er endurtekin,
Debit A/C Number,A / C númer debet,
Deduction,Frádráttur,
Document Status,skjal Staða,
Earning,Earnings,
Employee A/C Number,A / C fjöldi starfsmanna,
Employee Benefits,starfskjör,
Employee Grade,Starfsmaður,
Employee Referral,Tilvísun starfsmanna,
Employee relieved on {0} must be set as 'Left',Starfsmaður létta á {0} skal stilla eins &#39;Vinstri&#39;,
Employee {0} already submited an apllication {1} for the payroll period {2},Starfsmaður {0} hefur nú þegar sent inn umsókn {1} fyrir launatímabilið {2},
Employee {0} has no maximum benefit amount,Starfsmaður {0} hefur ekki hámarksbætur,
Employee {0} is not active or does not exist,Starfsmaður {0} er ekki virkur eða er ekki til,
Employee {0} is on Leave on {1},Starfsmaður {0} er á leyfi á {1},
Employee {0} on Half day on {1},Starfsmaður {0} á hálfan dag á {1},
End time cannot be before start time,Lokatími getur ekki verið fyrir upphafstíma,
Evaluation,Mat,
Event Location,Staðsetning viðburðar,
Event Name,Event Name,
Expense Claim for Vehicle Log {0},Kostnað Krafa um ökutæki Innskráning {0},
Expense Claim {0} already exists for the Vehicle Log,Kostnað Krafa {0} er þegar til fyrir Vehicle Innskráning,
Fill the form and save it,Fylltu út formið og vista hana,
Filter Employees By (Optional),Sía starfsmenn eftir (valfrjálst),
Fiscal Year {0} not found,Reikningsár {0} fannst ekki,
Food,Matur,
For Employee,Fyrir starfsmann,
From Date {0} cannot be after employee's relieving Date {1},Frá degi {0} er ekki hægt að losa starfsmanninn dagsetningu {1},
From Date {0} cannot be before employee's joining Date {1},Frá Dagsetning {0} getur ekki verið áður en starfsmaður er kominn með Dagsetning {1},
From date can not be less than employee's joining date,Frá dagsetningunni má ekki vera minna en tengingardagur starfsmanns,
Fuel Price,eldsneyti verð,
Fuel Qty,eldsneyti Magn,
Full-time,Fullt,
Future dates not allowed,Framtíðardagar ekki leyfðar,
Get Details From Declaration,Fáðu upplýsingar frá yfirlýsingunni,
Get Employees,Fá starfsmenn,
Gross Pay,Gross Pay,
Guest,Guest,
Half Day,Hálfur dagur,
Half Day Date is mandatory,Half Day Dagsetning er nauðsynlegur,
Half Day Date should be between From Date and To Date,Half Day Date ætti að vera á milli Frá Dagsetning og hingað,
Half Day Date should be in between Work From Date and Work End Date,Hálft dagur Dagsetning ætti að vera á milli vinnu frá dagsetningu og vinnslutíma,
Half day date should be in between from date and to date,Hálft dags dagsetning ætti að vera á milli frá dagsetningu og til dagsetning,
Hello,Halló,
House rent paid days overlapping with {0},Húsaleiga greiddir dagar skarast við {0},
House rented dates required for exemption calculation,Hús leigt dagsetningar sem krafist er fyrir undanþágu útreikning,
House rented dates should be atleast 15 days apart,Hús leigð dagsetningar ætti að vera að minnsta kosti 15 daga í sundur,
Interest Amount,vextir Upphæð,
Intern,Intern,
Job Description,Starfslýsing,
Job Offer,Atvinnutilboð,
Jobs,Störf,
Leave Approval Notification,Skildu eftir samþykki tilkynningu,
Leave Blocked,Skildu Bannaður,
Leave Encashment,Skildu Encashment,
Leave Status Notification,Leyfi Tilkynning um leyfi,
Leave Type,Leave Type,
Leave Type is madatory,Leyfi Tegund er madatory,
Leave Type {0} cannot be allocated since it is leave without pay,Skildu Type {0} er ekki hægt að úthluta þar sem það er leyfi án launa,
Leave Type {0} cannot be carry-forwarded,Skildu Tegund {0} Ekki er hægt að bera-send,
Leave Type {0} is not encashable,Leyfi Type {0} er ekki encashable,
Leave Without Pay,Leyfi án launa,
"Leave cannot be allocated before {0}, as leave balance has already been carry-forwarded in the future leave allocation record {1}","Leyfi ekki hægt að skipta áður en {0}, sem orlof jafnvægi hefur þegar verið fært sendar í framtíðinni leyfi úthlutun met {1}",
"Leave cannot be applied/cancelled before {0}, as leave balance has already been carry-forwarded in the future leave allocation record {1}","Skildu ekki hægt að beita / aflýst áður {0}, sem orlof jafnvægi hefur þegar verið fært sendar í framtíðinni leyfi úthlutun met {1}",
Leave of type {0} cannot be longer than {1},Leyfi af gerð {0} má ekki vera lengri en {1},
Leaves,Blöð,
Leaves Allocated Successfully for {0},Leaves Úthlutað Tókst fyrir {0},
Leaves per Year,Leaves á ári,
Lifecycle,Líftíma,
Mark Attendance,Mark Aðsókn,
Max Exemption Amount cannot be greater than maximum exemption amount {0} of Tax Exemption Category {1},Hámarksfrelsisupphæð má ekki vera hærri en hámarksfrávik {0} í skattfrelsisflokki {1},
Max benefits should be greater than zero to dispense benefits,Hámarks ávinningur ætti að vera meiri en núll til að skila ávinningi,
Maximum amount eligible for the component {0} exceeds {1},Hámarksupphæð sem hæfur er fyrir hluti {0} fer yfir {1},
Maximum benefit amount of component {0} exceeds {1},Hámarks ávinningur magn af þáttur {0} fer yfir {1},
Maximum benefit amount of employee {0} exceeds {1},Hámarksframlagsþáttur starfsmanns {0} fer yfir {1},
Maximum leave allowed in the leave type {0} is {1},Hámarks leyfi sem leyfður er í tegund ferðarinnar {0} er {1},
Medical,Medical,
Mode of payment is required to make a payment,Háttur af greiðslu er krafist til að greiða,
More than one selection for {0} not allowed,Fleiri en eitt val fyrir {0} er ekki leyfilegt,
Net Pay,Net Borga,
Net Pay cannot be less than 0,Net Borga má ekki vera minna en 0,
Net Salary Amount,Nettólaunaupphæð,
Net pay cannot be negative,Net borga ekki vera neikvæð,
No Employee Found,Engin starfsmaður fannst,
No Salary Structure assigned for Employee {0} on given date {1},Nei Launastyrkur úthlutað fyrir starfsmann {0} á tilteknum degi {1},
No Staffing Plans found for this Designation,Engar áætlanir um starfsmenntun fundust fyrir þessa tilnefningu,
No active or default Salary Structure found for employee {0} for the given dates,Engin virk eða vanræksla Laun Uppbygging finna fyrir starfsmann {0} fyrir gefnar dagsetningar,
No more updates,Ekki fleiri uppfærslur,
No replies from,Engin svör frá,
No salary slip found to submit for the above selected criteria OR salary slip already submitted,Engin launaspjald fannst fyrir framangreindar valin skilyrði,
Nothing to change,Ekkert að breyta,
Notice Period,uppsagnarfrestur,
Only Leave Applications with status 'Approved' and 'Rejected' can be submitted,Aðeins Skildu Umsóknir með stöðu &quot;Samþykkt&quot; og &quot;Hafnað &#39;er hægt að skila,
Optional Holiday List not set for leave period {0},Valfrjálst frídagur listi ekki settur í leyfiartíma {0},
Part-time,Hluta,
Password policy for Salary Slips is not set,Lykilorðastefna fyrir launaseðla er ekki stillt,
Payment Days,Greiðsla Days,
Payment of {0} from {1} to {2},Greiðsla {0} frá {1} til {2},
Payroll,Launaskrá,
Payroll Number,Launanúmer,
Piecework,ákvæðisvinnu,
Please add the remaining benefits {0} to any of the existing component,Vinsamlegast bættu við eftirtalin kostir {0} við einhvern af núverandi hluti,
Please confirm once you have completed your training,Vinsamlegast staðfestu þegar þú hefur lokið þjálfun þinni,
Please enable default incoming account before creating Daily Work Summary Group,Vinsamlegast virkjaðu sjálfgefna komandi reikning áður en þú býrð til dagvinnuupplýsingahóp,
Please select Company and Designation,Vinsamlegast veldu fyrirtæki og tilnefningu,
Please select Employee,Vinsamlegast veldu Starfsmaður,
Please select a csv file,Vinsamlegast veldu CSV skrá,
Please set default template for Leave Approval Notification in HR Settings.,Vinsamlegast stilltu sjálfgefið sniðmát fyrir leyfi um leyfi fyrir leyfi í HR-stillingum.,
Please set default template for Leave Status Notification in HR Settings.,Vinsamlegast stilltu sjálfgefið sniðmát fyrir skilatilkynningar um leyfi í HR-stillingum.,
Please set the Company,Vinsamlegast settu fyrirtækið,
Please set the Date Of Joining for employee {0},Vinsamlegast settu Dagsetning Tengingar fyrir starfsmann {0},
Please share your feedback to the training by clicking on 'Training Feedback' and then 'New',Vinsamlegast deildu viðbrögðunum þínum við þjálfunina með því að smella á &#39;Þjálfunarniðurstaða&#39; og síðan &#39;Nýtt&#39;,
Please update your status for this training event,Vinsamlegast uppfærðu stöðu þína fyrir þennan þjálfunarviðburð,
Present,Present,
Preview Salary Slip,Preview Laun Slip,
Privilege Leave,Privilege Leave,
Probation,reynslulausn,
Probationary Period,Reynslutíma,
Property,Property,
Property already added,Eign er þegar bætt við,
Replies,Svar,
Responsibilities,ábyrgð,
Role,hlutverk,
Row {0}# Allocated amount {1} cannot be greater than unclaimed amount {2},Rú {0} # Úthlutað magn {1} getur ekki verið hærra en óunnið magn {2},
Row {0}# Paid Amount cannot be greater than requested advance amount,Row {0} # Greiddur upphæð má ekki vera meiri en óskað eftir upphæð,
Salary Slip ID,Laun Slip ID,
Salary Slip of employee {0} already created for this period,Laun Slip starfsmanns {0} þegar búin á þessu tímabili,
Salary Slip of employee {0} already created for time sheet {1},Laun Slip starfsmanns {0} þegar búið fyrir tíma blaði {1},
Salary Structure Assignment for Employee already exists,Uppbygging launauppbyggingar fyrir starfsmann er þegar til,
Salary Structure Missing,Laun Uppbygging vantar,
Salary Structure not found for employee {0} and date {1},Launauppbygging fannst ekki fyrir starfsmann {0} og dagsetningu {1},
Salary Structure should have flexible benefit component(s) to dispense benefit amount,Launastyrkur ætti að hafa sveigjanlegan ávinningshluta (hluti) til að afgreiða bætur,
"Salary already processed for period between {0} and {1}, Leave application period cannot be between this date range.","Laun þegar unnin fyrir tímabilið milli {0} og {1}, Skildu umsókn tímabil getur ekki verið á milli þessu tímabili.",
Sanctioned Amount cannot be greater than Claim Amount in Row {0}.,Bundnar Upphæð má ekki vera meiri en bótafjárhæðir í Row {0}.,
Score must be less than or equal to 5,Score þarf að vera minna en eða jafnt og 5,
Select Property,Veldu eign,
Select an employee to get the employee advance.,Veldu starfsmann til að fá starfsmanninn fyrirfram.,
Service Expense,þjónusta Expense,
Show Employee,Sýna starfsmaður,
Show Salary Slip,Sýna Laun Slip,
Sick Leave,Veikindaleyfi,
"Skipping Salary Structure Assignment for the following employees, as Salary Structure Assignment records already exists against them. {0}",Hoppa yfir verkefnavinnu fyrir eftirfarandi starfsmenn þar sem verkefnaupplýsingar um launauppbyggingu eru þegar til gagnvart þeim. {0},
Staffing Plan {0} already exist for designation {1},Stuðningsáætlun {0} er þegar til tilnefningar {1},
"Start and end dates not in a valid Payroll Period, cannot calculate {0}","Upphafs- og lokadagsetningar sem eru ekki á gildum launatímabili, geta ekki reiknað {0}",
"Start and end dates not in a valid Payroll Period, cannot calculate {0}.","Upphafs- og lokadagar ekki í gildum launum, geta ekki reiknað út {0}.",
Stock Options,Kaupréttir,
Structures have been assigned successfully,Skipulag hefur verið úthlutað með góðum árangri,
Submit Proof,Leggja fram sönnun,
Submit Salary Slip,Senda Laun Slip,
Submit this to create the Employee record,Sendu inn þetta til að búa til starfsmannaskrá,
Submitting Salary Slips...,Sendi launakort ...,
Team Updates,Team uppfærslur,
Thank you,Þakka þér,
The day(s) on which you are applying for leave are holidays. You need not apply for leave.,Daginn (s) sem þú ert að sækja um leyfi eru frí. Þú þarft ekki að sækja um leyfi.,
There are more holidays than working days this month.,Það eru fleiri frídagar en vinnudögum þessum mánuði.,
There is no leave period in between {0} and {1},Engin leyfi er á milli {0} og {1},
This is based on the attendance of this Employee,Þetta er byggt á mætingu þessa starfsmanns,
This will submit Salary Slips and create accrual Journal Entry. Do you want to proceed?,Þetta mun leggja inn launakostnað og búa til dagbókarfærslu. Viltu halda áfram?,
To date can not be equal or less than from date,Hingað til er ekki hægt að jafna eða minna en frá þeim degi,
To date can not be less than from date,Hingað til getur ekki verið minna en frá þeim degi,
To date can not greater than employee's relieving date,Hingað til getur ekki verið meiri en lélegur dagsetning starfsmanns,
Total Absent,alls Absent,
Total Deduction,Samtals Frádráttur,
Total Leaves,Samtals Leaves,
Total Present,alls Present,
Total advance amount cannot be greater than total sanctioned amount,Heildarfjöldi fyrirframgreiðslna má ekki vera hærri en heildarfjárhæðir,
Total flexible benefit component amount {0} should not be less than max benefits {1},Heildarupphæð sveigjanlegs ávinningshluta {0} ætti ekki að vera minni en hámarksbætur {1},
Total leaves allocated is mandatory for Leave Type {0},Heildarlaun úthlutað er nauðsynlegt fyrir Leyfi Type {0},
Total working hours should not be greater than max working hours {0},Samtals vinnutími ætti ekki að vera meiri en max vinnutíma {0},
Training,Þjálfun,
Training Event,Þjálfun Event,
Training Events,Þjálfun viðburðir,
Training Feedback,Þjálfun Feedback,
Training Result,Þjálfun Niðurstaða,
Travel,Ferðalög,
Update Response,Uppfæra svar,
Value missing,Gildi vantar,
Variable,Variable,
Walk In,Ganga í,
Warning: Leave application contains following block dates,Viðvörun: Leyfi umsókn inniheldur eftirfarandi block dagsetningar,
Website Listing,Website Skráning,
Work Summary for {0},Vinna Yfirlit fyrir {0},
You are not authorized to approve leaves on Block Dates,Þú hefur ekki heimild til að samþykkja lauf á Block Dagsetningar,
You are not present all day(s) between compensatory leave request days,Þú ert ekki til staðar allan daginn (s) á milli viðbótardagsbæta,
You can only submit Leave Encashment for a valid encashment amount,Þú getur aðeins sent inn skiladæmi fyrir gildan skammtatölu,
{0} already allocated for Employee {1} for period {2} to {3},{0} þegar úthlutað fyrir starfsmann {1} fyrir tímabilið {2} til {3},
{0} applicable after {1} working days,{0} gildir eftir {1} virka daga,
{0} is not in Optional Holiday List,{0} er ekki í valfrjálsum frílista,
{0} is not in a valid Payroll Period,{0} er ekki í gildum launum,
{0} must be submitted,{0} verður að senda inn,
"{0}: Employee email not found, hence email not sent","{0}: Starfsmaður tölvupósti fannst ekki, þess vegna email ekki sent",
{0}: From {0} of type {1},{0}: Frá {0} tegund {1},
Conditions,Skilyrði,
Percent,prósent,
Error in some rows,Villa í sumum línum,
Benefit,Ávinningur,
Shift,Vakt,
Importing {0} of {1},Flytur inn {0} af {1},
'employee_field_value' and 'timestamp' are required.,Krafist er „starfsmannasviðs“ og „tímamóta“.,
Allocation Expired!,Úthlutun rann út!,
Attendance Marked,Mæting merkt,
Attendance has been marked as per employee check-ins,Aðsókn hefur verið merkt samkvæmt innritun starfsmanna,
Date Range,Tímabil,
Event Link,Atburðartengill,
Expire Allocation,Úthluta úthlutun,
Fuel Expense,Eldsneytisgjöld,
Intermediate,Intermediate,
Leave application is linked with leave allocations {0}. Leave application cannot be set as leave without pay,Leyfisumsókn er tengd við úthlutunarheimildir {0}. Ekki er hægt að stilla leyfi umsókn sem leyfi án launa,
Log Type is required for check-ins falling in the shift: {0}.,Skráargerð er krafist fyrir innritanir sem falla í vaktina: {0}.,
No Employee found for the given employee field value. '{}': {},Enginn starfsmaður fannst fyrir tiltekið gildi starfsmanns. &#39;{}&#39;: {},
No Leaves Allocated to Employee: {0} for Leave Type: {1},Engum laufum úthlutað til starfsmanns: {0} fyrir leyfi Tegund: {1},
Only expired allocation can be cancelled,Aðeins er hægt að hætta við úthlutun,
Only users with the {0} role can create backdated leave applications,Aðeins notendur með {0} hlutverk geta búið til afturdagsleyfisforrit,
Password policy cannot contain spaces or simultaneous hyphens. The format will be restructured automatically,Lykilorðastefna getur ekki innihaldið bil eða bandstrik samtímis. Sniðið verður endurskipulagt sjálfkrafa,
Please enter the designation,Vinsamlegast sláðu inn heiti,
There are no vacancies under staffing plan {0},Engin laus störf eru samkvæmt starfsmannaplan {0},
This employee already has a log with the same timestamp.{0},Þessi starfsmaður er þegar með dagbók með sama tímamerki. {0},
Timing,Tímasetning,
To date needs to be before from date,Hingað til þarf að vera fyrir frá dagsetningu,
Total Early Exits,Heildar snemma útgönguleiðir,
Total Late Entries,Síðar færslur,
Training Event:,Þjálfunarþáttur:,
Unable to find Salary Component {0},Ekki tókst að finna launahluta {0},
Unmarked Attendance for days,Ómerktur Mæting fyrir daga,
Vacancies cannot be lower than the current openings,Laus störf geta ekki verið lægri en núverandi opnun,
{} is an invalid Attendance Status.,{} er ógild aðsóknarstaða.,
Printed On,Prentað á,
No employee found,Engin starfsmaður fannst,
Please setup Employee Naming System in Human Resource > HR Settings,Vinsamlegast settu upp nafnakerfi starfsmanna í mannauð&gt; HR stillingar,
Please setup numbering series for Attendance via Setup > Numbering Series,Vinsamlegast settu upp númeraröð fyrir mætingu með uppsetningu&gt; Númeraröð,
Current Odometer Value should be greater than Last Odometer Value {0},Núverandi gildi kílómetramælis ætti að vera hærra en síðasti kílómetragildi {0},
No additional expenses has been added,Engum viðbótarútgjöldum hefur verið bætt við,
{0} already exists for employee {1} and period {2},{0} er þegar til fyrir starfsmann {1} og tímabil {2},
Leaves Allocated,Lauf úthlutað,
Leave Without Pay does not match with approved {} records,Leyfi án launa samsvarar ekki viðurkenndum {} skrám,
Income Tax Slab not set in Salary Structure Assignment: {0},Tekjuskattshella er ekki sett í úthlutun launa: {0},
Income Tax Slab: {0} is disabled,Tekjuskattshella: {0} er óvirk,
Income Tax Slab must be effective on or before Payroll Period Start Date: {0},Tekjuskattsplata verður að taka gildi fyrir eða fyrir upphafsdagsetningu launatímabils: {0},
No leave record found for employee {0} on {1},Engin orlofsmet fannst fyrir starfsmann {0} þann {1},
Row {0}: {1} is required in the expenses table to book an expense claim.,Röð {0}: {1} er krafist í útgjaldatöflu til að bóka kostnaðarkröfu.,
Set the default account for the {0} {1},Stilltu sjálfgefna reikninginn fyrir {0} {1},
(Half Day),(Hálfur dagur),
Income Tax Slab,Tekjuskattsplata,
Row #{0}: Cannot set amount or formula for Salary Component {1} with Variable Based On Taxable Salary,Röð nr. {0}: Ekki er hægt að stilla upphæð eða formúlu fyrir launaþáttinn {1} með breytu byggða á skattskyldum launum,
Repay From Salary can be selected only for term loans,Endurgreiðsla frá launum er aðeins hægt að velja fyrir lán til lengri tíma,
Salary Component Account,Laun Component Reikningur,
Default Bank / Cash account will be automatically updated in Salary Journal Entry when this mode is selected.,Default Bank / Cash reikningur verður sjálfkrafa uppfærð í laun dagbókarfærslu þegar þessi háttur er valinn.,
Result,niðurstaða,
Total Score,Total Score,
Joining Date,Tengja Dagsetning,
Publish on website,Birta á vefsíðu,
Application Status,Umsókn Status,
IN,INN,
Remind Before,Minna á áður,
Reminded,Minntist á,
Additional Salary,Viðbótarupplýsingar Laun,
HR-ADS-.YY.-.MM.-,HR-ADS-.YY .-. MM.-,
Salary Component,laun Component,
Overwrite Salary Structure Amount,Yfirskrifa launauppbyggingarfjárhæð,
Deduct Full Tax on Selected Payroll Date,Draga frá fullum skatti á valinn launadag,
Payroll Date,Launardagsetning,
Salary Component Type,Launaviðskiptategund,
Appointment Letter,Ráðningarbréf,
Appointment Date,Skipunardagur,
Appointment Letter Template,Skipunarsniðmát,
Closing Notes,Loka skýringar,
Appointment Letter content,Innihald skipunarbréfs,
Appraisal,Úttekt,
HR-APR-.YY.-.MM.,HR-APR-.YY.-MM.,
For Employee Name,Fyrir Starfsmannafélag Nafn,
Goals,mörk,
Total Score (Out of 5),Total Score (af 5),
"Any other remarks, noteworthy effort that should go in the records.","Allar aðrar athugasemdir, athyglisvert áreynsla sem ætti að fara í skrám.",
Appraisal Goal,Úttekt Goal,
Key Responsibility Area,Key Ábyrgð Area,
Weightage (%),Weightage (%),
Score (0-5),Score (0-5),
Score Earned,skora aflað,
Appraisal Template Title,Úttekt Snið Title,
Appraisal Template Goal,Úttekt Snið Goal,
KRA,KRA,
Key Performance Area,Key Performance Area,
HR-ATT-.YYYY.-,HR-ATT-.YYYY.-,
On Leave,Í leyfi,
Work From Home,Vinna heiman,
Leave Application,Leave Umsókn,
Attendance Date,Aðsókn Dagsetning,
Attendance Request,Dagsbeiðni,
Late Entry,Seint innganga,
Early Exit,Snemma útgönguleið,
Half Day Date,Half Day Date,
On Duty,Á vakt,
Explanation,Útskýring,
Compensatory Leave Request,Bótaábyrgð,
Leave Allocation,Skildu Úthlutun,
Worked On Holiday,Vinna í fríi,
Work From Date,Vinna frá degi,
Work End Date,Vinna lokadagsetning,
Email Sent To,Netfang sent til,
Select Users,Veldu Notendur,
Send Emails At,Senda póst At,
Reminder,Áminning,
Daily Work Summary Group User,Daglegur vinnusamningur hópur notandi,
email,tölvupóstur,
Department Approver,Department Approver,
Approver,samþykkjari,
Designation Skill,Tilnefningarhæfni,
Skill,Hæfni,
Leave Policy,Leyfi stefnu,
Salary Details,Laun Upplýsingar,
HR-EAD-.YYYY.-,HR-EAD-.YYYY.-,
Claimed,Krafist,
Employee Attendance Tool,Starfsmaður Aðsókn Tool,
Unmarked Attendance,ómerkt Aðsókn,
Employees HTML,starfsmenn HTML,
Marked Attendance,Marked Aðsókn,
Marked Attendance HTML,Marked Aðsókn HTML,
Employee Benefit Application,Umsóknarfrestur starfsmanna,
Max Benefits (Yearly),Max Hagur (Árlega),
Remaining Benefits (Yearly),Eftirstöðvar kostir (árlega),
Payroll Period,Launatímabil,
Dispensed Amount (Pro-rated),Úthlutað magn (Pro-hlutfall),
Employee Benefit Application Detail,Starfsmannatengd umsóknareyðublað,
Earning Component,Earnings Component,
Pay Against Benefit Claim,Borga gegn hagur kröfu,
Max Benefit Amount,Hámarksbætur,
Employee Benefit Claim,Skaðabætur starfsmanns,
Claim Date,Dagsetning krafa,
Claim Benefit For,Kröfuhagur fyrir,
Max Amount Eligible,Hámarksfjöldi hæfilegs,
Expense Proof,Kostnaðarsönnun,
Employee Boarding Activity,Starfsmannaþjónusta,
Activity Name,Nafn athafnasvæðis,
Required for Employee Creation,Nauðsynlegt fyrir starfsmannasköpun,
Applicable in the case of Employee Onboarding,Gildandi ef um er að ræða Starfsmaður um borð,
Employee Checkin,Starfsmannaskoðun,
Log Type,Tegund annáls,
OUT,ÚT,
Location / Device ID,Staðsetning / tæki auðkenni,
Skip Auto Attendance,Slepptu sjálfvirkri aðsókn,
Shift Start,Shift Start,
Shift End,Shift End,
Shift Actual Start,Vaktu raunverulega byrjun,
Shift Actual End,Beygja raunverulegan endi,
Default Salary Structure,Sjálfgefið launauppbygging,
Employee Health Insurance,Sjúkratrygging starfsmanna,
Health Insurance Name,Sjúkratryggingar Nafn,
Employee Incentive,Starfsmaður hvatningu,
Incentive Amount,Skuldbinding,
Employee Onboarding,Starfsmaður um borð,
Notify users by email,Láttu notendur vita með tölvupósti,
Employee Onboarding Template,Starfsmaður Onboarding Sniðmát,
Employee Other Income,Aðrar tekjur starfsmanns,
Employee Promotion,Starfsmaður kynningar,
Promotion Date,Kynningardagur,
Employee Promotion Details,Upplýsingar um starfsmannamál,
Employee Property History,Starfsmannasaga,
Employee Separation,Aðskilnaður starfsmanna,
Employee Separation Template,Aðskilnaðarsnið frá starfsmanni,
Exit Interview Summary,Hætta við viðtalssamantekt,
Employee Skill,Hæfni starfsmanna,
Proficiency,Hæfni,
Evaluation Date,Matsdagur,
Employee Skill Map,Hæfniskort starfsmanna,
Employee Skills,Hæfni starfsmanna,
Trainings,Æfingar,
Employee Tax Exemption Category,Skattfrjálsur flokkur starfsmanna,
Max Exemption Amount,Hámarksfjárhæð undanþágu,
Employee Tax Exemption Declaration,Skattfrelsisyfirlýsing starfsmanna,
Declarations,Yfirlýsingar,
Total Declared Amount,Heildaruppgefin fjárhæð,
Total Exemption Amount,Heildarfjöldi undanþága,
Employee Tax Exemption Declaration Category,Skattflokkun starfsmanna Skattlausn,
Exemption Sub Category,Undanþága undirflokkur,
Exemption Category,Undanþáguflokkur,
Maximum Exempted Amount,Hámarks undanþegin fjárhæð,
Declared Amount,Upplýst fjárhæð,
Employee Tax Exemption Proof Submission,Skattfrelsi frá starfsmanni,
Submission Date,Skiladagur,
Tax Exemption Proofs,Skattfrelsisskýrslur,
Total Actual Amount,Raunveruleg fjárhæð,
Employee Tax Exemption Proof Submission Detail,Skattfrjálsar upplýsingar um atvinnurekstur,
Maximum Exemption Amount,Hámarksfjárhæð undanþágu,
Type of Proof,Gerð sönnunargagna,
Actual Amount,Raunveruleg fjárhæð,
Employee Tax Exemption Sub Category,Undanþága frá starfsmanni skattfrelsis,
Tax Exemption Category,Skattlausn Flokkur,
Employee Training,Þjálfun starfsmanna,
Training Date,Þjálfunardagur,
Employee Transfer,Starfsmaður flytja,
Transfer Date,Flutnings Dagsetning,
Employee Transfer Details,Upplýsingar um starfsmannaskipti,
Employee Transfer Detail,Starfsmaður flytja smáatriði,
Re-allocate Leaves,Dreifa aftur leyfi,
Create New Employee Id,Búðu til nýjan starfsmannakenni,
New Employee ID,Nýtt starfsmannakenni,
HR-EXP-.YYYY.-,HR-EXP-.YYYY.-,
Expense Taxes and Charges,Gjalda skatta og gjöld,
Total Sanctioned Amount,Alls bundnar Upphæð,
Total Advance Amount,Samtals framvirði,
Total Claimed Amount,Alls tilkalli Upphæð,
Total Amount Reimbursed,Heildarfjárhæð Endurgreiða,
Vehicle Log,ökutæki Log,
Employees Email Id,Starfsmenn Netfang Id,
More Details,Nánari upplýsingar,
Expense Claim Account,Expense Krafa Reikningur,
Expense Claim Advance,Kostnaðarkröfur Advance,
Expense Claim Detail,Expense Krafa Detail,
Expense Date,Expense Dagsetning,
Expense Claim Type,Expense Gerð kröfu,
HR Settings,HR Stillingar,
Employee Settings,Employee Stillingar,
Expense Approver Mandatory In Expense Claim,Kostnaðarsamþykki Skylda á kostnaðarkröfu,
Payroll Settings,launaskrá Stillingar,
Leave,Farðu,
Max working hours against Timesheet,Max vinnutíma gegn Timesheet,
Include holidays in Total no. of Working Days,Fela frí í algjöru nr. vinnudaga,
"If checked, Total no. of Working Days will include holidays, and this will reduce the value of Salary Per Day","Ef hakað Total nr. vinnudaga mun fela frí, og þetta mun draga úr gildi af launum fyrir dag",
"If checked, hides and disables Rounded Total field in Salary Slips","Ef hakað er við, felur og slekkur svæðið Rounded Total í launaseðlum",
The fraction of daily wages to be paid for half-day attendance,Sá hluti dagvinnulauna sem greiða á fyrir hálfs dags mætingu,
Email Salary Slip to Employee,Sendu Laun Slip til starfsmanns,
Emails salary slip to employee based on preferred email selected in Employee,Póst laun miði að starfsmaður byggðar á völdum tölvupósti völdum í Launþegi,
Encrypt Salary Slips in Emails,Dulkóða launaseðla í tölvupósti,
"The salary slip emailed to the employee will be password protected, the password will be generated based on the password policy.","Launaseðillinn sem sendur er til starfsmannsins verður verndaður með lykilorði, lykilorðið verður búið til út frá lykilorðsstefnunni.",
Password Policy,Lykilorðastefna,
<b>Example:</b> SAL-{first_name}-{date_of_birth.year} <br>This will generate a password like SAL-Jane-1972,<b>Dæmi:</b> SAL- {first_name} - {date_of_birth.year} <br> Þetta mun búa til lykilorð eins og SAL-Jane-1972,
Leave Approval Notification Template,Skildu eftir skilmálaskilmálum,
Leave Status Notification Template,Leyfi Tilkynning Sniðmát,
Role Allowed to Create Backdated Leave Application,Hlutverki heimilt að búa til bakgrunnsdagsforrit,
Leave Approver Mandatory In Leave Application,Leyfi samþykki skylt í leyfi umsókn,
Show Leaves Of All Department Members In Calendar,Sýna blöð allra deildarmanna í dagatalinu,
Auto Leave Encashment,Sjálfkrafa leyfi,
Hiring Settings,Ráðningarstillingar,
Check Vacancies On Job Offer Creation,Athugaðu laus störf við sköpun atvinnutilboða,
Identification Document Type,Skjalfestingartegund,
Effective from,Gildir frá,
Allow Tax Exemption,Leyfa skattfrelsi,
"If enabled, Tax Exemption Declaration will be considered for income tax calculation.",Ef það er virkt verður skattfrelsisyfirlýsingin tekin til greina við útreikning á tekjuskatti.,
Standard Tax Exemption Amount,Venjulegt fjárhæð undanþágu skatts,
Taxable Salary Slabs,Skattskyld launakostnaður,
Taxes and Charges on Income Tax,Skattar og gjöld af tekjuskatti,
Other Taxes and Charges,Aðrir skattar og gjöld,
Income Tax Slab Other Charges,Tekjuskattsplata Önnur gjöld,
Min Taxable Income,Lágmarks skattskyldar tekjur,
Max Taxable Income,Hámarks skattskyldar tekjur,
Applicant for a Job,Umsækjandi um starf,
Job Opening,Atvinna Opnun,
Cover Letter,Kynningarbréf,
Resume Attachment,Halda áfram Attachment,
Job Applicant Source,Atvinnuleitandi Heimild,
Applicant Email Address,Netfang umsækjanda,
Awaiting Response,bíður svars,
Job Offer Terms,Atvinnutilboðsskilmálar,
Select Terms and Conditions,Valið Skilmálar og skilyrði,
Job Offer Term,Atvinnutími,
Offer Term,Tilboð Term,
Value / Description,Gildi / Lýsing,
Description of a Job Opening,Lýsing á starf opnun,
Staffing Plan,Mönnun áætlun,
Planned number of Positions,Planned Fjöldi Staða,
"Job profile, qualifications required etc.","Job uppsetningu, hæfi sem krafist o.fl.",
HR-LAL-.YYYY.-,HR-LAL-.YYYY.-,
New Leaves Allocated,Ný Leaves Úthlutað,
Add unused leaves from previous allocations,Bæta ónotuðum blöð frá fyrri úthlutanir,
Unused leaves,ónotuð leyfi,
Total Leaves Allocated,Samtals Leaves Úthlutað,
Total Leaves Encashed,Samtals Leaves Encashed,
Leave Period,Leyfi,
Carry Forwarded Leaves,Bera framsent lauf,
Apply / Approve Leaves,Beita / Samþykkja Leaves,
HR-LAP-.YYYY.-,HR-LAP-.YYYY.-,
Leave Balance Before Application,Skildu Balance Áður Umsókn,
Total Leave Days,Samtals leyfisdaga,
Leave Approver Name,Skildu samþykkjari Nafn,
Follow via Email,Fylgdu með tölvupósti,
Block Holidays on important days.,Block Holidays á mikilvægum dögum.,
Leave Block List Name,Skildu Block List Nafn,
Applies to Company,Gildir til félagsins,
"If not checked, the list will have to be added to each Department where it has to be applied.",Ef ekki hakað listi verður að vera bætt við hvorri deild þar sem það þarf að vera beitt.,
Block Days,blokk Days,
Stop users from making Leave Applications on following days.,Hættu notendur frá gerð yfirgefa Umsóknir um næstu dögum.,
Leave Block List Dates,Skildu Block Listi Dagsetningar,
Allow Users,leyfa notendum,
Allow the following users to approve Leave Applications for block days.,Leyfa eftirfarandi notendum að samþykkja yfirgefa Umsóknir um blokk daga.,
Leave Block List Allowed,Skildu Block List leyfðar,
Leave Block List Allow,Skildu Block List Leyfa,
Allow User,að leyfa notanda,
Leave Block List Date,Skildu Block List Dagsetning,
Block Date,Block Dagsetning,
Leave Control Panel,Skildu Control Panel,
Employment Type (optional),Atvinnutegund (valfrjálst),
Branch (optional),Útibú (valfrjálst),
Department (optional),Deild (valfrjálst),
Designation (optional),Tilnefning (valfrjálst),
Employee Grade (optional),Starfsmannaeinkunn (valfrjálst),
Employee (optional),Starfsmaður (valfrjálst),
Allocate Leaves,Úthlutaðu laufum,
Carry Forward,Haltu áfram,
Please select Carry Forward if you also want to include previous fiscal year's balance leaves to this fiscal year,Vinsamlegast veldu Yfirfæranlegt ef þú vilt líka að fela jafnvægi fyrra reikningsári er fer að þessu fjárhagsári,
New Leaves Allocated (In Days),Ný Leaves Úthlutað (í dögum),
Leave Balance,Skildu jafnvægi,
Encashable days,Skemmtilegir dagar,
Encashment Amount,Innheimtuhækkun,
Leave Ledger Entry,Skildu skráningu bókar,
Transaction Name,Nafn viðskipta,
Is Carry Forward,Er bera fram,
Is Expired,Er útrunninn,
Is Leave Without Pay,Er Leyfi án launa,
Holiday List for Optional Leave,Holiday List fyrir valfrjálst leyfi,
Leave Allocations,Leyfa úthlutun,
Leave Policy Details,Skildu eftir upplýsingum um stefnu,
Leave Policy Detail,Skildu eftir stefnu,
Annual Allocation,Árleg úthlutun,
Leave Type Name,Skildu Tegund Nafn,
Applicable After (Working Days),Gildir eftir (virka daga),
Is Optional Leave,Er valfrjálst leyfi,
Allow Negative Balance,Leyfa neikvæða stöðu,
Include holidays within leaves as leaves,Fela frí í laufum sem fer,
Is Compensatory,Er þóknanlegt,
Maximum Carry Forwarded Leaves,Hámarks flutningssending lauf,
Expire Carry Forwarded Leaves (Days),Útrunnið framsend lauf (dagar),
Calculated in days,Reiknað í dögum,
Encashment,Encashment,
Allow Encashment,Leyfa Encashment,
Encashment Threshold Days,Skrímsluskammtardagar,
Earned Leave,Aflað Leyfi,
Is Earned Leave,Er unnið skilið,
Earned Leave Frequency,Aflað Leyfi Frequency,
Rounding,Afrennsli,
Payroll Employee Detail,Launaskrá Starfsmannaupplýsingar,
Payroll Frequency,launaskrá Tíðni,
Fortnightly,hálfsmánaðarlega,
Bimonthly,bimonthly,
Employees,starfsmenn,
Number Of Employees,Fjöldi starfsmanna,
Employee Details,Upplýsingar um starfsmenn,
Validate Attendance,Staðfesta staðfestingu,
Salary Slip Based on Timesheet,Laun Slip Byggt á tímaskráningar,
Deduct Tax For Unclaimed Employee Benefits,Dragðu skatt fyrir óinnheimta launþega,
Deduct Tax For Unsubmitted Tax Exemption Proof,Tregðu skatt vegna óskráðs skattfrelsis,
Select Payment Account to make Bank Entry,Veldu Greiðslureikningur að gera Bank Entry,
Salary Slips Created,Launasalar búin til,
Salary Slips Submitted,Launasamningar lögð fram,
Payroll Periods,Launatímabil,
Payroll Period Date,Launatímabil Dagsetning,
Purpose of Travel,Tilgangur ferðarinnar,
Retention Bonus,Varðveisla bónus,
Bonus Payment Date,Bónus greiðsludagur,
Bonus Amount,Bónus upphæð,
Depends on Payment Days,Fer eftir greiðsludögum,
Is Tax Applicable,Er skattur gilda,
Variable Based On Taxable Salary,Variable Byggt á skattskyldum launum,
Exempted from Income Tax,Undanþegin tekjuskatti,
Round to the Nearest Integer,Hringið að næsta heiltölu,
Statistical Component,Tölfræðilegur hluti,
"If selected, the value specified or calculated in this component will not contribute to the earnings or deductions. However, it's value can be referenced by other components that can be added or deducted. ","Ef valið er, mun gildi sem tilgreint eða reiknað er í þessum hluta ekki stuðla að tekjum eða frádráttum. Hins vegar er það gildi sem hægt er að vísa til af öðrum hlutum sem hægt er að bæta við eða draga frá.",
Do Not Include in Total,Ekki taka með í samtals,
Flexible Benefits,Sveigjanlegan ávinning,
Is Flexible Benefit,Er sveigjanlegur hagur,
Max Benefit Amount (Yearly),Hámarksbætur (Árlega),
Only Tax Impact (Cannot Claim But Part of Taxable Income),Aðeins skattáhrif (getur ekki krafist en hluti af skattskyldum tekjum),
Create Separate Payment Entry Against Benefit Claim,Búðu til sérstakt greiðslubréf gegn ávinningi kröfu,
Amount based on formula,Upphæð byggist á formúlu,
Formula,Formula,
Salary Detail,laun Detail,
Component,Component,
Do not include in total,Ekki innifalið alls,
Default Amount,Sjálfgefið Upphæð,
Additional Amount,Viðbótarupphæð,
Tax on flexible benefit,Skattur á sveigjanlegum ávinningi,
Tax on additional salary,Skattur á viðbótarlaun,
Salary Structure,laun Uppbygging,
Working Days,Vinnudagar,
Salary Slip Timesheet,Laun Slip Timesheet,
Earnings,Hagnaður,
Deductions,frádráttur,
Total in words,Samtals í orðum,
Salary Component for timesheet based payroll.,Laun Component fyrir timesheet byggt launaskrá.,
Leave Encashment Amount Per Day,Skildu innheimtuverð á dag,
Max Benefits (Amount),Max Hagur (upphæð),
Salary breakup based on Earning and Deduction.,Laun Breakup byggt á launin og frádráttur.,
Total Earning,alls earnings,
Salary Structure Assignment,Uppbygging verkefnis,
Shift Assignment,Skiptingarverkefni,
Shift Type,Shift Tegund,
Shift Request,Shift beiðni,
Enable Auto Attendance,Virkja sjálfvirk mæting,
Mark attendance based on 'Employee Checkin' for Employees assigned to this shift.,Merktu mætingu á grundvelli „Innritun starfsmanna“ fyrir starfsmenn sem úthlutað er til þessa vaktar.,
Auto Attendance Settings,Stillingar sjálfvirkrar mætingar,
Determine Check-in and Check-out,Ákveðið innritun og útritun,
Alternating entries as IN and OUT during the same shift,Skipt um færslur sem IN og OUT á sömu vakt,
Strictly based on Log Type in Employee Checkin,Byggt stranglega á innskráningargerð í innritun starfsmanna,
Working Hours Calculation Based On,Útreikningur vinnutíma byggður á,
First Check-in and Last Check-out,Fyrsta innritun og síðast útritun,
Every Valid Check-in and Check-out,Sérhver gilt innritun og útskráning,
Begin check-in before shift start time (in minutes),Byrjaðu innritun fyrir upphafstíma vakta (í mínútum),
The time before the shift start time during which Employee Check-in is considered for attendance.,Tíminn fyrir upphafstíma vakta þar sem innritun starfsmanna er talin til mætingar.,
Allow check-out after shift end time (in minutes),Leyfa útritun eftir lok vaktar (í mínútum),
Time after the end of shift during which check-out is considered for attendance.,Tími eftir lok vaktar þar sem úthlutun er talin til mætingar.,
Working Hours Threshold for Half Day,Vinnutími þröskuldur í hálfan dag,
Working hours below which Half Day is marked. (Zero to disable),Vinnutími þar sem hálfur dagur er merktur. (Núll til að slökkva á),
Working Hours Threshold for Absent,Vinnutími þröskuldur fyrir fjarverandi,
Working hours below which Absent is marked. (Zero to disable),Vinnutími undir þeim er fjarverandi er merktur. (Núll til að slökkva á),
Process Attendance After,Aðferð mæting á eftir,
Attendance will be marked automatically only after this date.,Aðsókn verður merkt sjálfkrafa aðeins eftir þennan dag.,
Last Sync of Checkin,Síðasta samstilling við innritun,
Last Known Successful Sync of Employee Checkin. Reset this only if you are sure that all Logs are synced from all the locations. Please don't modify this if you are unsure.,Síðast þekktur árangursríkur samstilling á starfsmannaskoðun. Endurstilla þetta aðeins ef þú ert viss um að öll logs eru samstillt frá öllum stöðum. Vinsamlegast ekki breyta þessu ef þú ert ekki viss.,
Grace Period Settings For Auto Attendance,Náðastigstillingar fyrir sjálfvirka aðsókn,
Enable Entry Grace Period,Virkja inngöngutímabil,
Late Entry Grace Period,Náðartímabil fyrir seinagang,
The time after the shift start time when check-in is considered as late (in minutes).,Tíminn eftir upphafstíma vakta þegar innritun er talin seint (í mínútum).,
Enable Exit Grace Period,Virkja útgöngutímabil,
Early Exit Grace Period,Náðartímabil snemma útgöngu,
The time before the shift end time when check-out is considered as early (in minutes).,Tíminn fyrir lokatíma vaktar þegar brottför er álitinn eins snemma (í mínútum).,
Skill Name,Færnheiti,
Staffing Plan Detail,Stúdentaráðsáætlun,
Total Estimated Budget,Heildaráætlað fjárhagsáætlun,
Vacancies,Laus störf,
Estimated Cost Per Position,Áætlaður kostnaður á hverja stöðu,
Total Estimated Cost,Heildar áætlaður kostnaður,
Current Count,Núverandi fjöldi,
Current Openings,Núverandi op,
Number Of Positions,Fjöldi staða,
Taxable Salary Slab,Skattskyld launakostnaður,
From Amount,Frá upphæð,
To Amount,Að upphæð,
Percent Deduction,Hlutfall frádráttar,
Training Program,Þjálfunaráætlun,
Event Status,Event Staða,
Has Certificate,Hefur vottorð,
Seminar,Seminar,
Theory,Theory,
Workshop,Workshop,
Conference,Ráðstefna,
Exam,Exam,
Internet,internet,
Self-Study,Sjálfsnám,
Advance,Advance,
Trainer Name,þjálfari Name,
Trainer Email,þjálfari Email,
Attendees,Fundarmenn,
Employee Emails,Tölvupóstur starfsmanns,
Training Event Employee,Þjálfun Event Starfsmaður,
Invited,boðið,
Feedback Submitted,athugasemdir Sent,
Training Result Employee,Þjálfun Niðurstaða Starfsmaður,
Travel Itinerary,Ferðaáætlun,
Travel From,Ferðalög frá,
Travel To,Ferðast til,
Mode of Travel,Ferðalög,
Flight,Flug,
Train,Lest,
Taxi,Taxi,
Rented Car,Leigðu bíl,
Meal Preference,Máltíð,
Vegetarian,Grænmetisæta,
Non-Vegetarian,Non-Vegetarian,
Gluten Free,Glútenfrí,
Non Diary,Ekki dagbók,
Travel Advance Required,Ferðaframboð krafist,
Departure Datetime,Brottfaratímabil,
Arrival Datetime,Komutími,
Lodging Required,Gisting krafist,
Preferred Area for Lodging,Valinn svæði fyrir gistingu,
Check-in Date,Innritunardagur,
Check-out Date,Útskráningardagur,
Travel Request,Ferðaskilaboð,
Travel Type,Ferðalög,
Domestic,Innlendar,
International,International,
Travel Funding,Ferðasjóður,
Require Full Funding,Krefjast Fulls fjármögnunar,
Fully Sponsored,Fully Sponsored,
"Partially Sponsored, Require Partial Funding","Að hluta til styrkt, krefjast hluta fjármögnunar",
Copy of Invitation/Announcement,Afrit af boðskorti / tilkynningu,
"Details of Sponsor (Name, Location)","Upplýsingar um Sponsor (Nafn, Staðsetning)",
Identification Document Number,Kennitölu númer,
Any other details,Allar aðrar upplýsingar,
Costing Details,Kostnaðarupplýsingar,
Event Details,Upplýsingar um viðburð,
Name of Organizer,Nafn skipuleggjanda,
Address of Organizer,Heimilisfang skipuleggjanda,
Travel Request Costing,Ferðaskilyrði Kostnaður,
Expense Type,Kostnaðartegund,
Sponsored Amount,Styrkt upphæð,
Funded Amount,Fjármögnuð upphæð,
Upload Attendance,Hlaða Aðsókn,
Attendance From Date,Aðsókn Frá Dagsetning,
Attendance To Date,Aðsókn að Dagsetning,
Get Template,fá sniðmát,
Import Attendance,innflutningur Aðsókn,
Upload HTML,Hlaða HTML,
HR-VLOG-.YYYY.-,HR-VLOG-.YYYY.-,
Odometer Reading,kílómetramæli Reading,
Current Odometer value ,Núverandi gildi kílómetramæls,
Refuelling Details,Eldsneytisstöðvar Upplýsingar,
Invoice Ref,Invoice Ref,
Service Details,Upplýsingar um þjónustu,
Vehicle Service,Vehicle Service,
Service Item,þjónusta Item,
Brake Oil,Brake Oil,
Brake Pad,Bremsuklossi,
Clutch Plate,Clutch Plate,
Engine Oil,Vélarolía,
Oil Change,olía Breyta,
Inspection,skoðun,
Mileage,mílufjöldi,
Salary Slip Loan,Launasala,
Loan Repayment Entry,Endurgreiðsla lána,
May,Maí,
June,Júní,
July,Júlí,
Bank Remittance,Endurgreiðsla banka,
Daily Work Summary Replies,Dagleg vinnusamantekt Svar,
Employee Advance Summary,Samantekt starfsmanna,
Employees working on a holiday,Starfsmenn sem vinna í frí,
Monthly Attendance Sheet,Mánaðarleg Aðsókn Sheet,
Salary Register,laun Register,
Unpaid Expense Claim,Ógreitt Expense Krafa,
Payment Account is mandatory,Greiðslureikningur er lögboðinn,
"If checked, the full amount will be deducted from taxable income before calculating income tax without any declaration or proof submission.",Ef hakað er við verður heildarupphæðin dregin frá skattskyldum tekjum áður en tekjuskattur er reiknaður út án þess að yfirlýsing eða sönnun sé lögð fram.,
In Time,Í tíma,
Out Time,Úti tími,
Is Recurring,Er endurtekin,
HRA Exemption,HRA undanþága,
Monthly House Rent,Mánaðarleg húsaleiga,
Rented in Metro City,Leigt í Metro City,
HRA as per Salary Structure,HRA samkvæmt launauppbyggingu,
Annual HRA Exemption,Árleg undanþága frá HRA,
Monthly HRA Exemption,Mánaðarlega undanþága frá HRA,
House Rent Payment Amount,Greiðsluupphæð húsaleigu,
Rented From Date,Leigt frá dagsetningu,
Rented To Date,Leigt til þessa,
Monthly Eligible Amount,Mánaðarlegt upphæð,
Total Eligible HRA Exemption,Heildarhæft HRA-undanþága,
Validating Employee Attendance...,Staðfestir aðsókn starfsmanna ...,
Submitting Salary Slips and creating Journal Entry...,Senda inn launaseðla og búa til dagbókarfærslu ...,
Calculate Payroll Working Days Based On,Reiknaðu út launadagana miðað við,
Consider Unmarked Attendance As,Lítum á ómerkta mætingu sem,
Fraction of Daily Salary for Half Day,Brot daglegs launa í hálfan dag,
Component Type,Tegund íhluta,
Provident Fund,Framfærslusjóður,
Additional Provident Fund,Viðbótarsjóður,
Provident Fund Loan,Útvegunarsjóðslán,
Professional Tax,Fagskattur,
Is Income Tax Component,Er hluti tekjuskatts,
Component properties and references ,Hluti eiginleika og tilvísanir,
Additional Salary ,Viðbótarlaun,
Unmarked days,Ómerktir dagar,
Absent Days,Fjarverandi dagar,
Conditions and Formula variable and example,Aðstæður og formúlubreytur og dæmi,
Income Tax Deductions,Frádráttur tekjuskatts,
Income Tax Component,Hluti tekjuskatts,
Income Tax Amount,Tekjuskattsupphæð,
Unmarked Days,Ómerktir dagar,
Jan,Jan,
Feb,Feb,
Mar,Mars,
Apr,Apríl,
Aug,Ág,
Sep,Sept,
Oct,Okt,
Nov,Nóv,
Dec,Des,
Summarized View,Samandregið útsýni,
Professional Tax Deductions,Skattafrádráttur í starfi,
Provident Fund Deductions,Frádráttur framfærslusjóðs,
Recruitment Analytics,Nýliðunargreining,
Applicant name,Nafn umsækjanda,
Job Offer status,Staða atvinnutilboðs,
On Date,Á stefnumóti,
Salary Payments Based On Payment Mode,Launagreiðslur byggðar á greiðslumáta,
Salary Payments via ECS,Launagreiðslur með ECS,
Account No,Reikningur nr,
IFSC,IFSC,
MICR,MICR,
PF Account,PF reikningur,
PF Amount,PF upphæð,
Additional PF,Viðbótar PF,
PF Loan,PF lán,
Duplicate Entry,Afrit færslu,
Please select Employee first.,Vinsamlegast veldu starfsmaður fyrst.,
To Date should be greater than From Date,Til dags ætti að vera meira en frá dagsetningu,
Job Offer: {0} is already for Job Applicant: {1},Starfstilboð: {0} er þegar fyrir umsækjanda um starf: {1},
Only Shift Request with status 'Approved' and 'Rejected' can be submitted,Aðeins er hægt að leggja fram vaktabeiðni með stöðuna „Samþykkt“ og „Hafnað“,
Shift Assignment: {0} created for Employee: {1},Vaktaúthlutun: {0} búin til fyrir starfsmann: {1},
You can not request for your Default Shift: {0},Þú getur ekki beðið um sjálfgefna vakt: {0},
Only Approvers can Approve this Request.,Aðeins viðmælendur geta samþykkt þessa beiðni.,
Please set Payroll based on in Payroll settings,Vinsamlegast stilltu launaskrá miðað við stillingar launaliða,
Additional Salary: {0} already exist for Salary Component: {1} for period {2} and {3},Viðbótarlaun: {0} er þegar til fyrir launaþátt: {1} fyrir tímabilið {2} og {3},
Payroll date can not be less than employee's joining date.,Launadagur getur ekki verið minni en þátttökudagur starfsmanns.,
From date can not be less than employee's joining date.,Frá dagsetningu getur ekki verið minna en þátttökudagur starfsmanns.,
To date can not be greater than employee's relieving date.,Hingað til getur ekki verið meiri en léttingardagur starfsmanns.,
Payroll date can not be greater than employee's relieving date.,Launadagur getur ekki verið meiri en léttingardagur starfsmanns.,
Condition and formula,Ástand og uppskrift,
Available Leaves,Lausar blöð,
IFSC Code,IFSC-kóði,
Others,Aðrir,
Total Allocated Leaves,Samtals úthlutað blöð,
Used Leaves,Notaðar blöð,
PAN Number,PAN númer,
Expired Leaves,Útrunnið lauf,
