) for {0},) សម្រាប់ {0},
A {0} exists between {1} and {2} (,មួយ {0} មានរវាង {1} និង {2} (,
Absent,អវត្តមាន,
Accrual Journal Entry for salaries from {0} to {1},បញ្ចូលធាតុទិនានុប្បវត្តិសម្រាប់ប្រាក់ខែពី {0} ដល់ {1},
Add to Details,បន្ថែមទៅព័ត៌មានលម្អិត,
Added to details,បានបន្ថែមទៅព័ត៌មានលម្អិត,
All Jobs,ការងារទាំងអស់,
Allocated Leaves,លាងស្លឹក,
Annual Salary,ប្រាក់បៀវត្សប្រចាំឆ្នាំប្រាក់,
Application period cannot be across two allocation records,អំឡុងពេលដាក់ពាក្យស្នើសុំមិនអាចឆ្លងកាត់កំណត់ត្រាបែងចែកពីរ,
Application period cannot be outside leave allocation period,រយៈពេលប្រើប្រាស់មិនអាចមានការបែងចែកការឈប់សម្រាកនៅខាងក្រៅក្នុងរយៈពេល,
Apply Now,ដាក់ពាក្យឥឡូវនេះ,
Apprentice,សិស្ស,
Approval Status,ស្ថានភាពការអនុម័ត,
Approval Status must be 'Approved' or 'Rejected',ស្ថានភាពការអនុម័តត្រូវតែបាន &quot;ត្រូវបានអនុម័ត&quot; ឬ &quot;បានច្រានចោល&quot;,
As per your assigned Salary Structure you cannot apply for benefits,តាមរចនាសម្ព័ន្ធប្រាក់ខែដែលបានកំណត់អ្នកមិនអាចស្នើសុំអត្ថប្រយោជន៍បានទេ,
Assign,ចាត់តាំង,
Assign Salary Structure,ចាត់ចែងរចនាសម្ព័ន្ធប្រាក់ខែ,
Assign to Employees,ប្រគល់ឱ្យនិយោជិក។,
Assigning Structures...,ការផ្តល់រចនាសម្ព័ន្ធ ...,
Attendance,ការចូលរួម,
Attendance From Date and Attendance To Date is mandatory,ការចូលរួមពីកាលបរិច្ឆេទនិងចូលរួមកាលបរិច្ឆេទគឺជាចាំបាច់,
Attendance for employee {0} is already marked for this day,ការចូលរួមសម្រាប់បុគ្គលិក {0} ត្រូវបានសម្គាល់រួចហើយសម្រាប់ថ្ងៃនេះ,
Attendance not submitted for {0} as it is a Holiday.,វត្តមានមិនត្រូវបានដាក់ស្នើសម្រាប់ {0} ព្រោះវាជាថ្ងៃសម្រាក។,
Bank Entries,ធាតុធនាគារ,
Base,មូលដ្ឋាន,
Beginner,ចាប់ផ្តើម,
Birthday Reminder,រំលឹកខួបកំណើត,
Bonus Payment Date cannot be a past date,ថ្ងៃទូទាត់ប្រាក់រង្វាន់មិនអាចជាកាលបរិច្ឆេទកន្លងមកបានទេ,
Calls,ការហៅទូរស័ព្ទ,
Cannot find active Leave Period,មិនអាចរកកំនត់ឈប់កំនត់សកម្ម,
Casual Leave,ចាកចេញធម្មតា,
Claimed Amount,ចំនួនទឹកប្រាក់ដែលបានទាមទារ,
Compensatory Off,ទូទាត់បិទ,
Contact Number,លេខទំនាក់ទំនង,
Course,វគ្គសិក្សាបាន,
Create Disbursement Entry,បង្កើតធាតុចំណាយ។,
Create Salary Slip,បង្កើតប្រាក់ខែគ្រូពេទ្យប្រហែលជា,
Create Salary Slips,បង្កើតប្រាក់ខែ,
Creating Payment Entries......,បង្កើតធាតុបង់ប្រាក់ ......,
Creating Salary Slips...,បង្កើតតារាងប្រាក់ខែ ...,
Current,នាពេលបច្ចុប្បន្ន,
Current Job Openings,ការងារបច្ចុប្បន្ន,
Daily Work Summary,សង្ខេបការងារប្រចាំថ្ងៃ,
Daily Work Summary Group,ក្រុមសង្ខេបការងារប្រចាំថ្ងៃ,
Date is repeated,កាលបរិច្ឆេទគឺត្រូវបានធ្វើម្តងទៀត,
Debit A/C Number,លេខឥណពន្ធ A / C ។,
Deduction,ការដក,
Document Status,ស្ថានភាពឯកសារ,
Earning,រកប្រាក់ចំណូល,
Employee A/C Number,លេខនិយោជិកអេ / ស៊ី។,
Employee Benefits,អត្ថប្រយោជន៍បុគ្គលិក,
Employee Grade,ថ្នាក់និយោជិក,
Employee Referral,ការបញ្ជូនបុគ្គលិក,
Employee relieved on {0} must be set as 'Left',បុគ្គលិកធូរស្រាលនៅលើ {0} ត្រូវតែត្រូវបានកំណត់ជា &quot;ឆ្វេង&quot;,
Employee {0} already submited an apllication {1} for the payroll period {2},និយោជិក {0} បានដាក់ពាក្យសុំ {1} រួចហើយសម្រាប់រយៈពេលបង់ប្រាក់ {2},
Employee {0} has no maximum benefit amount,និយោជិក {0} មិនមានអត្ថប្រយោជន៍អតិបរមាទេ,
Employee {0} is not active or does not exist,បុគ្គលិក {0} គឺមិនសកម្មឬមិនមានទេ,
Employee {0} is on Leave on {1},និយោជិក {0} បានបើកទុកនៅលើ {1},
Employee {0} on Half day on {1},បុគ្គលិក {0} នៅថ្ងៃពាក់កណ្តាលនៅលើ {1},
End time cannot be before start time,ពេលវេលាបញ្ចប់មិនអាចមុនពេលចាប់ផ្តើមទេ។,
Evaluation,ការវាយតំលៃ,
Event Location,ទីតាំងព្រឹត្តិការណ៍,
Event Name,ឈ្មោះព្រឹត្តិការណ៍,
Expense Claim for Vehicle Log {0},ពាក្យបណ្តឹងការចំណាយសម្រាប់រថយន្តចូល {0},
Expense Claim {0} already exists for the Vehicle Log,ពាក្យបណ្តឹងការចំណាយ {0} រួចហើយសម្រាប់រថយន្តចូល,
Fill the form and save it,បំពេញសំណុំបែបបទនិងរក្សាទុកវា,
Filter Employees By (Optional),ច្រោះនិយោជិកតាម (ស្រេចចិត្ត),
Fiscal Year {0} not found,ឆ្នាំសារពើពន្ធ {0} មិនបានរកឃើញ,
Food,អាហារ,
For Employee,សម្រាប់បុគ្គលិក,
From Date {0} cannot be after employee's relieving Date {1},ពីកាលបរិច្ឆេទ {0} មិនអាចនៅក្រោយថ្ងៃបំបាត់ប្រាក់របស់និយោជិត {1},
From Date {0} cannot be before employee's joining Date {1},ពីកាលបរិច្ឆេទ {0} មិនអាចជាថ្ងៃចូលរូមរបស់និយោជិតបានទេ {1},
From date can not be less than employee's joining date,ពីកាលបរិច្ឆេទមិនអាចតិចជាងកាលបរិច្ឆេទចូលរួមរបស់និយោជិក,
Fuel Price,តម្លៃប្រេងឥន្ធនៈ,
Fuel Qty,ប្រេងឥន្ធនៈ Qty,
Full-time,ពេញមោ៉ង,
Future dates not allowed,កាលបរិច្ឆេទនាពេលអនាគតមិនត្រូវបានអនុញ្ញាត,
Get Details From Declaration,ទទួលបានព័ត៌មានលម្អិតពីសេចក្តីប្រកាស។,
Get Employees,ទទួលបានបុគ្គលិក,
Gross Pay,បង់សរុបបាន,
Guest,អ្នកទស្សនា,
Half Day,ពាក់កណ្តាលថ្ងៃ,
Half Day Date is mandatory,កាលបរិច្ឆេទពាក់កណ្តាលថ្ងៃគឺចាំបាច់,
Half Day Date should be between From Date and To Date,ថ្ងៃពាក់កណ្តាលកាលបរិច្ឆេទគួរត្រូវបានរវាងពីកាលបរិច្ឆេទនិងដើម្បីកាលបរិច្ឆេទ,
Half Day Date should be in between Work From Date and Work End Date,ថ្ងៃពាក់កណ្តាលថ្ងៃគួរស្ថិតនៅចន្លោះរវាងការងារពីកាលបរិច្ឆេទបញ្ចប់និងកាលបរិច្ឆេទការងារ,
Half day date should be in between from date and to date,កាលបរិច្ឆេទពាក់កណ្តាលថ្ងៃគួរតែស្ថិតនៅចន្លោះរវាងកាលបរិច្ឆេទនិងកាលបរិច្ឆេទ,
Hello,ជំរាបសួរ,
House rent paid days overlapping with {0},ថ្ងៃបង់ថ្លៃជួលផ្ទះត្រួតគ្នាជាមួយ {0},
House rented dates required for exemption calculation,កាលបរិច្ឆេទជួលផ្ទះត្រូវបានទាមទារសម្រាប់ការគណនាលើកលែង,
House rented dates should be atleast 15 days apart,កាលបរិច្ឆេទជួលផ្ទះគួរតែនៅដាច់ដោយឡែក 15 ថ្ងៃ,
Interest Amount,ចំនួនការប្រាក់,
Intern,ហាត់ការ,
Job Description,ការពិពណ៌នាការងារ,
Job Offer,ផ្តល់ជូនការងារ,
Jobs,ការងារ,
Leave Approval Notification,ទុកសេចក្តីជូនដំណឹង,
Leave Blocked,ទុកឱ្យទប់ស្កាត់,
Leave Encashment,ទុកឱ្យ Encashment,
Leave Status Notification,ចាកចេញពីការជូនដំណឹងស្ថានភាព,
Leave Type,ប្រភេទការឈប់សម្រាក,
Leave Type is madatory,ចាកចេញពីប្រភេទគឺឆ្កួត,
Leave Type {0} cannot be allocated since it is leave without pay,ទុកឱ្យប្រភេទ {0} មិនអាចត្រូវបានបម្រុងទុកសម្រាប់ចាប់តាំងពីវាត្រូវបានចាកចេញដោយគ្មានប្រាក់ខែ,
Leave Type {0} cannot be carry-forwarded,ទុកឱ្យប្រភេទ {0} មិនអាចត្រូវបានយកមកបញ្ជូនបន្ត,
Leave Type {0} is not encashable,ចាកចេញពីប្រភេទ {0} មិនអាចបញ្ចូលបានទេ,
Leave Without Pay,ទុកឱ្យដោយគ្មានការបង់,
"Leave cannot be allocated before {0}, as leave balance has already been carry-forwarded in the future leave allocation record {1}","ទុកឱ្យមិនអាចត្រូវបានបម្រុងទុកមុន {0}, ដែលជាតុល្យភាពការឈប់សម្រាកបានជាទំនិញ-បានបញ្ជូនបន្តនៅក្នុងកំណត់ត្រាការបែងចែកការឈប់សម្រាកនាពេលអនាគតរួចទៅហើយ {1}",
"Leave cannot be applied/cancelled before {0}, as leave balance has already been carry-forwarded in the future leave allocation record {1}","ទុកឱ្យមិនអាចត្រូវបានអនុវត្ត / លុបចោលមុនពេល {0}, ដែលជាតុល្យភាពការឈប់សម្រាកបានជាទំនិញ-បានបញ្ជូនបន្តនៅក្នុងកំណត់ត្រាការបែងចែកការឈប់សម្រាកនាពេលអនាគតរួចទៅហើយ {1}",
Leave of type {0} cannot be longer than {1},ការឈប់សម្រាកនៃប្រភេទ {0} មិនអាចមានយូរជាង {1},
Leaves,ស្លឹកឈើ។,
Leaves Allocated Successfully for {0},ទុកបម្រុងទុកដោយជោគជ័យសម្រាប់ {0},
Leaves per Year,ស្លឹកមួយឆ្នាំ,
Lifecycle,វដ្ដជីវិត,
Mark Attendance,Mark Attendance,
Max Exemption Amount cannot be greater than maximum exemption amount {0} of Tax Exemption Category {1},ចំនួនទឹកប្រាក់លើកលែងអតិបរមាមិនអាចធំជាងចំនួនអតិបរមានៃការលើកលែង {0} នៃប្រភេទលើកលែងពន្ធ {1},
Max benefits should be greater than zero to dispense benefits,អត្ថប្រយោជន៍អតិបរមាគួរតែខ្ពស់ជាងសូន្យដើម្បីផ្តល់អត្ថប្រយោជន៍,
Maximum amount eligible for the component {0} exceeds {1},ចំនួនទឹកប្រាក់អតិបរមាមានសិទ្ធិទទួលបានសមាសភាគ {0} លើសពី {1},
Maximum benefit amount of component {0} exceeds {1},ចំនួនអត្ថប្រយោជន៍អតិបរមានៃសមាសភាគ {0} លើសពី {1},
Maximum benefit amount of employee {0} exceeds {1},ចំនួនប្រាក់អត្ថប្រយោជន៍អតិបរមារបស់បុគ្គលិក {0} លើសពី {1},
Maximum leave allowed in the leave type {0} is {1},ការអនុញ្ញាតអតិបរមាដែលបានអនុញ្ញាតនៅក្នុងប្រភេទនៃការចាកចេញ {0} គឺ {1},
Medical,ពេទ្យ,
Mode of payment is required to make a payment,របៀបនៃការទូទាត់គឺត្រូវបានទាមទារដើម្បីធ្វើឱ្យការទូទាត់,
More than one selection for {0} not allowed,ជម្រើសច្រើនជាងមួយសម្រាប់ {0} មិនត្រូវបានអនុញ្ញាតទេ។,
Net Pay,ប្រាក់ចំណេញសុទ្ធ,
Net Pay cannot be less than 0,ប្រាក់ចំណេញសុទ្ធមិនអាចតិចជាង 0,
Net Salary Amount,ចំនួនប្រាក់ខែសុទ្ធ។,
Net pay cannot be negative,ប្រាក់ខែសុទ្ធមិនអាចជាអវិជ្ជមាន,
No Employee Found,រកមិនឃើញបុគ្គលិកទេ,
No Salary Structure assigned for Employee {0} on given date {1},គ្មានរចនាសម្ព័ន្ធប្រាក់ខែត្រូវបានគេកំណត់សម្រាប់និយោជិក {0} នៅថ្ងៃដែលបានផ្តល់ឱ្យ {1},
No Staffing Plans found for this Designation,មិនមានគម្រោងបុគ្គលិកដែលរកឃើញសម្រាប់ការចង្អុលប័ណ្ណនេះទេ,
No active or default Salary Structure found for employee {0} for the given dates,គ្មានប្រាក់ខែរចនាសម្ព័ន្ធសកម្មឬបានរកឃើញសម្រាប់បុគ្គលិកលំនាំដើម {0} សម្រាប់កាលបរិច្ឆេទដែលបានផ្ដល់ឱ្យ,
No more updates,គ្មានការធ្វើឱ្យទាន់សម័យជាច្រើនទៀត,
No replies from,ការឆ្លើយតបពីគ្មាន,
No salary slip found to submit for the above selected criteria OR salary slip already submitted,មិនមានប្រាក់ខែដែលត្រូវបានរកឃើញដើម្បីដាក់ជូននូវលក្ខណៈវិនិច្ឆ័យដែលបានជ្រើសរើសពីខាងលើឬតារាងប្រាក់ខែដែលបានដាក់ជូនរួចហើយ,
Nothing to change,គ្មានអ្វីត្រូវផ្លាស់ប្តូរ,
Notice Period,រយៈពេលជូនដំណឹង,
Only Leave Applications with status 'Approved' and 'Rejected' can be submitted,ទុកឱ្យកម្មវិធីដែលមានស្ថានភាពប៉ុណ្ណោះ &#39;ត្រូវបានអនុម័ត &quot;និង&quot; បដិសេធ &quot;អាចត្រូវបានដាក់ស្នើ,
Optional Holiday List not set for leave period {0},បញ្ជីថ្ងៃឈប់សម្រាកដែលមិនកំណត់សម្រាប់រយៈពេលឈប់សម្រាក {0},
Part-time,ពេញម៉ោង,
Password policy for Salary Slips is not set,គោលការណ៍ពាក្យសម្ងាត់សម្រាប់ប័ណ្ណប្រាក់ខែមិនត្រូវបានកំណត់ទេ។,
Payment Days,ថ្ងៃការទូទាត់,
Payment of {0} from {1} to {2},ការទូទាត់ {0} ពី {1} ទៅ {2},
Payroll,បើកប្រាក់បៀវត្ស,
Payroll Number,លេខប្រាក់ឈ្នួល។,
Piecework,ម៉ៅការ,
Please add the remaining benefits {0} to any of the existing component,សូមបន្ថែមអត្ថប្រយោជន៍ដែលនៅសល់ {0} ទៅសមាសភាគដែលមានស្រាប់,
Please confirm once you have completed your training,សូមបញ្ជាក់នៅពេលដែលអ្នកបានបញ្ចប់ការបណ្តុះបណ្តាល,
Please enable default incoming account before creating Daily Work Summary Group,សូមបើកគណនីចូលមុនដោយបង្កើតគណនីសង្ខេបការងារប្រចាំថ្ងៃ,
Please select Company and Designation,សូមជ្រើសរើសក្រុមហ៊ុននិងការកំណត់,
Please select Employee,សូមជ្រើសរើសបុគ្គលិក,
Please select a csv file,សូមជ្រើសឯកសារ csv,
Please set default template for Leave Approval Notification in HR Settings.,សូមកំណត់ពុម្ពលំនាំដើមសម្រាប់ទុកសេចក្តីជូនដំណឹងអនុម័តនៅក្នុងការកំណត់ធនធានមនុស្ស។,
Please set default template for Leave Status Notification in HR Settings.,សូមកំណត់ពុម្ពលំនាំដើមសម្រាប់ចាកចេញពីការជូនដំណឹងស្ថានភាពនៅក្នុងការកំណត់ធនធានមនុស្ស។,
Please set the Company,សូមកំណត់ក្រុមហ៊ុន,
Please set the Date Of Joining for employee {0},សូមកំណត់កាលបរិច្ឆេទនៃការចូលរួមសម្រាប់បុគ្គលិកដែលបាន {0},
Please share your feedback to the training by clicking on 'Training Feedback' and then 'New',សូមចែករំលែកមតិស្ថាបនារបស់អ្នកទៅហ្វឹកហាត់ដោយចុចលើ &#39;Feedback Feedback Training&#39; និង &#39;New&#39;,
Please update your status for this training event,សូមធ្វើបច្ចុប្បន្នភាពស្ថានភាពរបស់អ្នកសម្រាប់ព្រឹត្តិការណ៍បណ្តុះបណ្តាលនេះ,
Present,នាពេលបច្ចុប្បន្ន,
Preview Salary Slip,គ្រូពេទ្យប្រហែលជាប្រាក់ខែការមើលជាមុន,
Privilege Leave,ឯកសិទ្ធិចាកចេញ,
Probation,ការសាកល្បង,
Probationary Period,រយៈពេលសាកល្បង,
Property,ទ្រព្យសម្បត្ដិ,
Property already added,អចលនទ្រព្យបានបន្ថែមរួចហើយ,
Replies,ឆ្លើយតប,
Responsibilities,ការទទួលខុសត្រូវ,
Role,តួនាទីរបស់,
Row {0}# Allocated amount {1} cannot be greater than unclaimed amount {2},ជួរដេក {0} # ចំនួនទឹកប្រាក់ដែលបានបម្រុងទុក {1} មិនអាចធំជាងចំនួនទឹកប្រាក់ដែលមិនបានទទួល {2},
Row {0}# Paid Amount cannot be greater than requested advance amount,ជួរដេក {0} ចំនួនទឹកប្រាក់ដែលបង់ប្រាក់មិនអាចច្រើនជាងចំនួនទឹកប្រាក់ដែលបានស្នើទេ,
Salary Slip ID,លេខសម្គាល់ប័ណ្ណប្រាក់ខែ,
Salary Slip of employee {0} already created for this period,ប័ណ្ណប្រាក់ខែរបស់បុគ្គលិក {0} បានបង្កើតឡើងរួចទៅហើយសម្រាប់រយៈពេលនេះ,
Salary Slip of employee {0} already created for time sheet {1},ប័ណ្ណប្រាក់ខែរបស់បុគ្គលិក {0} បានបង្កើតឡើងរួចហើយសម្រាប់តារាងពេលវេលា {1},
Salary Structure Assignment for Employee already exists,ការចាត់ចែងរចនាសម្ព័ន្ធប្រាក់ខែសម្រាប់និយោជិកមានរួចហើយ។,
Salary Structure Missing,បាត់ប្រាក់ខែរចនាសម្ព័ន្ធ,
Salary Structure not found for employee {0} and date {1},រកមិនឃើញរចនាសម្ព័ន្ធប្រាក់ខែសំរាប់បុគ្គលិក {0} និងកាលបរិច្ឆេទ {1},
Salary Structure should have flexible benefit component(s) to dispense benefit amount,រចនាសម្ព័ន្ធប្រាក់ខែគួរតែមានសមាសភាគផលប្រយោជន៍ដែលអាចបត់បែនបានដើម្បីផ្តល់ចំនួនប្រាក់សំណង,
"Salary already processed for period between {0} and {1}, Leave application period cannot be between this date range.","ប្រាក់បៀវត្សដែលបានដំណើរការរួចទៅហើយសម្រាប់សម័យនេះរវាង {0} និង {1}, ទុកឱ្យរយៈពេលកម្មវិធីមិនអាចមានរវាងជួរកាលបរិច្ឆេទនេះ។",
Sanctioned Amount cannot be greater than Claim Amount in Row {0}.,ចំនួនទឹកប្រាក់បានអនុញ្ញាតមិនអាចជាចំនួនទឹកប្រាក់ធំជាងក្នុងជួរដេកណ្តឹងទាមទារសំណង {0} ។,
Score must be less than or equal to 5,ពិន្ទុត្រូវតែតិចជាងឬស្មើនឹង 5,
Select Property,ជ្រើសអចលនទ្រព្យ,
Select an employee to get the employee advance.,ជ្រើសរើសនិយោជិកដើម្បីទទួលបានបុគ្គលិក។,
Service Expense,ការចំណាយសេវា,
Show Employee,បង្ហាញនិយោជិក,
Show Salary Slip,គ្រូពេទ្យប្រហែលជាបង្ហាញប្រាក់ខែ,
Sick Leave,ស្លឹកឈឺ,
"Skipping Salary Structure Assignment for the following employees, as Salary Structure Assignment records already exists against them. {0}",រំលងការតំឡើងប្រាក់ខែសំរាប់បុគ្គលិកដូចខាងក្រោមខណៈដែលឯកសារកំណត់រចនាសម្ព័ន្ធប្រាក់ខែមានរួចហើយប្រឆាំងនឹងពួកគេ។ {0},
Staffing Plan {0} already exist for designation {1},ផែនការបុគ្គលិក {0} មានរួចហើយសម្រាប់ការកំណត់ {1},
"Start and end dates not in a valid Payroll Period, cannot calculate {0}",កាលបរិច្ឆេទចាប់ផ្តើមនិងបញ្ចប់មិនមាននៅក្នុងរយៈពេលបើកប្រាក់ខែដែលមានសុពលភាពមិនអាចគណនា {0},
"Start and end dates not in a valid Payroll Period, cannot calculate {0}.",កាលបរិច្ឆេទចាប់ផ្ដើមនិងបញ្ចប់មិននៅក្នុងអំឡុងពេលបើកប្រាក់បៀវត្សរ៍ត្រឹមត្រូវមិនអាចគណនា {0} ។,
Stock Options,ជម្រើសភាគហ៊ុន,
Structures have been assigned successfully,រចនាសម្ព័ន្ធត្រូវបានចាត់តាំងដោយជោគជ័យ។,
Submit Proof,បញ្ជូនភស្តុតាង។,
Submit Salary Slip,ដាក់ស្នើប្រាក់ខែគ្រូពេទ្យប្រហែលជា,
Submit this to create the Employee record,ដាក់ស្នើនេះដើម្បីបង្កើតកំណត់ត្រានិយោជិក,
Submitting Salary Slips...,ដាក់ស្នើសុំប្រាក់បៀវត្ស ...,
Team Updates,ក្រុមការងារការធ្វើឱ្យទាន់សម័យ,
Thank you,សូមអរគុណអ្នក,
The day(s) on which you are applying for leave are holidays. You need not apply for leave.,ថ្ងៃនេះ (s) បាននៅលើដែលអ្នកកំពុងដាក់ពាក្យសុំឈប់សម្រាកគឺជាថ្ងៃឈប់សម្រាក។ អ្នកត្រូវការត្រូវបានអនុវត្តសម្រាប់ការឈប់សម្រាក។,
There are more holidays than working days this month.,មានថ្ងៃឈប់សម្រាកច្រើនជាងថ្ងៃធ្វើការខែនេះ។,
There is no leave period in between {0} and {1},មិនមានរយៈពេលឈប់នៅចន្លោះ {0} និង {1} ទេ។,
This is based on the attendance of this Employee,នេះត្រូវបានផ្អែកលើការចូលរួមរបស់បុគ្គលិកនេះ,
This will submit Salary Slips and create accrual Journal Entry. Do you want to proceed?,នេះនឹងបង្ហាញប្រាក់បៀវត្សរ៍និងបង្កើតប្រាក់ចំណូលចូលក្នុង Journal Entry ។ តើអ្នកចង់បន្តទេ?,
To date can not be equal or less than from date,ដល់កាលបរិច្ឆេទមិនអាចស្មើឬតិចជាងកាលបរិច្ឆេទទេ,
To date can not be less than from date,ចំពោះកាលបរិច្ឆេទមិនអាចតិចជាងកាលបរិច្ឆេទទេ,
To date can not greater than employee's relieving date,ដល់កាលបរិច្ឆេតមិនអាចធំជាងថ្ងៃឈប់សំរាករបស់និយោជិតទេ,
Total Absent,សរុបអវត្តមាន,
Total Deduction,ការកាត់សរុប,
Total Leaves,ស្លឹកសរុប,
Total Present,បច្ចុប្បន្នសរុប,
Total advance amount cannot be greater than total sanctioned amount,ចំនួនទឹកប្រាក់សរុបជាមុនមិនអាចច្រើនជាងចំនួនសរុបដែលបានអនុញ្ញាត,
Total flexible benefit component amount {0} should not be less than max benefits {1},ចំនួនសរុបនៃផលប្រយោជន៏ដែលអាចបត់បែនបាន {0} មិនគួរតិចជាងអត្ថប្រយោជន៍ច្រើនបំផុត {1},
Total leaves allocated is mandatory for Leave Type {0},ចំនួនស្លឹកដែលបានបម្រុងទុកគឺចាំបាច់សម្រាប់ការចាកចេញពីប្រភេទ {0},
Total working hours should not be greater than max working hours {0},ម៉ោងធ្វើការសរុបមិនគួរត្រូវបានធំជាងម៉ោងធ្វើការអតិបរមា {0},
Training,ការបណ្តុះបណ្តាល,
Training Event,ព្រឹត្តិការណ៍បណ្តុះបណ្តាល,
Training Events,ព្រឹត្តិការណ៍បណ្តុះបណ្តាល,
Training Feedback,មតិការបណ្តុះបណ្តាល,
Training Result,លទ្ធផលបណ្តុះបណ្តាល,
Travel,ការធ្វើដំណើរ,
Update Response,ធ្វើបច្ចុប្បន្នភាពចម្លើយ,
Value missing,បាត់តម្លៃ,
Variable,អថេរ,
Walk In,ដើរក្នុង,
Warning: Leave application contains following block dates,ព្រមាន &amp; ‧;: កម្មវិធីទុកឱ្យមានកាលបរិច្ឆេទនៃការហាមឃាត់ដូចខាងក្រោម,
Website Listing,បញ្ជីគេហទំព័រ,
Work Summary for {0},សេចក្តីសង្ខេបការងារសម្រាប់ {0},
You are not authorized to approve leaves on Block Dates,អ្នកមិនត្រូវបានអនុញ្ញាតឱ្យអនុម័តស្លឹកនៅលើកាលបរិច្ឆេទប្លុក,
You are not present all day(s) between compensatory leave request days,អ្នកមិនមានវត្តមានពេញមួយថ្ងៃរវាងថ្ងៃឈប់ស្នើសុំឈប់សម្រាក,
You can only submit Leave Encashment for a valid encashment amount,អ្នកគ្រាន់តែអាចដាក់ប្រាក់បញ្ញើការដាក់ប្រាក់ទៅកាន់ចំនួនទឹកប្រាក់នៃការបញ្ចូលទឹកប្រាក់ត្រឹមត្រូវ,
{0} already allocated for Employee {1} for period {2} to {3},{0} បម្រុងទុកសម្រាប់បុគ្គលិក {1} សម្រាប់រយៈពេល {2} ទៅ {3},
{0} applicable after {1} working days,{0} អាចប្រើបានបន្ទាប់ពី {1} ថ្ងៃធ្វើការ,
{0} is not in Optional Holiday List,{0} មិនមាននៅក្នុងបញ្ជីថ្ងៃឈប់សម្រាក,
{0} is not in a valid Payroll Period,{0} មិនស្ថិតនៅក្នុងអំឡុងពេលបើកប្រាក់ខែដែលមានសុពលភាពទេ,
{0} must be submitted,{0} ត្រូវតែបញ្ជូន,
"{0}: Employee email not found, hence email not sent","{0}: រកមិនឃើញអ៊ីម៉ែលបុគ្គលិក, ហេតុនេះមិនបានចាត់អ៊ីមែល",
{0}: From {0} of type {1},{0}: ពី {0} នៃប្រភេទ {1},
Conditions,លក្ខខណ្ឌ,
Percent,ភាគរយ,
Error in some rows,កំហុសក្នុងជួរខ្លះ។,
Benefit,អត្ថប្រយោជន៍។,
Shift,ប្តូរ។,
Importing {0} of {1},ការនាំចូល {0} នៃ {1},
'employee_field_value' and 'timestamp' are required.,ទាមទារ &quot;បុគ្គលិក _ វាល_value&quot; និង &#39;ត្រាពេលវេលាបំផុត&#39; ។,
Allocation Expired!,ការបែងចែកផុតកំណត់!,
Attendance Marked,ការចូលរួមសម្គាល់។,
Attendance has been marked as per employee check-ins,ការចូលរៀនត្រូវបានសម្គាល់តាមការចុះឈ្មោះនិយោជិក។,
Date Range,ជួរកាលបរិច្ឆេទ,
Event Link,តំណភ្ជាប់ព្រឹត្តិការណ៍,
Expire Allocation,ការបែងចែកផុតកំណត់។,
Fuel Expense,ចំណាយប្រេងឥន្ធនៈ។,
Intermediate,កម្រិតមធ្យម,
Leave application is linked with leave allocations {0}. Leave application cannot be set as leave without pay,ការដាក់ពាក្យសុំឈប់សម្រាកត្រូវបានផ្សារភ្ជាប់ជាមួយនឹងការបែងចែកការឈប់សម្រាក {0} ។ ការចាកចេញពីពាក្យសុំមិនអាចត្រូវបានកំណត់ជាការឈប់សម្រាកដោយគ្មានប្រាក់ឈ្នួលទេ។,
Log Type is required for check-ins falling in the shift: {0}.,ប្រភេទកំណត់ហេតុត្រូវបានទាមទារសម្រាប់ការឆែកចូលក្នុងវេនវេនៈ {០} ។,
No Employee found for the given employee field value. '{}': {},រកមិនឃើញបុគ្គលិកសម្រាប់តម្លៃវាលបុគ្គលិកដែលបានផ្តល់ឱ្យទេ។ &#39;{}&#39;: {},
No Leaves Allocated to Employee: {0} for Leave Type: {1},គ្មានស្លឹកដែលទុកសម្រាប់និយោជិក៖ {០} សម្រាប់ប្រភេទការឈប់សម្រាក៖ {១},
Only expired allocation can be cancelled,មានតែការបែងចែកដែលផុតកំណត់អាចត្រូវបានលុបចោល។,
Only users with the {0} role can create backdated leave applications,មានតែអ្នកប្រើដែលមានតួនាទី {០} ប៉ុណ្ណោះដែលអាចបង្កើតពាក្យសុំឈប់សម្រាកដែលហួសសម័យ,
Password policy cannot contain spaces or simultaneous hyphens. The format will be restructured automatically,គោលការណ៍ពាក្យសម្ងាត់មិនអាចមានដកឃ្លាឬសហសញ្ញាក្នុងពេលដំណាលគ្នា។ ទ្រង់ទ្រាយនឹងត្រូវបានរៀបចំឡើងវិញដោយស្វ័យប្រវត្តិ។,
Please enter the designation,សូមបញ្ចូលការរចនា។,
There are no vacancies under staffing plan {0},មិនមានកន្លែងទំនេរនៅក្រោមផែនការបុគ្គលិក {0},
This employee already has a log with the same timestamp.{0},និយោជិកនេះមានកំណត់ហេតុដែលមានត្រាពេលវេលាតែមួយដូចគ្នា។ {0},
Timing,ការកំណត់ពេលវេលា,
To date needs to be before from date,កាលបរិច្ឆេតចាំបាច់មុនកាលបរិច្ឆេទ។,
Total Early Exits,ការចេញមុនសរុប។,
Total Late Entries,ការចូលយឺត ៗ សរុប។,
Training Event:,ព្រឹត្តិការណ៍បណ្តុះបណ្តាល៖,
Unable to find Salary Component {0},មិនអាចរកឃើញសមាសធាតុប្រាក់ខែ {0},
Unmarked Attendance for days,ការចូលរួមដែលមិនបានសម្គាល់សម្រាប់ថ្ងៃ,
Vacancies cannot be lower than the current openings,ដំណឹងជ្រើសរើសបុគ្គលិកមិនអាចទាបជាងការបើកបច្ចុប្បន្នទេ។,
{} is an invalid Attendance Status.,{} គឺជាស្ថានភាពចូលរួមមិនត្រឹមត្រូវ។,
Printed On,បោះពុម្ពលើ,
No employee found,រកមិនឃើញបុគ្គលិក,
Please setup Employee Naming System in Human Resource > HR Settings,សូមរៀបចំប្រព័ន្ធដាក់ឈ្មោះនិយោជិកនៅក្នុងធនធានមនុស្ស&gt; ការកំណត់ធនធានមនុស្ស,
Please setup numbering series for Attendance via Setup > Numbering Series,សូមរៀបចំស៊េរីលេខរៀងសម្រាប់ការចូលរួមតាមរយៈតំឡើង&gt; លេខរៀង,
Current Odometer Value should be greater than Last Odometer Value {0},តម្លៃ Odometer បច្ចុប្បន្នគួរតែធំជាងតម្លៃ Odometer ចុងក្រោយ {0},
No additional expenses has been added,មិនមានការបន្ថែមការចំណាយបន្ថែមទេ,
{0} already exists for employee {1} and period {2},{0} មានរួចហើយសម្រាប់និយោជិក {1} និងរយៈពេល {2},
Leaves Allocated,ទុកចោលស្លឹក,
Leave Without Pay does not match with approved {} records,ការចាកចេញដោយគ្មានប្រាក់មិនត្រូវគ្នានឹងកំណត់ត្រា {} ដែលបានយល់ព្រមទេ,
Income Tax Slab not set in Salary Structure Assignment: {0},Slab ពន្ធលើប្រាក់ចំណូលមិនត្រូវបានកំណត់ក្នុងការចាត់ចែងរចនាសម្ព័ន្ធប្រាក់ខែទេ៖ {0},
Income Tax Slab: {0} is disabled,Slab ពន្ធលើប្រាក់ចំណូល: {0} ត្រូវបានបិទ,
Income Tax Slab must be effective on or before Payroll Period Start Date: {0},ក្រដាសប្រាក់ចំណូលត្រូវតែមានសុពលភាពនៅរឺមុនពេលបើកប្រាក់ខែកាលបរិច្ឆេទចាប់ផ្តើម៖ {០},
No leave record found for employee {0} on {1},គ្មានកំណត់ត្រាឈប់សម្រាកត្រូវបានរកឃើញសម្រាប់និយោជិក {០} នៅថ្ងៃទី ១},
Row {0}: {1} is required in the expenses table to book an expense claim.,ជួរដេក {០}៖ {១} គឺត្រូវការនៅក្នុងតារាងចំណាយដើម្បីកក់បណ្តឹងទាមទារការចំណាយ។,
Set the default account for the {0} {1},កំណត់គណនីលំនាំដើមសម្រាប់ {0} {1},
(Half Day),(កន្លះថ្ងៃ),
Income Tax Slab,Slab ពន្ធលើប្រាក់ចំណូល,
Row #{0}: Cannot set amount or formula for Salary Component {1} with Variable Based On Taxable Salary,ជួរទី # {០}៖ មិនអាចកំណត់ចំនួនទឹកប្រាក់ឬរូបមន្តសម្រាប់សមាសធាតុប្រាក់ខែ {១} ដែលមានអថេរអាស្រ័យលើប្រាក់ខែជាប់ពន្ធ,
Repay From Salary can be selected only for term loans,ទូទាត់សងពីប្រាក់ខែអាចត្រូវបានជ្រើសរើសសម្រាប់តែប្រាក់កម្ចីរយៈពេលប៉ុណ្ណោះ,
Salary Component Account,គណនីប្រាក់បៀវត្សសមាសភាគ,
Default Bank / Cash account will be automatically updated in Salary Journal Entry when this mode is selected.,គណនីធនាគារ / សាច់ប្រាក់លំនាំដើមនឹងត្រូវបានធ្វើឱ្យទាន់សម័យដោយស្វ័យប្រវត្តិនៅពេលដែលប្រាក់ Journal Entry របៀបនេះត្រូវបានជ្រើស។,
Result,លទ្ឋផល,
Total Score,ពិន្ទុសរុប,
Joining Date,កាលបរិច្ឆេទការចូលរួម,
Publish on website,បោះពុម្ពផ្សាយនៅលើគេហទំព័រ,
Application Status,ស្ថានភាពស្នើសុំ,
IN,IN,
Remind Before,រំឭកពីមុន,
Reminded,បានរំលឹក,
Additional Salary,ប្រាក់ខែបន្ថែម,
HR-ADS-.YY.-.MM.-,HR-ADS -YY .- ។ MM.-,
Salary Component,សមាសភាគប្រាក់ខែ,
Overwrite Salary Structure Amount,សរសេរជាន់លើរចនាសម្ព័ន្ធប្រាក់ខែ,
Deduct Full Tax on Selected Payroll Date,ដកពន្ធពេញលើកាលបរិច្ឆេទបើកប្រាក់ឈ្នួលដែលបានជ្រើសរើស។,
Payroll Date,ថ្ងៃបើកប្រាក់បៀវត្ស,
Salary Component Type,ប្រភេទសមាសភាគប្រាក់ខែ,
Appointment Letter,សំបុត្រណាត់ជួប,
Appointment Date,កាលបរិច្ឆេទណាត់ជួប,
Appointment Letter Template,គំរូលិខិតណាត់ជួប,
Closing Notes,ការបិទកំណត់សំគាល់,
Appointment Letter content,មាតិកាលិខិតណាត់ជួប,
Appraisal,ការវាយតម្លៃ,
HR-APR-.YY.-.MM.,HR-APR-.YY.- .MM ។,
For Employee Name,សម្រាប់ឈ្មោះបុគ្គលិក,
Goals,គ្រាប់បាល់បញ្ចូលទី,
Total Score (Out of 5),ពិន្ទុសរុប (ក្នុងចំណោម 5),
"Any other remarks, noteworthy effort that should go in the records.","ការកត់សម្គាល់ណាមួយផ្សេងទៀត, ការខិតខំប្រឹងប្រែងគួរឱ្យកត់សម្គាល់ដែលគួរតែចូលទៅក្នុងរបាយការណ៍។",
Appraisal Goal,គោលដៅវាយតម្លៃ,
Key Responsibility Area,តំបន់ភារកិច្ចសំខាន់,
Weightage (%),Weightage (%),
Score (0-5),ពិន្ទុ (0-5),
Score Earned,គ្រាប់បាល់បញ្ចូលទីទទួលបាន,
Appraisal Template Title,ការវាយតម្លៃទំព័រគំរូចំណងជើង,
Appraisal Template Goal,គោលដៅវាយតម្លៃទំព័រគំរូ,
KRA,ក្រៈ,
Key Performance Area,គន្លឹះការសម្តែងតំបន់,
HR-ATT-.YYYY.-,HR-ATT-yYYYY.-,
On Leave,ឈប់សម្រាក,
Work From Home,ធ្វើការពីផ្ទះ,
Leave Application,ការឈប់សម្រាករបស់កម្មវិធី,
Attendance Date,ការចូលរួមកាលបរិច្ឆេទ,
Attendance Request,សំណើចូលរួម,
Late Entry,ការចូលយឺត។,
Early Exit,ការចាកចេញដំបូង។,
Half Day Date,កាលបរិច្ឆេទពាក់កណ្តាលថ្ងៃ,
On Duty,នៅលើកាតព្វកិច្ច,
Explanation,ការពន្យល់,
Compensatory Leave Request,សំណើសុំប្រាក់សំណង,
Leave Allocation,ទុកឱ្យការបម្រុងទុក,
Worked On Holiday,ធ្វើការនៅថ្ងៃឈប់សម្រាក,
Work From Date,ធ្វើការពីកាលបរិច្ឆេទ,
Work End Date,កាលបរិច្ឆេទបញ្ចប់ការងារ,
Email Sent To,អ៊ីមែលត្រូវបានផ្ញើទៅ,
Select Users,ជ្រើសរើសអ្នកប្រើ,
Send Emails At,ផ្ញើអ៊ីម៉ែល,
Reminder,ការរំលឹក,
Daily Work Summary Group User,អ្នកប្រើក្រុមសង្ខេបការងារប្រចាំថ្ងៃ,
email,អ៊ីមែល,
Department Approver,អ្នកអនុម័តមន្ទីរ,
Approver,ការអនុម័ត,
Designation Skill,ជំនាញរចនា។,
Skill,ជំនាញ។,
Leave Policy,ចាកចេញពីគោលនយោបាយ,
Salary Details,ព័ត៌មានលម្អិតអំពីប្រាក់ខែ,
HR-EAD-.YYYY.-,HR-EAD -YYYY.-,
Claimed,បានទាមទារ,
Employee Attendance Tool,ឧបករណ៍វត្តមានបុគ្គលិក,
Unmarked Attendance,វត្តមានចំណាំទុក,
Employees HTML,និយោជិករបស់ HTML,
Marked Attendance,វត្តមានដែលបានសម្គាល់,
Marked Attendance HTML,វត្តមានដែលបានសម្គាល់ជា HTML,
Employee Benefit Application,ពាក្យសុំជំនួយរបស់និយោជិក,
Max Benefits (Yearly),អត្ថប្រយោជន៍អតិបរមា (ប្រចាំឆ្នាំ),
Remaining Benefits (Yearly),អត្ថប្រយោជន៍ដែលនៅសល់ (ប្រចាំឆ្នាំ),
Payroll Period,រយៈពេលប្រាក់បៀវត្ស,
Dispensed Amount (Pro-rated),ចំនួនទឹកប្រាក់ដែលត្រូវបានផ្តល់ជូន (Pro-rated),
Employee Benefit Application Detail,ព័ត៌មានលំអិតអំពីអត្ថប្រយោជន៍សំរាប់បុគ្គលិក,
Earning Component,ស្វែងរកសមាសភាគ,
Pay Against Benefit Claim,បង់ប្រាក់សំណងលើអត្ថប្រយោជន៍,
Max Benefit Amount,ចំនួនអត្ថប្រយោជន៍អតិបរមា,
Employee Benefit Claim,ពាក្យបណ្តឹងទាមទារសំណងរបស់និយោជិក,
Claim Date,កាលបរិច្ឆេទទាមទារ,
Claim Benefit For,ទាមទារអត្ថប្រយោជន៍សម្រាប់,
Max Amount Eligible,ចំនួនទឹកប្រាក់អតិបរមាដែលមានសិទ្ធិ,
Expense Proof,ភស្តុតាងចំណាយ,
Employee Boarding Activity,សកម្មភាពក្រុមប្រឹក្សាភិបាលនិយោជិក,
Activity Name,ឈ្មោះសកម្មភាព,
Required for Employee Creation,ទាមទារសម្រាប់ការបង្កើតនិយោជិក,
Applicable in the case of Employee Onboarding,អាចអនុវត្តបានក្នុងករណីបុគ្គលិកនៅលើនាវា,
Employee Checkin,ឆែកចូលនិយោជិក។,
Log Type,ប្រភេទកំណត់ហេតុ។,
OUT,ចេញ។,
Location / Device ID,ទីតាំង / លេខសម្គាល់ឧបករណ៍។,
Skip Auto Attendance,រំលងការចូលរួមដោយស្វ័យប្រវត្តិ។,
Shift Start,ប្តូរចាប់ផ្តើម។,
Shift End,ប្ដូរបញ្ចប់។,
Shift Actual Start,ផ្លាស់ប្តូរការចាប់ផ្តើមជាក់ស្តែង។,
Shift Actual End,ប្តូរទីបញ្ចប់ពិតប្រាកដ។,
Default Salary Structure,រចនាសម្ព័ន្ធប្រាក់ខែលំនាំដើម,
Employee Health Insurance,ធានារ៉ាប់រងសុខភាពបុគ្គលិក,
Health Insurance Name,ឈ្មោះធានារ៉ាប់រងសុខភាព,
Employee Incentive,ប្រាក់លើកទឹកចិត្តបុគ្គលិក,
Incentive Amount,ប្រាក់លើកទឹកចិត្ត,
Employee Onboarding,បុគ្គលិកនៅលើនាវា,
Notify users by email,ជូនដំណឹងដល់អ្នកប្រើប្រាស់តាមរយៈអ៊ីមែល។,
Employee Onboarding Template,គំរូនិយោជិក,
Employee Other Income,ប្រាក់ចំណូលផ្សេងទៀតរបស់និយោជិក,
Employee Promotion,ការលើកកម្ពស់បុគ្គលិក,
Promotion Date,កាលបរិច្ឆេទការផ្សព្វផ្សាយ,
Employee Promotion Details,ពត៌មានលំអិតបុគ្គលិក,
Employee Property History,ប្រវត្តិទ្រព្យសម្បត្តិបុគ្គលិក,
Employee Separation,ការបំបែកបុគ្គលិក,
Employee Separation Template,គំរូបំបែកបុគ្គលិក,
Exit Interview Summary,ចេញសេចក្តីសង្ខេបការសម្ភាសន៍,
Employee Skill,ជំនាញបុគ្គលិក។,
Proficiency,ជំនាញ។,
Evaluation Date,កាលបរិច្ឆេទវាយតម្លៃ។,
Employee Skill Map,ផែនទីជំនាញរបស់និយោជិក។,
Employee Skills,ជំនាញបុគ្គលិក។,
Trainings,ការបណ្តុះបណ្តាល។,
Employee Tax Exemption Category,ការលើកលែងពន្ធលើបុគ្គលិក,
Max Exemption Amount,ចំនួនទឹកប្រាក់លើកលែងអតិបរមា។,
Employee Tax Exemption Declaration,ការប្រកាសលើកលែងពន្ធលើនិយោជិក,
Declarations,សេចក្តីប្រកាស,
Total Declared Amount,ចំនួនប្រកាសសរុប។,
Total Exemption Amount,ចំនួនទឹកប្រាក់នៃការលើកលែងសរុប,
Employee Tax Exemption Declaration Category,សេចក្តីប្រកាសលើកលែងការលើកលែងពន្ធ,
Exemption Sub Category,ការលើកលែងប្រភេទរង,
Exemption Category,ប្រភេទការលើកលែង,
Maximum Exempted Amount,ចំនួនទឹកប្រាក់ដែលត្រូវបានលើកលែងអតិបរមា។,
Declared Amount,ចំនួនទឹកប្រាក់ដែលបានប្រកាស។,
Employee Tax Exemption Proof Submission,ការដាក់ពាក្យស្នើសុំការលើកលែងពន្ធលើនិយោជិក,
Submission Date,ថ្ងៃដាក់ស្នើ,
Tax Exemption Proofs,ភស្តុតាងលើកលែងពន្ធ,
Total Actual Amount,ចំនួនសរុបជាក់ស្តែង។,
Employee Tax Exemption Proof Submission Detail,ការដាក់ពាក្យបញ្ជូលភស្តុតាងនៃការលើកលែងពន្ធលើនិយោជិក,
Maximum Exemption Amount,ចំនួនទឹកប្រាក់លើកលែងអតិបរមា។,
Type of Proof,ប្រភេទភស្តុតាង,
Actual Amount,ចំនួនទឹកប្រាក់ជាក់ស្តែង។,
Employee Tax Exemption Sub Category,ការលើកលែងពន្ធលើនិយោជកប្រភេទរង,
Tax Exemption Category,ប្រភេទការលើកលែងពន្ធ,
Employee Training,បណ្តុះបណ្តាលបុគ្គលិក។,
Training Date,កាលបរិច្ឆេទបណ្តុះបណ្តាល។,
Employee Transfer,ការផ្ទេរបុគ្គលិក,
Transfer Date,កាលបរិច្ឆេទផ្ទេរ,
Employee Transfer Details,ព័ត៌មានលំអិតនៃការផ្ទេរបុគ្គលិក,
Employee Transfer Detail,ពត៌មានផ្ទេរបុគ្គលិក,
Re-allocate Leaves,កំណត់ឡើងវិញស្លឹក,
Create New Employee Id,បង្កើតលេខសម្គាល់បុគ្គលិកថ្មី,
New Employee ID,លេខសម្គាល់បុគ្គលិកថ្មី,
HR-EXP-.YYYY.-,HR-EXP -YYYY.-,
Expense Taxes and Charges,ពន្ធនិងថ្លៃសេវាកម្ម។,
Total Sanctioned Amount,ចំនួនទឹកប្រាក់ដែលបានអនុញ្ញាតសរុប,
Total Advance Amount,ចំនួនបុរេប្រទានសរុប,
Total Claimed Amount,ចំនួនទឹកប្រាក់អះអាងសរុប,
Total Amount Reimbursed,ចំនួនទឹកប្រាក់សរុបដែលបានសងវិញ,
Vehicle Log,រថយន្តចូល,
Employees Email Id,និយោជិអ៊ីម៉ែលលេខសម្គាល់,
More Details,ព័ត៌មានលំអិត,
Expense Claim Account,គណនីបណ្តឹងទាមទារការចំណាយ,
Expense Claim Advance,ចំណាយប្រាក់កម្រៃបុរេប្រទាន,
Expense Claim Detail,ពត៌មានលំអិតពាក្យបណ្តឹងលើការចំណាយ,
Expense Date,ការចំណាយកាលបរិច្ឆេទ,
Expense Claim Type,ការចំណាយប្រភេទពាក្យបណ្តឹង,
HR Settings,ការកំណត់ធនធានមនុស្ស,
Employee Settings,ការកំណត់បុគ្គលិក,
Expense Approver Mandatory In Expense Claim,អ្នកអនុម័តប្រាក់ចំណាយចាំបាច់ក្នុងការទាមទារសំណង,
Payroll Settings,ការកំណត់បើកប្រាក់បៀវត្ស,
Leave,ចាកចេញ,
Max working hours against Timesheet,ម៉ោងអតិបរមាប្រឆាំងនឹង Timesheet,
Include holidays in Total no. of Working Days,រួមបញ្ចូលថ្ងៃឈប់សម្រាកនៅក្នុងការសរុបទេ។ នៃថ្ងៃធ្វើការ,
"If checked, Total no. of Working Days will include holidays, and this will reduce the value of Salary Per Day","ប្រសិនបើបានធីកនោះទេសរុប។ នៃថ្ងៃធ្វើការនឹងរួមបញ្ចូលទាំងថ្ងៃឈប់សម្រាក, ហើយនេះនឹងកាត់បន្ថយតម្លៃនៃប្រាក់ខែក្នុងមួយថ្ងៃនោះ",
"If checked, hides and disables Rounded Total field in Salary Slips",ប្រសិនបើបានគូសធីកលាក់និងបិទវាលសរុបមូលក្នុងប័ណ្ណប្រាក់ខែ,
The fraction of daily wages to be paid for half-day attendance,ប្រភាគនៃប្រាក់ឈ្នួលប្រចាំថ្ងៃដែលត្រូវបង់សម្រាប់ការចូលរួមកន្លះថ្ងៃ,
Email Salary Slip to Employee,អ៊ីម៉ែលទៅឱ្យបុគ្គលិកគ្រូពេទ្យប្រហែលជាប្រាក់ខែ,
Emails salary slip to employee based on preferred email selected in Employee,ប័ណ្ណប្រាក់ខែបុគ្គលិកដោយផ្អែកអ៊ីម៉ែលទៅកាន់អ៊ីម៉ែលពេញចិត្តលើជ្រើសក្នុងបុគ្គលិក,
Encrypt Salary Slips in Emails,អ៊ិនគ្រីបប័ណ្ណប្រាក់ខែក្នុងអ៊ីមែល។,
"The salary slip emailed to the employee will be password protected, the password will be generated based on the password policy.",ប័ណ្ណប្រាក់ខែផ្ញើតាមអ៊ីមែលទៅនិយោជិកនឹងត្រូវបានការពារលេខសម្ងាត់ពាក្យសម្ងាត់នឹងត្រូវបានបង្កើតដោយផ្អែកលើគោលការណ៍ពាក្យសម្ងាត់។,
Password Policy,គោលការណ៍ពាក្យសម្ងាត់។,
<b>Example:</b> SAL-{first_name}-{date_of_birth.year} <br>This will generate a password like SAL-Jane-1972,<b>ឧទាហរណ៍៖</b> SAL- {first_name} - {date_of_birth.year} <br> នេះនឹងបង្កើតពាក្យសម្ងាត់ដូចជា SAL-Jane-1972 ។,
Leave Approval Notification Template,ចាកចេញពីទំព័រសេចក្តីជូនដំណឹងអនុម័ត,
Leave Status Notification Template,ចាកចេញពីទំព័រជូនដំណឹងពីស្ថានភាព,
Role Allowed to Create Backdated Leave Application,តួនាទីដែលត្រូវបានអនុញ្ញាតឱ្យបង្កើតពាក្យសុំឈប់សម្រាកហួសសម័យ,
Leave Approver Mandatory In Leave Application,ទុកអ្នកអនុម័តជាចាំបាច់ក្នុងការចាកចេញពីកម្មវិធី,
Show Leaves Of All Department Members In Calendar,បង្ហាញស្លឹករបស់សមាជិកនាយកដ្ឋានទាំងអស់នៅក្នុងប្រតិទិន,
Auto Leave Encashment,ការចាកចេញពីរថយន្តដោយស្វ័យប្រវត្តិ។,
Hiring Settings,ជួលការកំណត់។,
Check Vacancies On Job Offer Creation,ពិនិត្យមើលភាពទំនេរលើការបង្កើតការផ្តល់ជូនការងារ។,
Identification Document Type,ប្រភេទឯកសារអត្តសញ្ញាណ,
Effective from,មានប្រសិទ្ធិភាពពី,
Allow Tax Exemption,អនុញ្ញាតឱ្យលើកលែងពន្ធ,
"If enabled, Tax Exemption Declaration will be considered for income tax calculation.",ប្រសិនបើបានបើកដំណើរការសេចក្តីប្រកាសលើកលែងពន្ធនឹងត្រូវបានពិចារណាសម្រាប់ការគណនាពន្ធលើប្រាក់ចំណូល។,
Standard Tax Exemption Amount,ចំនួនទឹកប្រាក់លើកលែងពន្ធស្តង់ដារ។,
Taxable Salary Slabs,សន្លឹកប្រាក់ខែជាប់ពន្ធ,
Taxes and Charges on Income Tax,ពន្ធនិងការគិតពន្ធលើប្រាក់ចំណូល,
Other Taxes and Charges,ពន្ធនិងថ្លៃផ្សេងៗ,
Income Tax Slab Other Charges,ការបង់ពន្ធលើប្រាក់ចំណូលបន្ថែមការគិតថ្លៃផ្សេងៗ,
Min Taxable Income,ប្រាក់ចំណូលជាប់ពន្ធអប្បបរមា,
Max Taxable Income,ប្រាក់ចំណូលជាប់ពន្ធអតិបរមា,
Applicant for a Job,កម្មវិធីសម្រាប់ការងារ,
Job Opening,បើកការងារ,
Cover Letter,លិខិត,
Resume Attachment,ឯកសារភ្ជាប់ប្រវត្តិរូប,
Job Applicant Source,ប្រភពអ្នកស្វែងរកការងារធ្វើ,
Applicant Email Address,អាស័យដ្ឋានអ៊ីម៉ែលរបស់អ្នកដាក់ពាក្យ,
Awaiting Response,រង់ចាំការឆ្លើយតប,
Job Offer Terms,លក្ខខណ្ឌផ្តល់ការងារ,
Select Terms and Conditions,ជ្រើសលក្ខខណ្ឌ,
Job Offer Term,រយៈពេលផ្តល់ការងារ,
Offer Term,ផ្តល់ជូននូវរយៈពេល,
Value / Description,គុណតម្លៃ / ការពិពណ៌នាសង្ខេប,
Description of a Job Opening,ការពិពណ៌នាសង្ខេបនៃការបើកការងារ,
Staffing Plan,ផែនការបុគ្គលិក,
Planned number of Positions,ចំនួនអ្នកតំណាងដែលបានគ្រោងទុក,
"Job profile, qualifications required etc.",ទម្រង់យ៉ូបបានទាមទារលក្ខណៈសម្បត្តិល,
HR-LAL-.YYYY.-,HR-LAL -YYYY.-,
New Leaves Allocated,ស្លឹកថ្មីដែលបានបម្រុងទុក,
Add unused leaves from previous allocations,បន្ថែមស្លឹកដែលមិនបានប្រើពីការបែងចែកពីមុន,
Unused leaves,ស្លឹកមិនប្រើ,
Total Leaves Allocated,ចំនួនសរុបដែលបានបម្រុងទុកស្លឹក,
Total Leaves Encashed,ស្លឹកសរុបត្រូវបានបែកខ្ទេច,
Leave Period,ចាកចេញពីកំឡុងពេល,
Carry Forwarded Leaves,អនុវត្តស្លឹកបញ្ជូនបន្ត,
Apply / Approve Leaves,អនុវត្ត / អនុម័តស្លឹក,
HR-LAP-.YYYY.-,HR-LAP -YYYY.-,
Leave Balance Before Application,ទុកឱ្យតុល្យភាពមុនពេលដាក់ពាក្យស្នើសុំ,
Total Leave Days,សរុបថ្ងៃស្លឹក,
Leave Approver Name,ទុកឱ្យឈ្មោះការអនុម័ត,
Follow via Email,សូមអនុវត្តតាមរយៈអ៊ីម៉ែល,
Block Holidays on important days.,ប្រតិទិនឈប់សម្រាកនៅថ្ងៃដ៏សំខាន់ប្លុក។,
Leave Block List Name,ទុកឱ្យឈ្មោះបញ្ជីប្លុក,
Applies to Company,អនុវត្តទៅក្រុមហ៊ុន,
"If not checked, the list will have to be added to each Department where it has to be applied.",ប្រសិនបើមិនបានធីកបញ្ជីនេះនឹងត្រូវបានបន្ថែមទៅកាន់ក្រសួងគ្នាដែលជាកន្លែងដែលវាត្រូវបានអនុវត្ត។,
Block Days,ប្លុកថ្ងៃ,
Stop users from making Leave Applications on following days.,បញ្ឈប់ការរបស់អ្នកប្រើពីការធ្វើឱ្យកម្មវិធីដែលបានចាកចេញនៅថ្ងៃបន្ទាប់។,
Leave Block List Dates,ទុកឱ្យប្លុកថ្ងៃបញ្ជី,
Allow Users,អនុញ្ញាតឱ្យអ្នកប្រើ,
Allow the following users to approve Leave Applications for block days.,អនុញ្ញាតឱ្យអ្នកប្រើដូចខាងក្រោមដើម្បីអនុម័តកម្មវិធីសុំច្បាប់សម្រាកសម្រាប់ថ្ងៃប្លុក។,
Leave Block List Allowed,ទុកឱ្យប្លុកដែលបានអនុញ្ញាតក្នុងបញ្ជី,
Leave Block List Allow,បញ្ជីប្លុកអនុញ្ញាតឱ្យចាកចេញពី,
Allow User,អនុញ្ញាតឱ្យអ្នកប្រើ,
Leave Block List Date,ទុកឱ្យបញ្ជីប្លុកកាលបរិច្ឆេទ,
Block Date,ប្លុកកាលបរិច្ឆេទ,
Leave Control Panel,ទុកឱ្យផ្ទាំងបញ្ជា,
Employment Type (optional),ប្រភេទការងារ (ជាជម្រើស),
Branch (optional),សាខា (ជាជម្រើស),
Department (optional),នាយកដ្ឋាន (ស្រេចចិត្ត),
Designation (optional),ការរចនា (ស្រេចចិត្ត),
Employee Grade (optional),ថ្នាក់បុគ្គលិក (ជាជម្រើស),
Employee (optional),និយោជិក (ស្រេចចិត្ត),
Allocate Leaves,បែងចែកស្លឹកឈើ។,
Carry Forward,អនុវត្តការទៅមុខ,
Please select Carry Forward if you also want to include previous fiscal year's balance leaves to this fiscal year,សូមជ្រើសយកការទៅមុខផងដែរប្រសិនបើអ្នកចង់រួមបញ្ចូលតុល្យភាពឆ្នាំមុនសារពើពន្ធរបស់ទុកនឹងឆ្នាំសារពើពន្ធនេះ,
New Leaves Allocated (In Days),ស្លឹកថ្មីដែលបានបម្រុងទុក (ក្នុងថ្ងៃ),
Leave Balance,ទុកតុល្យភាព,
Encashable days,ថ្ងៃជាប់គ្នា,
Encashment Amount,ចំនួនទឹកប្រាក់ភ្នាល់,
Leave Ledger Entry,ចាកចេញពីធាតុលីតហ្គឺ។,
Transaction Name,ឈ្មោះប្រតិបត្តិការ។,
Is Carry Forward,គឺត្រូវបានអនុវត្តទៅមុខ,
Is Expired,ផុតកំណត់ហើយ។,
Is Leave Without Pay,ត្រូវទុកឱ្យដោយគ្មានការបង់,
Holiday List for Optional Leave,បញ្ជីថ្ងៃឈប់សម្រាកសម្រាប់ការចេញជម្រើស,
Leave Allocations,ចាកចេញពីការបែងចែក,
Leave Policy Details,ចាកចេញពីព័ត៌មានលម្អិតអំពីគោលនយោបាយ,
Leave Policy Detail,ទុកព័ត៌មានលំអិតពីគោលនយោបាយ,
Annual Allocation,ការបែងចែកប្រចាំឆ្នាំ,
Leave Type Name,ទុកឱ្យប្រភេទឈ្មោះ,
Applicable After (Working Days),អាចអនុវត្តបានបន្ទាប់ពី (ថ្ងៃធ្វើការ),
Is Optional Leave,គឺជាជម្រើសចេញ,
Allow Negative Balance,អនុញ្ញាតឱ្យមានតុល្យភាពអវិជ្ជមាន,
Include holidays within leaves as leaves,រួមបញ្ចូលថ្ងៃឈប់សម្រាកនៅក្នុងស្លឹកជាស្លឹក,
Is Compensatory,គឺជាការផ្តល់សំណង,
Maximum Carry Forwarded Leaves,ស្លឹកបញ្ជូនបន្តអតិបរមា។,
Expire Carry Forwarded Leaves (Days),ស្លឹកដែលដឹកជញ្ជូនបន្ត (ផុតកំណត់),
Calculated in days,គណនាគិតជាថ្ងៃ។,
Encashment,ការប៉ះទង្គិច,
Allow Encashment,អនុញ្ញាតឱ្យមានការបម្លែង,
Encashment Threshold Days,ថ្ងៃឈប់សំរាម,
Earned Leave,ទទួលបានការឈប់សំរាក,
Is Earned Leave,ទទួលបានទុកចោល,
Earned Leave Frequency,ទទួលបានពីការចាកចេញពីប្រេកង់,
Rounding,ជុំទី,
Payroll Employee Detail,និយោជិតប្រាក់ខែពត៌មានលំអិត,
Payroll Frequency,ភពញឹកញប់បើកប្រាក់បៀវត្ស,
Fortnightly,ពីរសប្តាហ៍,
Bimonthly,bimonthly,
Employees,និយោជិត,
Number Of Employees,ចំនួនបុគ្គលិក,
Employee Details,ព័ត៌មានលម្អិតរបស់និយោជិក,
Validate Attendance,ធ្វើឱ្យវត្តមានមានសុពលភាព,
Salary Slip Based on Timesheet,ប័ណ្ណប្រាក់ខែដោយផ្អែកលើ Timesheet,
Deduct Tax For Unclaimed Employee Benefits,កាត់បន្ថយពន្ធសម្រាប់អត្ថប្រយោជន៍របស់និយោជិកដែលមិនបានទាមទារ,
Deduct Tax For Unsubmitted Tax Exemption Proof,កាត់បន្ថយពន្ធសម្រាប់លិខិតលើកលែងពន្ធមិនមានបណ្តោះអាសន្ន,
Select Payment Account to make Bank Entry,ជ្រើសគណនីទូទាត់ដើម្បីធ្វើឱ្យធាតុរបស់ធនាគារ,
Salary Slips Created,តារាងប្រាក់ខែត្រូវបានបង្កើត,
Salary Slips Submitted,តារាងប្រាក់ខែដែលបានដាក់ស្នើ,
Payroll Periods,រយៈពេលប្រាក់បៀវត្ស,
Payroll Period Date,កាលបរិច្ឆេទបង់ប្រាក់,
Purpose of Travel,គោលបំណងនៃការធ្វើដំណើរ,
Retention Bonus,ប្រាក់លើកទឹកចិត្ត,
Bonus Payment Date,ថ្ងៃបង់ប្រាក់រង្វាន់,
Bonus Amount,ចំនួនប្រាក់រង្វាន់,
Depends on Payment Days,អាស្រ័យលើថ្ងៃទូទាត់។,
Is Tax Applicable,ពន្ធត្រូវបានអនុវត្ត,
Variable Based On Taxable Salary,អថេរផ្អែកលើប្រាក់ឈ្នួលជាប់ពន្ធ,
Exempted from Income Tax,រួចផុតពីពន្ធលើប្រាក់ចំណូល,
Round to the Nearest Integer,បង្គត់ទៅចំនួនគត់ជិតបំផុត។,
Statistical Component,សមាសភាគស្ថិតិ,
"If selected, the value specified or calculated in this component will not contribute to the earnings or deductions. However, it's value can be referenced by other components that can be added or deducted. ","ប្រសិនបើបានជ្រើសតម្លៃដែលបានបញ្ជាក់ឬគណនាក្នុងសមាសភាគនេះនឹងមិនរួមចំណែកដល់ការរកប្រាក់ចំណូលឬកាត់។ ទោះជាយ៉ាងណា, វាជាតម្លៃមួយអាចត្រូវបានយោងដោយសមាសភាគផ្សេងទៀតដែលអាចត្រូវបានបន្ថែមឬដកចេញ។",
Do Not Include in Total,កុំរាប់បញ្ចូលជាសរុប,
Flexible Benefits,អត្ថប្រយោជន៍បត់បែន,
Is Flexible Benefit,អត្ថប្រយោជន៍ដែលអាចបត់បែនបាន,
Max Benefit Amount (Yearly),ចំនួនអត្ថប្រយោជន៍អតិបរមា (ប្រចាំឆ្នាំ),
Only Tax Impact (Cannot Claim But Part of Taxable Income),មានតែផលប៉ះពាល់ពន្ធ (មិនអាចទាមទារបានទេប៉ុន្តែជាផ្នែកមួយនៃប្រាក់ចំណូលជាប់ពន្ធ),
Create Separate Payment Entry Against Benefit Claim,បង្កើតការបង់ប្រាក់ដាច់ដោយឡែកពីការទាមទារសំណង,
Amount based on formula,ចំនួនទឹកប្រាក់ដែលមានមូលដ្ឋានលើរូបមន្ត,
Formula,រូបមន្ត,
Salary Detail,លំអិតប្រាក់ខែ,
Component,សមាសភាគ,
Do not include in total,កុំរួមបញ្ចូលសរុប,
Default Amount,ចំនួនលំនាំដើម,
Additional Amount,ចំនួនទឹកប្រាក់បន្ថែម។,
Tax on flexible benefit,ពន្ធលើអត្ថប្រយោជន៍ដែលអាចបត់បែន,
Tax on additional salary,ពន្ធលើប្រាក់បៀវត្សបន្ថែម,
Salary Structure,រចនាសម្ព័ន្ធប្រាក់បៀវត្ស,
Working Days,ថ្ងៃធ្វើការ,
Salary Slip Timesheet,Timesheet ប្រាក់បៀវត្សរ៍ប័ណ្ណ,
Earnings,ការរកប្រាក់ចំណូល,
Deductions,ការកាត់,
Total in words,សរុបនៅក្នុងពាក្យ,
Salary Component for timesheet based payroll.,សមាសភាគបញ្ជីបើកប្រាក់ខែដែលមានមូលដ្ឋានលើប្រាក់បៀវត្សសម្រាប់ timesheet ។,
Leave Encashment Amount Per Day,ទុកប្រាក់ភ្នាល់ក្នុងមួយថ្ងៃ,
Max Benefits (Amount),អត្ថប្រយោជន៍អតិបរមា (បរិមាណ),
Salary breakup based on Earning and Deduction.,ការបែកបាក់គ្នាដោយផ្អែកលើការរកប្រាក់ចំណូលបានប្រាក់ខែនិងការកាត់។,
Total Earning,ប្រាក់ចំណូលសរុប,
Salary Structure Assignment,ការកំណត់រចនាសម្ព័ន្ធប្រាក់ខែ,
Shift Assignment,ការប្ដូរ Shift,
Shift Type,ប្ដូរប្រភេទ,
Shift Request,Shift Request,
Enable Auto Attendance,បើកការចូលរួមដោយស្វ័យប្រវត្តិ។,
Mark attendance based on 'Employee Checkin' for Employees assigned to this shift.,សម្គាល់ការចូលរួមដោយផ្អែកលើ“ ការត្រួតពិនិត្យនិយោជិក” សម្រាប់និយោជិកដែលត្រូវបានចាត់ឱ្យផ្លាស់ប្តូរវេននេះ។,
Auto Attendance Settings,ការកំណត់ការចូលរួមដោយស្វ័យប្រវត្តិ។,
Determine Check-in and Check-out,កំណត់ការចូលនិងចេញ។,
Alternating entries as IN and OUT during the same shift,ជំនួសធាតុដូច IN និង OUT ក្នុងអំឡុងពេលផ្លាស់ប្តូរតែមួយ។,
Strictly based on Log Type in Employee Checkin,ផ្អែកយ៉ាងតឹងរឹងលើប្រភេទកំណត់ហេតុនៅក្នុងឆែកបុគ្គលិក។,
Working Hours Calculation Based On,ការគណនាម៉ោងធ្វើការផ្អែកលើ។,
First Check-in and Last Check-out,ចូលដំបូងនិងចូលចុងក្រោយ។,
Every Valid Check-in and Check-out,រាល់ការចូលនិងពិនិត្យចេញត្រឹមត្រូវ។,
Begin check-in before shift start time (in minutes),ចាប់ផ្តើមចូលមុនពេលចាប់ផ្តើមវេន (គិតជានាទី),
The time before the shift start time during which Employee Check-in is considered for attendance.,ពេលវេលាមុនពេលវេនចាប់ផ្តើមផ្លាស់ប្តូរកំឡុងពេលដែលបុគ្គលិកចុះឈ្មោះចូលត្រូវបានពិចារណាសម្រាប់ការចូលរួម។,
Allow check-out after shift end time (in minutes),អនុញ្ញាតឱ្យពិនិត្យចេញបន្ទាប់ពីម៉ោងបញ្ចប់វេន (គិតជានាទី),
Time after the end of shift during which check-out is considered for attendance.,ពេលវេលាបន្ទាប់ពីការបញ្ចប់វេននៅក្នុងអំឡុងពេលនៃការចាកចេញត្រូវបានពិចារណាសម្រាប់ការចូលរួម។,
Working Hours Threshold for Half Day,ចំនួនម៉ោងធ្វើការសម្រាប់ពាក់កណ្តាលថ្ងៃ។,
Working hours below which Half Day is marked. (Zero to disable),ម៉ោងធ្វើការខាងក្រោមដែលពាក់កណ្តាលថ្ងៃត្រូវបានសម្គាល់។ (សូន្យដើម្បីបិទ),
Working Hours Threshold for Absent,ម៉ោងធ្វើការសម្រាប់អវត្តមាន។,
Working hours below which Absent is marked. (Zero to disable),ម៉ោងធ្វើការខាងក្រោមដែលអវត្តមានត្រូវបានសម្គាល់។ (សូន្យដើម្បីបិទ),
Process Attendance After,ដំណើរការចូលរួមបន្ទាប់ពី។,
Attendance will be marked automatically only after this date.,ការចូលរួមនឹងត្រូវបានសម្គាល់ដោយស្វ័យប្រវត្តិបន្ទាប់ពីកាលបរិច្ឆេទនេះ។,
Last Sync of Checkin,សមកាលកម្មចុងក្រោយនៃឆែកចូល។,
Last Known Successful Sync of Employee Checkin. Reset this only if you are sure that all Logs are synced from all the locations. Please don't modify this if you are unsure.,ការធ្វើសមកាលកម្មដែលទទួលបានជោគជ័យចុងក្រោយត្រូវបានគេស្គាល់ថាជាបុគ្គលិកចូល។ កំណត់វាឡើងវិញប្រសិនបើអ្នកប្រាកដថាកំណត់ហេតុទាំងអស់ត្រូវបានធ្វើសមកាលកម្មពីទីតាំងទាំងអស់។ សូមកុំកែប្រែវាប្រសិនបើអ្នកមិនច្បាស់។,
Grace Period Settings For Auto Attendance,ការកំណត់រយៈពេលនៃព្រះគុណសម្រាប់ការចូលរួមដោយស្វ័យប្រវត្តិ។,
Enable Entry Grace Period,បើកដំណើរការរយៈពេលអនុគ្រោះ។,
Late Entry Grace Period,រយៈពេលអនុញ្ញាតិអោយចូលយឺត។,
The time after the shift start time when check-in is considered as late (in minutes).,ពេលវេលាបន្ទាប់ពីម៉ោងចាប់ផ្តើមវេននៅពេលចូលពិនិត្យត្រូវបានចាត់ទុកថាយឺត (គិតជានាទី) ។,
Enable Exit Grace Period,បើកដំណើរការរយៈពេលចាកចេញ។,
Early Exit Grace Period,រយៈពេលនៃការចាកចេញពីព្រះគុណមុនកាលកំណត់។,
The time before the shift end time when check-out is considered as early (in minutes).,ពេលវេលាមុនពេលវេនវេនចប់នៅពេលចេញដំណើរត្រូវបានគេចាត់ទុកថាជាពេលវេលាដំបូង (គិតជានាទី) ។,
Skill Name,ឈ្មោះជំនាញ។,
Staffing Plan Detail,ពត៌មានលំអិតបុគ្គលិក,
Total Estimated Budget,សរុបថវិកាប៉ាន់ស្មាន,
Vacancies,ព័ត៌មានជ្រើសរើសបុគ្គលិក,
Estimated Cost Per Position,តម្លៃប៉ាន់ស្មានក្នុងមួយទីតាំង,
Total Estimated Cost,តម្លៃសរុបប៉ាន់ស្មាន,
Current Count,រាប់បច្ចុប្បន្ន,
Current Openings,ការបើកចំហនាពេលបច្ចុប្បន្ន,
Number Of Positions,ចំនួនតំណែង,
Taxable Salary Slab,ប្រាក់ខែដែលជាប់ពន្ធ,
From Amount,ពីចំនួន,
To Amount,ចំនួនទឹកប្រាក់,
Percent Deduction,ការកាត់បន្ថយភាគរយ,
Training Program,កម្មវិធីបណ្តុះបណ្តាល,
Event Status,ស្ថានភាពព្រឹត្តការណ៍,
Has Certificate,មានវិញ្ញាបនប័ត្រ,
Seminar,សិក្ខាសាលា,
Theory,ទ្រឹស្តី,
Workshop,សិក្ខាសាលា,
Conference,សន្និសិទ,
Exam,ការប្រឡង,
Internet,អ៊ីនធើណែ,
Self-Study,ស្វ័យសិក្សា,
Advance,បន្ត,
Trainer Name,ឈ្មោះគ្រូបង្គោល,
Trainer Email,គ្រូបង្គោលអ៊ីម៉ែល,
Attendees,អ្នកចូលរួម,
Employee Emails,អ៊ីម៉ែលបុគ្គលិក,
Training Event Employee,បណ្តុះបណ្តាព្រឹត្តិការណ៍បុគ្គលិក,
Invited,បានអញ្ជើញ,
Feedback Submitted,មតិអ្នកផ្តល់ជូន,
Training Result Employee,បុគ្គលិកបណ្តុះបណ្តាលទ្ធផល,
Travel Itinerary,ដំណើរកំសាន្ត,
Travel From,ធ្វើដំណើរពី,
Travel To,ធ្វើដំណើរទៅកាន់,
Mode of Travel,របៀបធ្វើដំណើរ,
Flight,ការហោះហើរ,
Train,រថភ្លើង,
Taxi,តាក់ស៊ី,
Rented Car,ជួលរថយន្ត,
Meal Preference,ចំណីអាហារ,
Vegetarian,អ្នកតមសាច់,
Non-Vegetarian,អ្នកមិនពិសាអាហារ,
Gluten Free,Gluten Free,
Non Diary,មិនកំណត់ហេតុប្រចាំថ្ងៃ,
Travel Advance Required,ត្រូវការការធ្វើដំណើរជាមុន,
Departure Datetime,កាលបរិច្ឆេទចេញដំណើរ,
Arrival Datetime,មកដល់កាលបរិច្ឆេទ,
Lodging Required,ការស្នាក់នៅដែលត្រូវការ,
Preferred Area for Lodging,តំបន់ពេញចិត្តសម្រាប់ការស្នាក់នៅ,
Check-in Date,កាលបរិច្ឆេទចូល,
Check-out Date,កាលបរិច្ឆេទចេញ,
Travel Request,សំណើធ្វើដំណើរ,
Travel Type,ប្រភេទធ្វើដំណើរ,
Domestic,ក្នុងស្រុក,
International,អន្តរជាតិ,
Travel Funding,ការធ្វើដំណើរថវិកា,
Require Full Funding,ត្រូវការមូលនិធិពេញ,
Fully Sponsored,ឧបត្ថម្ភយ៉ាងពេញទំហឹង,
"Partially Sponsored, Require Partial Funding",ឧបត្ថម្ភផ្នែកខ្លះទាមទារឱ្យមានការឧបត្ថម្ភមួយផ្នែក,
Copy of Invitation/Announcement,ចំលងលិខិតអញ្ជើញ / សេចក្តីជូនដំណឹង,
"Details of Sponsor (Name, Location)","ព័ត៌មានលំអិតអំពីអ្នកឧបត្ថម្ភ (ឈ្មោះ, ទីកន្លែង)",
Identification Document Number,លេខសម្គាល់អត្តសញ្ញាណ,
Any other details,ព័ត៌មានលម្អិតផ្សេងទៀត,
Costing Details,ព័ត៌មានលម្អិតការចំណាយ,
Event Details,ព័ត៌មានលម្អិតព្រឹត្តិការណ៍,
Name of Organizer,ឈ្មោះអ្នករៀបចំ,
Address of Organizer,អាសយដ្ឋានរបស់អ្នករៀបចំ,
Travel Request Costing,ការចំណាយលើថ្លៃធ្វើដំណើរ,
Expense Type,ប្រភេទចំណាយ,
Sponsored Amount,ចំនួនអ្នកឧបត្ថម្ភ,
Funded Amount,ចំនួនទឹកប្រាក់ដែលបានផ្តល់មូលនិធិ,
Upload Attendance,វត្តមានផ្ទុកឡើង,
Attendance From Date,ការចូលរួមពីកាលបរិច្ឆេទ,
Attendance To Date,ចូលរួមកាលបរិច្ឆេទ,
Get Template,ទទួលបានទំព័រគំរូ,
Import Attendance,នាំចូលវត្តមាន,
Upload HTML,ផ្ទុកឡើងរបស់ HTML,
HR-VLOG-.YYYY.-,HR-VLOG -YYYY.-,
Odometer Reading,ការអាន odometer,
Current Odometer value ,តម្លៃ Odometer បច្ចុប្បន្ន,
Refuelling Details,សេចក្ដីលម្អិតចាក់ប្រេង,
Invoice Ref,Ref វិក័យប័ត្រ,
Service Details,សេវាលម្អិត,
Vehicle Service,សេវារថយន្ត,
Service Item,ធាតុសេវា,
Brake Oil,ប្រេងហ្វ្រាំង,
Brake Pad,បន្ទះហ្វ្រាំង,
Clutch Plate,សន្លឹកក្ដាប់,
Engine Oil,ប្រេងម៉ាស៊ីន,
Oil Change,ការផ្លាស់ប្តូរតម្លៃប្រេង,
Inspection,អធិការកិច្ច,
Mileage,mileage,
Salary Slip Loan,ប្រាក់កម្ចីប្រាក់កម្ចី,
Loan Repayment Entry,ការបញ្ចូលប្រាក់កម្ចី,
May,ឧសភា,
June,មិថុនា។,
July,ខែកក្កដា,
Bank Remittance,សេវាផ្ទេរប្រាក់តាមធនាគារ។,
Daily Work Summary Replies,ការឆ្លើយតបសង្ខេបការងារប្រចាំថ្ងៃ,
Employee Advance Summary,សង្ខេបបុព្វលាភបុគ្គលិក,
Employees working on a holiday,កម្មករនិយោជិតធ្វើការនៅលើថ្ងៃឈប់សម្រាកមួយ,
Monthly Attendance Sheet,សន្លឹកវត្តមានប្រចាំខែ,
Salary Register,ប្រាក់បៀវត្សចុះឈ្មោះ,
Unpaid Expense Claim,ពាក្យបណ្តឹងការចំណាយគ្មានប្រាក់ខែ,
Payment Account is mandatory,គណនីទូទាត់គឺចាំបាច់,
"If checked, the full amount will be deducted from taxable income before calculating income tax without any declaration or proof submission.",ប្រសិនបើបានគូសធីកចំនួនទឹកប្រាក់សរុបនឹងត្រូវបានកាត់ចេញពីប្រាក់ចំណូលដែលអាចជាប់ពន្ធបានមុនពេលគណនាពន្ធលើប្រាក់ចំណូលដោយគ្មានការប្រកាសរឺការដាក់ភស្តុតាង។,
In Time,នៅក្នុងពេលវេលា,
Out Time,ពេលវេលាចេញ,
Is Recurring,កំពុងកើតឡើង,
HRA Exemption,ការលើកលែង HRA,
Monthly House Rent,ជួលផ្ទះប្រចាំខែ,
Rented in Metro City,បានជួលនៅទីក្រុងមេត្រូ,
HRA as per Salary Structure,HRA តាមរចនាសម្ព័ន្ធប្រាក់ខែ,
Annual HRA Exemption,ការលើកលែងប្រចាំឆ្នាំរបស់ HRA,
Monthly HRA Exemption,ការលើកលែង HRA ប្រចាំខែ,
House Rent Payment Amount,ចំនួនទឹកប្រាក់បង់ថ្លៃជួលផ្ទះ,
Rented From Date,ជួលចាប់ពីកាលបរិច្ឆេទ,
Rented To Date,ជួលដល់កាលបរិច្ឆេទ,
Monthly Eligible Amount,ចំនួនទឹកប្រាក់ដែលអាចទទួលបានប្រចាំខែ,
Total Eligible HRA Exemption,ការលើកលែង HRA ដែលមានសិទ្ធិទទួលបាន,
Validating Employee Attendance...,ការបញ្ជាក់អំពីវត្តមានរបស់និយោជិក ...,
Submitting Salary Slips and creating Journal Entry...,ដាក់ស្នើស្លាយប្រាក់ខែនិងបង្កើតធាតុទិនានុប្បវត្តិ ...,
Calculate Payroll Working Days Based On,គណនាថ្ងៃធ្វើការបើកប្រាក់ខែដោយផ្អែកលើមូលដ្ឋាន,
Consider Unmarked Attendance As,ពិចារណាការចូលរួមដែលមិនបានសម្គាល់ដូចជា,
Fraction of Daily Salary for Half Day,ប្រភាគនៃប្រាក់ខែប្រចាំថ្ងៃសម្រាប់ពាក់កណ្តាលថ្ងៃ,
Component Type,ប្រភេទសមាសភាគ,
Provident Fund,មូលនិធិអ្នកផ្តល់សេវា,
Additional Provident Fund,មូលនិធិអ្នកផ្តល់សេវាបន្ថែម,
Provident Fund Loan,ឥណទានមូលនិធិអ្នកផ្តល់សេវា,
Professional Tax,ពន្ធវិជ្ជាជីវៈ,
Is Income Tax Component,គឺជាសមាសធាតុពន្ធលើប្រាក់ចំណូល,
Component properties and references ,លក្ខណៈសម្បត្តិនិងឯកសារយោង,
Additional Salary ,ប្រាក់ខែបន្ថែម,
Unmarked days,ថ្ងៃដែលមិនបានសម្គាល់,
Absent Days,ថ្ងៃអវត្តមាន,
Conditions and Formula variable and example,លក្ខខណ្ឌនិងអថេររូបមន្តនិងឧទាហរណ៍,
Income Tax Deductions,ការដកពន្ធលើប្រាក់ចំណូល,
Income Tax Component,សមាសភាគពន្ធលើប្រាក់ចំណូល,
Income Tax Amount,ចំនួនទឹកប្រាក់ពន្ធលើប្រាក់ចំណូល,
Unmarked Days,ថ្ងៃដែលមិនបានសម្គាល់,
Jan,មករា,
Feb,ខែកុម្ភៈ,
Mar,មីនា,
Apr,មេសា,
Aug,សីហា,
Sep,កញ្ញា,
Oct,តុលា,
Nov,វិច្ឆិកា,
Dec,ធ្នូ,
Summarized View,ទិដ្ឋភាពសង្ខេប,
Professional Tax Deductions,ការដកពន្ធវិជ្ជាជីវៈ,
Provident Fund Deductions,ការដកមូលនិធិរបស់អ្នកផ្តល់សេវា,
Recruitment Analytics,ការវិភាគជ្រើសរើសបុគ្គលិក,
Applicant name,ឈ្មោះអ្នកដាក់ពាក្យ,
Job Offer status,ស្ថានភាពផ្តល់ជូនការងារ,
On Date,នៅកាលបរិច្ឆេទ,
Salary Payments Based On Payment Mode,ការទូទាត់ប្រាក់ខែផ្អែកលើរបៀបបង់ប្រាក់,
Salary Payments via ECS,ការទូទាត់ប្រាក់ខែតាមរយៈអេកអេស,
Account No,គ្មានគណនី,
IFSC,IFSC,
MICR,MICR,
PF Account,គណនីភីអេហ្វ,
PF Amount,ចំនួន PF,
Additional PF,PF បន្ថែម,
PF Loan,ប្រាក់កម្ចីភីអិលអេ,
Duplicate Entry,ធាតុស្ទួន,
Please select Employee first.,សូមជ្រើសរើសបុគ្គលិកជាមុនសិន។,
To Date should be greater than From Date,កាលបរិច្ឆេទគួរតែធំជាងពីកាលបរិច្ឆេទ,
Job Offer: {0} is already for Job Applicant: {1},ការផ្តល់ជូនការងារ៖ {0} គឺសំរាប់អ្នកដាក់ពាក្យសុំការងាររួចហើយ៖ {1},
Only Shift Request with status 'Approved' and 'Rejected' can be submitted,មានតែការស្នើសុំប្តូរវេនដែលមានឋានៈ &#39;បានយល់ព្រម&#39; និង &#39;បដិសេធ&#39; ប៉ុណ្ណោះដែលអាចដាក់ស្នើបាន,
Shift Assignment: {0} created for Employee: {1},ផ្លាស់ប្តូរការងារ៖ {០} បង្កើតសម្រាប់និយោជិក៖ {១},
You can not request for your Default Shift: {0},អ្នកមិនអាចស្នើសុំការផ្លាស់ប្តូរលំនាំដើមរបស់អ្នកទេ: {0},
Only Approvers can Approve this Request.,មានតែការសង្ស័យប៉ុណ្ណោះដែលអាចយល់ព្រមលើសំណើនេះ។,
Please set Payroll based on in Payroll settings,សូមកំណត់ប្រាក់បៀរវត្សរ៍ផ្អែកលើការកំណត់ប្រាក់ខែ,
Additional Salary: {0} already exist for Salary Component: {1} for period {2} and {3},ប្រាក់ខែបន្ថែម៖ {០} មានរួចហើយសម្រាប់សមាសធាតុប្រាក់ខែ៖ {១} សម្រាប់រយៈពេល {២} និង {៣},
Payroll date can not be less than employee's joining date.,កាលបរិច្ឆេទបើកប្រាក់ខែមិនអាចតិចជាងកាលបរិច្ឆេទចូលរួមរបស់និយោជិកឡើយ។,
From date can not be less than employee's joining date.,ចាប់ពីកាលបរិច្ឆេទមិនអាចតិចជាងកាលបរិច្ឆេទចូលរួមរបស់និយោជិកទេ។,
To date can not be greater than employee's relieving date.,កាលបរិច្ឆេតមិនអាចធំជាងកាលបរិច្ឆេទដែលអាចទុកចិត្តបានរបស់និយោជិកឡើយ។,
Payroll date can not be greater than employee's relieving date.,កាលបរិច្ឆេទបើកប្រាក់ខែមិនអាចធំជាងកាលបរិច្ឆេទដែលអាចទុកចិត្តបានរបស់និយោជិកឡើយ។,
Condition and formula,លក្ខខណ្ឌនិងរូបមន្ត,
Available Leaves,មានស្លឹក,
IFSC Code,កូដ IFSC,
Others,អ្នកផ្សេងទៀត,
Total Allocated Leaves,ស្លឹកបម្រុងសរុប,
Used Leaves,ប្រើស្លឹក,
PAN Number,លេខ PAN,
Expired Leaves,ស្លឹកផុតកំណត់,
