) for {0},) ji bo {0},
A {0} exists between {1} and {2} (,A {0} di navbera {1} û {2} de heye (,
Absent,Neamade,
Accrual Journal Entry for salaries from {0} to {1},Entry Journal of Accrual ji bo hejmarên {0} heta {1},
Add to Details,Agahdar bike,
Added to details,Add to details,
All Jobs,Hemû Jobs,
Allocated Leaves,Leaves Allocated,
Annual Salary,Salary salane,
Application period cannot be across two allocation records,Dema serîlêdanê dikare di raporta her du alavê de ne,
Application period cannot be outside leave allocation period,dema Application nikare bibe îzina li derve dema dabeşkirina,
Apply Now,Apply Now,
Apprentice,Şagird,
Approval Status,Rewş erêkirina,
Approval Status must be 'Approved' or 'Rejected',Rewş erêkirina divê &#39;status&#39; an jî &#39;Redkirin&#39;,
As per your assigned Salary Structure you cannot apply for benefits,Li gorî Performasyona Wezareta we ya ku hûn nikarin ji bo berjewendiyan neynin,
Assign,Cîrêdan,
Assign Salary Structure,Structural Salary Assignign,
Assign to Employees,Bi Karmendan re Bide nasîn,
Assigning Structures...,Dabeşkirina strukturên ...,
Attendance,Amadetî,
Attendance From Date and Attendance To Date is mandatory,Alîkarîkirinê ji Date û amadebûnê To Date wêneke e,
Attendance for employee {0} is already marked for this day,Amadebûna ji bo karker {0} ji niha ve ji bo vê roja nîşankirin,
Attendance not submitted for {0} as it is a Holiday.,Beşdariyê ne ji bo {0} ji ber ku ev betal e pêşkêş kirin.,
Bank Entries,Arşîva Bank,
Base,Bingeh,
Beginner,Despêkevan,
Birthday Reminder,Birthday Reminder,
Bonus Payment Date cannot be a past date,Dîroka Payûreyê Dîroka mêjûya ne,
Calls,Banga,
Cannot find active Leave Period,Dema vekêşanê ya Çalakî nayê dîtin,
Casual Leave,Leave Casual,
Claimed Amount,Amûrek qedexekirin,
Compensatory Off,heger Off,
Contact Number,Hejmara Contact,
Course,Kûrs,
Create Disbursement Entry,Destpêkirina Veqetandinê Damezirînin,
Create Salary Slip,Create Slip Salary,
Create Salary Slips,Vebijêrkên Salaryan biafirînin,
Creating Payment Entries......,Creating Payment Entries ......,
Creating Salary Slips...,Creating Salary Slips ...,
Current,Vêga,
Current Job Openings,Openings Job niha:,
Daily Work Summary,Nasname Work rojane,
Daily Work Summary Group,Koma Giştî ya Karkerên Rojane,
Date is repeated,Date tê dubarekirin,
Debit A/C Number,Hejmara A / C Debit,
Deduction,Jêkişî,
Document Status,Rewş belge,
Earning,Earning,
Employee A/C Number,Hejmara A / C ya Karmend,
Employee Benefits,Qezenca kardarîyê,
Employee Grade,Dibistana,
Employee Referral,Referralê,
Employee relieved on {0} must be set as 'Left',Xebatkarê hebekî li ser {0} bê mîhenkirin wek &#39;Çepê&#39;,
Employee {0} already submited an apllication {1} for the payroll period {2},Karmend {0} ji berê ve ji bo {3} ji bo payrollê ya payal {1},
Employee {0} has no maximum benefit amount,Karmend {0} tune ye heqê herî zêde tune,
Employee {0} is not active or does not exist,Xebatkarê {0} e çalak ne an tune ne,
Employee {0} is on Leave on {1},Xebatkar {0} li Niştecîh {1} ye,
Employee {0} on Half day on {1},Xebatkarê {0} roja Half li ser {1},
End time cannot be before start time,Wexta qedandinê nekare pêşiya dema destpêkirinê,
Evaluation,Nirxandin,
Event Location,Cihê bûyerê,
Event Name,Navê Event,
Expense Claim for Vehicle Log {0},Mesrefan ji bo Têkeve Vehicle {0},
Expense Claim {0} already exists for the Vehicle Log,Expense Îdîaya {0} berê ji bo Têkeve Vehicle heye,
Fill the form and save it,Formê tije bikin û wê xilas bike,
Filter Employees By (Optional),Karmendên Filter Bi (Hilbijarkî),
Fiscal Year {0} not found,Sal malî {0} nehate dîtin,
Food,Xûrek,
For Employee,ji bo karkirinê,
From Date {0} cannot be after employee's relieving Date {1},Ji Dîroka {0} piştî karûbarê karmendê karker nikare {1},
From Date {0} cannot be before employee's joining Date {1},Ji Dîroka {0} ji ber ku tevlêbûna karkerê nikare Dîrok {1},
From date can not be less than employee's joining date,Ji dîrokê nikare bêhtir rojnamevanê karmendê ne,
Fuel Price,sotemeniyê Price,
Fuel Qty,Qty mazotê,
Full-time,Dijwar lîstin,
Future dates not allowed,Rojên pêşeroj nayê destûr kirin,
Get Details From Declaration,Ji Daxuyaniyê Dîtin bistînin,
Get Employees,Karmendên xwe bibînin,
Gross Pay,Pay Gross,
Guest,Mêvan,
Half Day,Day Half,
Half Day Date is mandatory,Dîroka Nîv Dîv e,
Half Day Date should be between From Date and To Date,Nîv Date Day divê di navbera From Date û To Date be,
Half Day Date should be in between Work From Date and Work End Date,Dîroka Dîroka Dîroka Dîroka Dîroka Dîroka Navend û Dîroka Dawî be,
Half day date should be in between from date and to date,Dîroka nîvê di roja û dîrokê de divê di nav de,
Hello,slav,
House rent paid days overlapping with {0},Roja kirêya rojan bi zêdekirina bila {0},
House rented dates required for exemption calculation,Malbata ku ji bo qedexekirinê veqetandina xortên kirêdar heye,
House rented dates should be atleast 15 days apart,Malên xanî yên xanî divê 15 rojan dûr bikin,
Interest Amount,Şêwaz Interest,
Intern,Pizişka destpêker,
Job Description,Job Description,
Job Offer,Pêşniyarê kar,
Jobs,Jobs,
Leave Approval Notification,Daxuyaniya Şandina Şandê bistînin,
Leave Blocked,Dev ji astengkirin,
Leave Encashment,Dev ji Encashment,
Leave Status Notification,Şerta Rewşa Çepê,
Leave Type,Type Leave,
Leave Type is madatory,Tîpa vekin,
Leave Type {0} cannot be allocated since it is leave without pay,"Dev ji Type {0} nikare bê veqetandin, ji ber ku bê pere bihêle",
Leave Type {0} cannot be carry-forwarded,Dev ji Type {0} ne dikare were hilgirtin-bicîkirin,
Leave Type {0} is not encashable,Vebijêrk {0} nehêle ye,
Leave Without Pay,Leave Bê Pay,
"Leave cannot be allocated before {0}, as leave balance has already been carry-forwarded in the future leave allocation record {1}","Leave nikarim li ber terxan kirin {0}, wekî parsenga îzinê jixwe-hilgire hatiye şandin, di qeyda dabeşkirina îzna pêş {1}",
"Leave cannot be applied/cancelled before {0}, as leave balance has already been carry-forwarded in the future leave allocation record {1}","Leave ne dikarin bên bicîhkirin / berî {0} betalkirin, wekî parsenga îzinê jixwe-hilgire hatiye şandin, di qeyda dabeşkirina îzna pêş {1}",
Leave of type {0} cannot be longer than {1},Leave a type {0} nikare were êdî ji {1},
Leaves,Dikeve,
Leaves Allocated Successfully for {0},Pelên bi awayekî serketî ji bo bi rêk û {0},
Leaves per Year,Dihêle per Sal,
Lifecycle,Lifecycle,
Mark Attendance,Beşdariya Mark,
Max Exemption Amount cannot be greater than maximum exemption amount {0} of Tax Exemption Category {1},Naveroka Xweşandina Max Maximum ji mûçeya herî zêde ya xemgîniyê xuya dibe {0} Daxistina Xweseriya Bacê {1},
Max benefits should be greater than zero to dispense benefits,Divê giştiyên maksî ji sifir mezintir bibe ku berjewendiyên xwe bigirin,
Maximum amount eligible for the component {0} exceeds {1},Mîqdara herî maqûl ya jibo component 0} derbasdar e,
Maximum benefit amount of component {0} exceeds {1},Gelek mûçeya nirxê {0} zêdeyî {1},
Maximum benefit amount of employee {0} exceeds {1},Gelek xercê karmendê {0} zêde dike {1},
Maximum leave allowed in the leave type {0} is {1},Destûra herî qedexeya di nav vala vala {0} de {1},
Medical,Pizişkî,
Mode of payment is required to make a payment,Mode dayinê pêwist e ji bo ku tezmînat,
More than one selection for {0} not allowed,Ji hilbijartina zêdetir ji {0} nayê destûr kirin,
Net Pay,Pay net,
Net Pay cannot be less than 0,Pay Net nikare bibe kêmtir ji 0,
Net Salary Amount,Mûçeya Kardariyê ya Net,
Net pay cannot be negative,pay Net ne dikare bibe neyînî,
No Employee Found,Karkerek nehat dîtin,
No Salary Structure assigned for Employee {0} on given date {1},Pêvek Mûçeya No Salary ji bo {1} roja xuyakirin {0},
No Staffing Plans found for this Designation,No Plansing Staffing ji bo vê Nimûneyê nehat dîtin,
No active or default Salary Structure found for employee {0} for the given dates,No çalak an Salary default Structure dîtin ji bo karker {0} ji bo dîrokan dayîn,
No more updates,No updates more,
No replies from,No bersivęn wan ji,
No salary slip found to submit for the above selected criteria OR salary slip already submitted,Ne pûçek hebê nedîtiye ku ji bo pîvanên jorîn hejmar an jî heqê heqê heqê xwe vekirî pêşkêş kir,
Nothing to change,Tiştek guhartin,
Notice Period,Notice Period,
Only Leave Applications with status 'Approved' and 'Rejected' can be submitted,Tenê Applications bi statûya Leave &#39;status&#39; û &#39;Redkirin&#39; dikare were şandin,
Optional Holiday List not set for leave period {0},Lîsteya betalên niştecihan nayê destnîşankirin {0},
Part-time,Nîvdem,
Password policy for Salary Slips is not set,Siyaseta şîfreyê ji bo Salary Slips nehatiye destnîşankirin,
Payment Days,Rojan Payment,
Payment of {0} from {1} to {2},Payment ji {0} ji {1} heta {2},
Payroll,Rêza yomîya,
Payroll Number,Hejmara Paydê,
Piecework,Piecework,
Please add the remaining benefits {0} to any of the existing component,Ji kerema xwe ji berjewendiyên mayîn {0} ji her yek ji beşên heyî yên nû ve zêde bikin,
Please confirm once you have completed your training,Ji kerema xwe hûn perwerdeya xwe temam kirî piştrast bikin,
Please enable default incoming account before creating Daily Work Summary Group,Ji kerema xwe ji paşiya paşîn ya default default group Koma Giştî ya Rojane,
Please select Company and Designation,Ji kerema xwe şirket û şirove hilbijêrin,
Please select Employee,Ji kerema xwe karker hilbijêrin,
Please select a csv file,Ji kerema xwe re file CSV hilbijêre,
Please set default template for Leave Approval Notification in HR Settings.,Ji kerema xwe ya şîfreyê ji bo HR Şerta ji bo şandina dagirkirinê veguherîne.,
Please set default template for Leave Status Notification in HR Settings.,Ji kerema xwe ya şîfreyê ji bo HR Şertê ji bo Şerta Dewleta Dewletê veke.,
Please set the Company,Xêra xwe li Company,
Please set the Date Of Joining for employee {0},Xêra xwe li Date Of bizaveka bo karker {0},
Please share your feedback to the training by clicking on 'Training Feedback' and then 'New',Ji kerema xwe re bersiva we re biceribînin ji hêla &#39;Feedback Perwerde&#39; bitikîne û paşê &#39;Nû&#39;,
Please update your status for this training event,Ji kerema xwe ji bo çalakiya vê perwerdehiya xwe nû bike,
Present,Amade,
Preview Salary Slip,Preview Bikini Salary,
Privilege Leave,Privilege Leave,
Probation,Dema cerribandinê,
Probationary Period,ceribandinê de,
Property,Mal,
Property already added,Xanûbereya berê got,
Replies,Bersiv,
Responsibilities,berpirsiyariya,
Role,Role,
Row {0}# Allocated amount {1} cannot be greater than unclaimed amount {2},Row {0} # Hejmara nirxên vekirî {1} ji bila hejmarê nerazîkirî {2},
Row {0}# Paid Amount cannot be greater than requested advance amount,Row {0} # Paid Paid nikare ji zêdebûna daxwaza daxwaza pêşniyar be,
Salary Slip ID,Meaş ID Slip,
Salary Slip of employee {0} already created for this period,Slip meaşê karmendekî {0} berê ve ji bo vê pêvajoyê de tên,
Salary Slip of employee {0} already created for time sheet {1},Slip meaşê karmendekî {0} berê ji bo kaxeza dem tên afirandin {1},
Salary Structure Assignment for Employee already exists,Xebata Struktura Salane ya Kardariyê jixwe heye,
Salary Structure Missing,Missing Structure meaş,
Salary Structure not found for employee {0} and date {1},Struktura salane ji bo karmendê {0} û tarîx {1} nehat dîtin,
Salary Structure should have flexible benefit component(s) to dispense benefit amount,Structural Salary divê beşek fonksiyonek lezgîn e ku ji bo mûçûna fînansê distîne,
"Salary already processed for period between {0} and {1}, Leave application period cannot be between this date range.","Meaşê niha ve ji bo dema di navbera {0} û {1}, Leave dema serlêdana ne di navbera vê R‧ezkirina dema bê vehûnandin.",
Sanctioned Amount cannot be greater than Claim Amount in Row {0}.,Şêwaz belê ne dikarin li Row mezintir Mîqdar Îdîaya {0}.,
Score must be less than or equal to 5,Score gerek kêmtir an jî wekhev ji bo 5 be,
Select Property,Hilbijartin hilbijêrin,
Select an employee to get the employee advance.,Vebijêrkek karker hilbijêre da ku pêşmerge karmendê.,
Service Expense,Expense Service,
Show Employee,Xebatkar nîşan bide,
Show Salary Slip,Slip Show Salary,
Sick Leave,Leave nexweş,
"Skipping Salary Structure Assignment for the following employees, as Salary Structure Assignment records already exists against them. {0}","Ji bo karmendên li jêr Karmendiya Struktura Salane ya Pêşkêşkirinê, ji ber ku qeydên Tezmînata Salane jixwe li dijî wan heye. {0}",
Staffing Plan {0} already exist for designation {1},Pîlana Karmendê {0} ji berê ve tête navnîşan heye {1},
"Start and end dates not in a valid Payroll Period, cannot calculate {0}","Dîrokên destpêkê û dawiya nayê ku di navnîşa Payrollê derbasdar de, nikare hesab bike {0}",
"Start and end dates not in a valid Payroll Period, cannot calculate {0}.","Dîrokên destpêkirin û bidawîbûnê ne di Dîreyek Payrollek derbasdar de, nekarin {0 hesab bikin.",
Stock Options,Vebijêrkên Stock,
Structures have been assigned successfully,Struktur bi serkeftî hatine destnîşankirin,
Submit Proof,Proof bişînin,
Submit Salary Slip,Submit Slip Salary,
Submit this to create the Employee record,Vê şîfre bikin ku ji qeydkirina karmendê,
Submitting Salary Slips...,Piştgiriya Salary Slips ...,
Team Updates,Updates Team,
Thank you,Spas dikim,
The day(s) on which you are applying for leave are holidays. You need not apply for leave.,Dotira rojê (s) li ser ku hûn bi ji bo xatir hukm û cejnên in. Tu divê ji bo xatir ne.,
There are more holidays than working days this month.,in holidays zêdetir ji rojên xebatê de vê mehê hene.,
There is no leave period in between {0} and {1},Di navbera {0} û {1} de demek nîne,
This is based on the attendance of this Employee,Ev li ser amadebûna vê Xebatkara li,
This will submit Salary Slips and create accrual Journal Entry. Do you want to proceed?,Ew ê ji bo salary slips pêşkêş dikin û navnîşa rojnameya rojnamegeriyê biafirînin. Ma hûn dixwazin pêşniyar bikin?,
To date can not be equal or less than from date,Dîroka rojane wekhevî an jî kêmtir dibe,
To date can not be less than from date,Dîrok ji hêja ji hêja ne,
To date can not greater than employee's relieving date,Dîrok nikare bêtir karmendtirîn ji karmendê kar tîne,
Total Absent,Total Absent,
Total Deduction,Total dabirîna,
Total Leaves,Total Leaves,
Total Present,Total Present,
Total advance amount cannot be greater than total sanctioned amount,Hêjeya pêşniyarê heya hema ji hejmarê vekirî ya bêtir mezintirîn,
Total flexible benefit component amount {0} should not be less than max benefits {1},Hêjeya maddeya tevlîheviya neteweyî ya {0} divê bêtir xercên herî kêmtir tune {1},
Total leaves allocated is mandatory for Leave Type {0},Tevahiya pelên veguhestin divê ji cureyê derketinê {0},
Total working hours should not be greater than max working hours {0},"Total dema xebatê ne, divê ji bilî dema xebatê max be mezintir {0}",
Training,Hîndarî,
Training Event,Event Training,
Training Events,Çalakiyên Perwerdehiyê,
Training Feedback,Training Feedback,
Training Result,Encam Training,
Travel,Gerrîn,
Update Response,Response Update,
Value missing,Value missing,
Variable,Têgûherr,
Walk In,Walk In,
Warning: Leave application contains following block dates,Hişyarî: Ji sepanê dihewîne di dîrokên block van,
Website Listing,Lîsteya Malperê,
Work Summary for {0},Ji bo {0},
You are not authorized to approve leaves on Block Dates,Destûra te tune ku ji bo pejirandina pelên li ser Kurdî Nexşe Block,
You are not present all day(s) between compensatory leave request days,Hûn rojan (s) di nav rojan de daxwaznameya dravîkirinê ne,
You can only submit Leave Encashment for a valid encashment amount,Hûn dikarin bi tenê bisekinin ji bo veguhestinê ji bo veguhestinê vekin,
{0} already allocated for Employee {1} for period {2} to {3},{0} berê ji bo karkirinê yên bi rêk û {1} ji bo dema {2} ji bo {3},
{0} applicable after {1} working days,{1} piştî rojên xebatê {1} bicîh kirin,
{0} is not in Optional Holiday List,{0} Li Lîsteya Lîsteya Navendî ye,
{0} is not in a valid Payroll Period,{0} Di heyama Payrollê de ne ne,
{0} must be submitted,Divê {0} bên şandin,
"{0}: Employee email not found, hence email not sent","{0}: email Employee dîtin ne, yanî email şandin ne",
{0}: From {0} of type {1},{0}: Ji {0} ji type {1},
Conditions,Şertên,
Percent,ji sedî,
Error in some rows,Di hin rêzikan de xelet,
Benefit,Fêde,
Shift,Tarloqî,
Importing {0} of {1},Importing {0} of {1,
'employee_field_value' and 'timestamp' are required.,&#39;karker_field_value&#39; û &#39;timestamp&#39; pêwîst in.,
Allocation Expired!,Tevnegirtî qedand!,
Attendance Marked,Tevlêbûna Marks kirin,
Attendance has been marked as per employee check-ins,Beşdarî li gorî kontrolên karmendan hat destnîşankirin,
Date Range,Date Range,
Event Link,Girêdana Event,
Expire Allocation,Dabeşkirina Expire,
Fuel Expense,Mezinahiya Karûbar,
Intermediate,Di nav,
Leave application is linked with leave allocations {0}. Leave application cannot be set as leave without pay,Serîlêdana hiştinê bi dabeşên betlaneyê {0 ve girêdayî ye. Serîlêdana nehêle nikare bê berdan wekî drav bide binavkirin,
Log Type is required for check-ins falling in the shift: {0}.,Tîpa Log hewce ye ku ji bo check-ê ku di shift de qewimiye ne hewce ye: {0.,
No Employee found for the given employee field value. '{}': {},Ji bo nirxa qada qada karker nehat dayîn karmend nehat dîtin. &#39;{}&#39;: {,
No Leaves Allocated to Employee: {0} for Leave Type: {1},Nehêle Dabeşên Karûbarê Dabeşandî: {0} Ji Bo Bîra Bila: {1,
Only expired allocation can be cancelled,Tenê dabeşkirina qedandî dikare were sekinandin,
Only users with the {0} role can create backdated leave applications,Tenê bikarhênerên bi rola {0 can dikarin serlêdanên paşde paşde biafirînin,
Password policy cannot contain spaces or simultaneous hyphens. The format will be restructured automatically,Polîtîkaya şîfreyê dikare cihan an guncanên hevdem tune bike. Form dê bixweber were nûve kirin,
Please enter the designation,Ji kerema xwe navmalînê binivîse,
There are no vacancies under staffing plan {0},Di bin plana personelê de anc 0 de valahi tune.,
This employee already has a log with the same timestamp.{0},Vê karmendê berê bi eynî wextê re têketinek heye. {0,
Timing,Timing,
To date needs to be before from date,Pêdivî ye ku ji roja pêdivî ye ku ji roja pêşî ve bibe,
Total Early Exits,Derketinên Zûtir ên Berê,
Total Late Entries,Tevnên Dawî yên Dawî,
Training Event:,Event Event:,
Unable to find Salary Component {0},Nabe ku Perçeya Salane} 0 Un bibîne,
Unmarked Attendance for days,Bi rojan nedaye Beşdarbûna nediyar,
Vacancies cannot be lower than the current openings,Dezgehên vala nikarin ji vebûnên heyî kêmtir bin,
{} is an invalid Attendance Status.,{Status Rewşa Beşdarbûna Bawer e.,
Printed On,Çap ser,
No employee found,No karker dîtin,
Please setup Employee Naming System in Human Resource > HR Settings,Ji kerema xwe di Resavkaniya Mirovan de&gt; Sîstema Navkirin a Karmendiyê Saz bikin&gt; Mîhengên HR,
Please setup numbering series for Attendance via Setup > Numbering Series,Ji kerema xwe ji hêla Pêvekbûnê&gt; Pêvekên Hejmariyê ve ji bo Pêvekêşandinê hejmarên hejmarê saz bikin,
Current Odometer Value should be greater than Last Odometer Value {0},Pêdivî ye ku Nirxa Odometerê ya niha ji Nirxa Odometera Dawîn mezintir be {0},
No additional expenses has been added,Çu lêçûnên zêde nehatine zêdekirin,
{0} already exists for employee {1} and period {2},{0} jixwe ji bo karmendê {1} û heyamê {2} heye,
Leaves Allocated,Pelên Dabeşkirî,
Leave Without Pay does not match with approved {} records,Leave Pa Pay bi tomarên {} pejirandî re li hev nake,
Income Tax Slab not set in Salary Structure Assignment: {0},Tabela Baca Bacayê ya ku di Xebata Avahiya Mûçeyê de nehatiye saz kirin: {0},
Income Tax Slab: {0} is disabled,Pelê Baca Dahatê: {0} seqet e,
Income Tax Slab must be effective on or before Payroll Period Start Date: {0},Pêdivî ye ku Slab Baca Dahatê di an Berî Dîroka Destpêka Mûçeyê de bandor be: {0},
No leave record found for employee {0} on {1},Qeydek derketinê ji karmendê {0} li ser {1} nehate dîtin,
Row {0}: {1} is required in the expenses table to book an expense claim.,Rêz {0}: ji bo pirtûkek daxwazek lêçûnê di tabloya lêçûnan de {1} pêdivî ye.,
Set the default account for the {0} {1},Hesabê pêşdîtinê ji bo {0} {1} saz bikin,
(Half Day),(Nîv Roj),
Income Tax Slab,Pelê Baca Dahatê,
Row #{0}: Cannot set amount or formula for Salary Component {1} with Variable Based On Taxable Salary,Rêzok # {0}: Ji bo Pêkhateya Mûçeyê {1} bi Variable Li gorî Meaşê Bacdar Mîheng an formula nikare saz bike,
Repay From Salary can be selected only for term loans,Repay Ji Meaşê tenê ji bo deynên demdirêj dikare were hilbijartin,
Salary Component Account,Account meaş Component,
Default Bank / Cash account will be automatically updated in Salary Journal Entry when this mode is selected.,Default account Bank / Cash wê were li Salary Peyam Journal ve dema ku ev moda hilbijartî ye.,
Result,Netîce,
Total Score,Total Score,
Joining Date,Dîroka tevlêbûnê,
Publish on website,Weşana li ser malpera,
Application Status,Rewş application,
IN,LI,
Remind Before,Beriya Remindê,
Reminded,Reminded,
Additional Salary,Hejmarên din,
HR-ADS-.YY.-.MM.-,HR-ADS-YY .-.,
Salary Component,meaş Component,
Overwrite Salary Structure Amount,Amûr Daxistina Salarya Daxistinê,
Deduct Full Tax on Selected Payroll Date,Di Tarîxa Hilbijartinê ya Hilbijartinê de baca bêkêmasî dakêşin,
Payroll Date,Dîroka Payroll,
Salary Component Type,Tîpa Niştimanî ya,
Appointment Letter,Nameya Ragihandinê,
Appointment Date,Dîroka Serdanê,
Appointment Letter Template,Letablonê Destnivîsînê,
Closing Notes,Nîşaneyên Bişopandinê,
Appointment Letter content,Naveroka nameya Ragihandinê,
Appraisal,Qinetbirrînî,
HR-APR-.YY.-.MM.,HR-APR-.YY.-.MM.,
For Employee Name,Ji bo Name Xebatkara,
Goals,armancên,
Total Score (Out of 5),Total Score: (Out of 5),
"Any other remarks, noteworthy effort that should go in the records.","Bęjeyek ji axaftinên din jî, hewldana wê xalê de, ku divê di qeydên here.",
Appraisal Goal,Goal appraisal,
Key Responsibility Area,Area Berpirsiyariya Key,
Weightage (%),Weightage (%),
Score (0-5),Score: (0-5),
Score Earned,score Earned,
Appraisal Template Title,Appraisal Şablon Title,
Appraisal Template Goal,Goal Appraisal Şablon,
KRA,KRA,
Key Performance Area,Area Performance Key,
HR-ATT-.YYYY.-,HR-ATT-YYYY-,
On Leave,li ser Leave,
Work From Home,Work From Home,
Leave Application,Leave Application,
Attendance Date,Date amadebûnê,
Attendance Request,Request Attendance,
Late Entry,Ketina dereng,
Early Exit,Destpêka derketinê,
Half Day Date,Date nîv Day,
On Duty,Li ser kar,
Explanation,Daxûyanî,
Compensatory Leave Request,Request Leave,
Leave Allocation,Dev ji mûçeyan,
Worked On Holiday,Li Holidays,
Work From Date,Work From Date,
Work End Date,Dîroka Karê Dawîn,
Email Sent To,E-name şandiye,
Select Users,Bikarhênerên hilbijêrin,
Send Emails At,Send Emails At,
Reminder,Reminder,
Daily Work Summary Group User,Koma Giştî ya Giştî ya Giştî ya Dawîn,
email,email,
Department Approver,Dezgeha nêzî,
Approver,Approver,
Designation Skill,Skillêwaza Sêwiranê,
Skill,Jîrî,
Leave Policy,Pêwîste Leave,
Salary Details,Daxuyaniyê,
HR-EAD-.YYYY.-,HR-EAD-.YYYY-,
Claimed,Qedexekirin,
Employee Attendance Tool,Xebatkarê Tool Beşdariyê,
Unmarked Attendance,"Amadebûna xwe dahênî,",
Employees HTML,karmendên HTML,
Marked Attendance,Beşdariyê nîşankirin,
Marked Attendance HTML,Beşdariyê nîşankirin HTML,
Employee Benefit Application,Serîlêdana Xerca Karê,
Max Benefits (Yearly),Xizmetên Mezin (Yearly),
Remaining Benefits (Yearly),Xizmetên Niştecîh (Yearly),
Payroll Period,Dema Payroll,
Dispensed Amount (Pro-rated),Gelek Amûr (Pro-rated),
Employee Benefit Application Detail,Xweseriya Serkeftinê ya Karê Karê,
Earning Component,Alîkariya Beşê,
Pay Against Benefit Claim,Li Berpirsiyarê Serdanîna Xweseriya Tezmînatê bidin,
Max Benefit Amount,Amûdê ya Mezin,
Employee Benefit Claim,Daxwazê Xizmetiya Karûbarê,
Claim Date,Dîroka Daxuyaniyê,
Claim Benefit For,Ji bo Mafê Mirovan,
Max Amount Eligible,Max Amount Eligible,
Expense Proof,Proof Proof,
Employee Boarding Activity,Karmendiya Desteya Rêveberiyê,
Activity Name,Navê Çalakiyê,
Required for Employee Creation,Pêdivî ye ku ji bo karmendiya karkerê,
Applicable in the case of Employee Onboarding,Eger di karê karûbarê Karûbarê Onboarding de derbas dibe,
Employee Checkin,Karmendê Checkin,
Log Type,Type Type,
OUT,DERVE,
Location / Device ID,Nasname / cîhaz,
Skip Auto Attendance,Tevlêbûna Otomatê Biçe,
Shift Start,Destpêka Shift,
Shift End,Endamê Shift,
Shift Actual Start,Destpêka rastîn a Shift,
Shift Actual End,Shift Dawiya Rastîn,
Default Salary Structure,Structural Salary Default,
Employee Health Insurance,Sîgorteya tenduristiyê,
Health Insurance Name,Navxweyî ya Navxweyî,
Employee Incentive,Karkerê Têkilî,
Incentive Amount,Amountive Interount,
Employee Onboarding,Karker Onboarding,
Notify users by email,Bikarhênerên bi e-nameyê agahdar bikin,
Employee Onboarding Template,Vebijêrk Onboarding,
Employee Other Income,Karmendê Hatina Din,
Employee Promotion,Pêşveçûna Karmendiyê,
Promotion Date,Dîroka Pêşveçûn,
Employee Promotion Details,Agahdarî Pêşveçûna Agahdariyê,
Employee Property History,Dîroka Xweseriya Xweser,
Employee Separation,Karûbarên Separation,
Employee Separation Template,Template Separation,
Exit Interview Summary,Nivînên Hevdîtinê Derkeve,
Employee Skill,Hişmendiya Karmend,
Proficiency,Qehrebûn,
Evaluation Date,Dîroka Nirxandinê,
Employee Skill Map,Nexşeya Hişmendiya Karmend,
Employee Skills,Skêwazên Karmend,
Trainings,Training,
Employee Tax Exemption Category,Daxistina Bacê ya Xebatê,
Max Exemption Amount,Bêjeya Mezinahiya Max,
Employee Tax Exemption Declaration,Daxuyaniya Xweseriya Bacê,
Declarations,Danezan,
Total Declared Amount,Dravê Daxuyaniya Tevahî,
Total Exemption Amount,Giştî Hatina Hilbijartinê,
Employee Tax Exemption Declaration Category,Daxuyaniya Danûstandina Bacê ya Xebatê,
Exemption Sub Category,Kategorî Sub Submission,
Exemption Category,Kategorî,
Maximum Exempted Amount,Mezinahiya Berfirehkirî,
Declared Amount,Dravê Daxistiye,
Employee Tax Exemption Proof Submission,Xweseriya Xweseriya Xweseriya Hilbijartinê,
Submission Date,Dîroka Demdariyê,
Tax Exemption Proofs,Pêşniyarên Bacê,
Total Actual Amount,Mûçeya Baweriya Zêdeyî,
Employee Tax Exemption Proof Submission Detail,Xweseriya Xweseriya Xweseriya Serkeftinê,
Maximum Exemption Amount,Mezinahiya Daxuyaniya Zêde,
Type of Proof,Tîpa Cîhan,
Actual Amount,Amûriya rastîn,
Employee Tax Exemption Sub Category,Kategoriya Derfeta Bacê ya Xebatê,
Tax Exemption Category,Category Disemption,
Employee Training,Perwerdehiya Karmend,
Training Date,Dîroka Perwerdehiyê,
Employee Transfer,Transfera karmendê,
Transfer Date,Transfer Date,
Employee Transfer Details,Agahiya Transfer Details,
Employee Transfer Detail,Xwendekarê Transfer Detail,
Re-allocate Leaves,Reaves veguhestin,
Create New Employee Id,Id Job Job New,
New Employee ID,Nasname ya nû ya nû,
HR-EXP-.YYYY.-,HR-EXP-.YYYY-,
Expense Taxes and Charges,Bacan û berdêlên mehane,
Total Sanctioned Amount,Temamê meblaxa ambargoyê,
Total Advance Amount,Giştî ya Serkeftinê,
Total Claimed Amount,Temamê meblaxa îdîa,
Total Amount Reimbursed,Total qasa dayîna,
Vehicle Log,Têkeve Vehicle,
Employees Email Id,Karmendên Email Id,
More Details,More Details,
Expense Claim Account,Account mesrefan,
Expense Claim Advance,Serdanek Pêşveçûn,
Expense Claim Detail,Expense Detail Îdîaya,
Expense Date,Date Expense,
Expense Claim Type,Expense Type Îdîaya,
HR Settings,Settings HR,
Employee Settings,Settings karker,
Expense Approver Mandatory In Expense Claim,Mesrefên Derheqê Bêguman Têkoşîna Derheqê,
Payroll Settings,Settings payroll,
Leave,Terikandin,
Max working hours against Timesheet,Max dema xebatê li dijî timesheet,
Include holidays in Total no. of Working Days,Usa jî cejnên li Bi tevahî tune. ji rojên xebatê,
"If checked, Total no. of Working Days will include holidays, and this will reduce the value of Salary Per Day","Eger kontrolkirin, Total tune. ji Xebatê Rojan wê de betlaneyên xwe, û em ê bi nirxê Salary Per Day kêm",
"If checked, hides and disables Rounded Total field in Salary Slips","Ger kontrol kirin, li Zeviyên Salary Di zeviyê Rounded Total de veşartî û nexşandin",
The fraction of daily wages to be paid for half-day attendance,Parçeyek mûçeyên rojane ku ji bo nîv-roj beşdarî tê dayîn,
Email Salary Slip to Employee,Email Slip Salary ji bo karkirinê,
Emails salary slip to employee based on preferred email selected in Employee,slip Emails meaş ji bo karker li ser epeyamê yê xwestî di karkirinê yên hilbijartî,
Encrypt Salary Slips in Emails,Li Emails şîfreya Salane derxînin,
"The salary slip emailed to the employee will be password protected, the password will be generated based on the password policy.","Dê dirûşmeya mûçeyê ku ji karmend re were şandin were şîfre were parastin, dê şîfreya li ser bingeha polîtîkaya şîfreyê were hilberandin.",
Password Policy,Siyaseta şîfreyê,
<b>Example:</b> SAL-{first_name}-{date_of_birth.year} <br>This will generate a password like SAL-Jane-1972,<b>Mînak:</b> SAL- {yekem_name - {date_of_birth.year <br> Ev ê şîfreyek mîna SAL-Jane-1972 hilberîne,
Leave Approval Notification Template,Gotûbêja Peymana Şandina Derkeve,
Leave Status Notification Template,Gotûbêja Şopandina Şopandinê,
Role Allowed to Create Backdated Leave Application,Role Hiştin ku Serîlêdana Piştgiriya Vegere ya Zindî Afirîne,
Leave Approver Mandatory In Leave Application,Di Perestgehê de Vegerîna Derfeta Nerazîbûnê Nerazî bibin,
Show Leaves Of All Department Members In Calendar,Di Calendar de Hemû Endamên Endamên Hilbijartinan Hilbijêre,
Auto Leave Encashment,Otomêja Bişkojinê Bide,
Hiring Settings,Mîhengên Kirînê,
Check Vacancies On Job Offer Creation,Afirandinên Li Ser Afirandina Pêşniyara Karê Vegerin,
Identification Document Type,Tîpa Belgeyê nasnameyê,
Effective from,Bi bandor ji,
Allow Tax Exemption,Destûrdayîna Rakirina Bacê,
"If enabled, Tax Exemption Declaration will be considered for income tax calculation.","Heke were çalak kirin, dê Danezana Rakirina Bacê ji bo hesabkirina baca dahatê were hesibandin.",
Standard Tax Exemption Amount,Mûçeya Bacê Ya Standard,
Taxable Salary Slabs,Slabs,
Taxes and Charges on Income Tax,Bac û Bacên Baca Bacê,
Other Taxes and Charges,Bac û Dozên Din,
Income Tax Slab Other Charges,Slab Baca Bacê Dozên Din,
Min Taxable Income,Dahata Baca Bacdar,
Max Taxable Income,Dahata Baca Bacê,
Applicant for a Job,Applicant bo Job,
Job Opening,Opening Job,
Cover Letter,Paldana ser,
Resume Attachment,Attachment resume,
Job Applicant Source,Serdêriya Karê Çavkaniyê,
Applicant Email Address,Navnîşana E-nameyê serîlêdanê,
Awaiting Response,li benda Response,
Job Offer Terms,Karên Pêşniyarên Pêşniyariyê,
Select Terms and Conditions,Hilbijêre şert û mercan,
Job Offer Term,Karê Kirê Kar,
Offer Term,Term Pêşnîyaza,
Value / Description,Nirx / Description,
Description of a Job Opening,Description of a Opening Job,
Staffing Plan,Plana karmendiyê,
Planned number of Positions,Numreya Plankirî ya Positions,
"Job profile, qualifications required etc.","profile kar, bi dawîanîna pêwîst hwd.",
HR-LAL-.YYYY.-,HR-LAL-.YYYY-,
New Leaves Allocated,Leaves New veqetandin,
Add unused leaves from previous allocations,Lê zêde bike pelên feyde ji xerciyên berê,
Unused leaves,pelên Unused,
Total Leaves Allocated,Total Leaves veqetandin,
Total Leaves Encashed,Niştecîhên şikandî,
Leave Period,Dema bihêlin,
Carry Forwarded Leaves,Carry Leaves Forwarded,
Apply / Approve Leaves,Apply / Approve Leaves,
HR-LAP-.YYYY.-,HR-LAP-YYYY-,
Leave Balance Before Application,Dev ji Balance Berî Application,
Total Leave Days,Total Rojan Leave,
Leave Approver Name,Dev ji Name Approver,
Follow via Email,Follow via Email,
Block Holidays on important days.,Holidays Block li ser rojên girîng e.,
Leave Block List Name,Dev ji Lîsteya Block Name,
Applies to Company,Ji bo Company,
"If not checked, the list will have to be added to each Department where it has to be applied.","Heke ne, di lîsteyê de wê ji bo her Beşa ku wê were sepandin bê zêdekirin.",
Block Days,block Rojan,
Stop users from making Leave Applications on following days.,Dev ji bikarhêneran ji çêkirina Applications Leave li ser van rojan de.,
Leave Block List Dates,Dev ji Lîsteya Block Kurdî Nexşe,
Allow Users,Rê bide bikarhênerên,
Allow the following users to approve Leave Applications for block days.,Destûrê bide bikarhêneran li jêr ji bo pejirandina Applications Leave ji bo rojên block.,
Leave Block List Allowed,Dev ji Lîsteya Block Yorumlar,
Leave Block List Allow,Dev ji Lîsteya Block Destûrê bide,
Allow User,Destûrê bide Bikarhêner,
Leave Block List Date,Dev ji Lîsteya Block Date,
Block Date,Date block,
Leave Control Panel,Dev ji Control Panel,
Employment Type (optional),Cureya Kar (vebijarkî),
Branch (optional),Chaxê (vebijarkî),
Department (optional),Wezaret (vebijarkî),
Designation (optional),Sêwirandin (vebijarkî),
Employee Grade (optional),Grade Employee (vebijarkî),
Employee (optional),Karmendî (vebijarkî),
Allocate Leaves,Dabeşên Veberdan,
Carry Forward,çêşît Forward,
Please select Carry Forward if you also want to include previous fiscal year's balance leaves to this fiscal year,"Ji kerema xwe ve çêşît Forward hilbijêre, eger hûn jî dixwazin ku di nav hevsengiyê sala diravî ya berî bernadin ji bo vê sala diravî ya",
New Leaves Allocated (In Days),Leaves New veqetandin (Di Days),
Leave Balance,Balance Leave,
Encashable days,Rojan nabe,
Encashment Amount,Amûdê Amûdê,
Leave Ledger Entry,Vedigerin Ledger,
Transaction Name,Navê veguhaztinê,
Is Carry Forward,Ma çêşît Forward,
Is Expired,Meha qediya ye,
Is Leave Without Pay,Ma Leave Bê Pay,
Holiday List for Optional Leave,Lîsteya Bersîvê Ji bo Bijareya Bijartinê,
Leave Allocations,Allocations Leave,
Leave Policy Details,Dîtina Dîtina Bilind,
Leave Policy Detail,Pêveka Polîtîkayê Hilbijêre,
Annual Allocation,Allocation,
Leave Type Name,Dev ji Name Type,
Applicable After (Working Days),Piştî Karanîna Rojan,
Is Optional Leave,Vebijêrk Hilbijêre ye,
Allow Negative Balance,Destûrê bide Balance Negative,
Include holidays within leaves as leaves,Usa jî holidays di nava pelên wek pelên,
Is Compensatory,Xercê ye,
Maximum Carry Forwarded Leaves,Carên Nêzîkî Berbi Girtîgehê,
Expire Carry Forwarded Leaves (Days),Expire Carry Leaves Forwarded (Rojan),
Calculated in days,Di rojan de têne hesibandin,
Encashment,Encam kirin,
Allow Encashment,Pêvekirin,
Encashment Threshold Days,Rojên Têkiliya Têkilî,
Earned Leave,Girtîgeha Hilbijartinê,
Is Earned Leave,Vebijandin,
Earned Leave Frequency,Frequency Leave Leave,
Rounding,Rounding,
Payroll Employee Detail,Daxistina karmendê karmendê,
Payroll Frequency,Frequency payroll,
Fortnightly,Livînê,
Bimonthly,pakêtê de,
Employees,karmendên,
Number Of Employees,Hejmara Karmendan,
Employee Details,Agahdarî,
Validate Attendance,Attendance,
Salary Slip Based on Timesheet,Slip meaş Li ser timesheet,
Deduct Tax For Unclaimed Employee Benefits,Ji bo Xercên Karkerên Neheqdar yên Bacê de,
Deduct Tax For Unsubmitted Tax Exemption Proof,Ji bo Daxistina Bacê ya Paqijkirina Bacê ya Unsubmitted Tax,
Select Payment Account to make Bank Entry,Hilbijêre Account Payment ji bo Peyam Bank,
Salary Slips Created,Salary Slips Made,
Salary Slips Submitted,Salary Slips Submitted,
Payroll Periods,Dema Payroll,
Payroll Period Date,Dîroka Payrollê,
Purpose of Travel,Armanca Rêwîtiyê,
Retention Bonus,Bonus retain,
Bonus Payment Date,Daxistina Bonus Bonus,
Bonus Amount,Amûdê Bonus,
Depends on Payment Days,Bi rojên dravdanê ve girêdayî ye,
Is Tax Applicable,Qanûna Bacê ye,
Variable Based On Taxable Salary,Li ser Dabeşkirina Bacê ya Bacgir,
Exempted from Income Tax,Ji Baca Dahatê tê derxistin,
Round to the Nearest Integer,Rêze Li Ser Niqaşê Nêzik,
Statistical Component,Component Îstatîstîkê,
"If selected, the value specified or calculated in this component will not contribute to the earnings or deductions. However, it's value can be referenced by other components that can be added or deducted. ","Heke hatibe hilbijartin, bi nirxê xwe dişinî an hesabkirin di vê hêmana ne, wê ji bo karên an bi dabirînê piştgirî bidin. Lê belê, ev nirx dikare ji aliyê pêkhateyên dî ku dikare added an dabirîn referans.",
Do Not Include in Total,Bi Tevahî Nedin,
Flexible Benefits,Xwendekarên Fehlîn,
Is Flexible Benefit,Baweriya Fehl e,
Max Benefit Amount (Yearly),Amûdê ya Pirrûpa (Yearly),
Only Tax Impact (Cannot Claim But Part of Taxable Income),Tenê Bandora Bandora Tenê (Qanûna Qeyd nekin Lê Beş Partiya Bacdayîn),
Create Separate Payment Entry Against Benefit Claim,Li dijî Tezmînata Kirêdariya Navnîşa Dabeşkirina Navnîşan Bikin,
Amount based on formula,Şêwaz li ser formula li,
Formula,Formîl,
Salary Detail,Detail meaş,
Component,Perçe,
Do not include in total,Bi tevahî nabe,
Default Amount,Default Mîqdar,
Additional Amount,Amaje zêde,
Tax on flexible benefit,Baca li ser fînansaziya berbiçav,
Tax on additional salary,Bacê li ser heqê bêtir,
Salary Structure,Structure meaş,
Working Days,rojên xebatê,
Salary Slip Timesheet,Timesheet meaş Slip,
Earnings,Earnings,
Deductions,bi dabirînê,
Total in words,Bi tevahî di peyvên,
Salary Component for timesheet based payroll.,Component meaş ji bo payroll li timesheet.,
Leave Encashment Amount Per Day,Per Dayek Nerazîbûnê Derkeve,
Max Benefits (Amount),Xerca Mezin (Amount),
Salary breakup based on Earning and Deduction.,jihevketina meaşê li ser Earning û vê rêyê.,
Total Earning,Total Earning,
Salary Structure Assignment,Destûra Çarçoveya Heqê,
Shift Assignment,Destûra Hilbijartinê,
Shift Type,Tîpa Şiftê,
Shift Request,Request Shift,
Enable Auto Attendance,Beşdariya Otomatîkî çalak bike,
Mark attendance based on 'Employee Checkin' for Employees assigned to this shift.,Ji bo Karmendên ku ji vê shiftê hatine vexwendin tevlîbûna li bingeha &#39;Checkinerê Karmendê&#39; binirxînin.,
Auto Attendance Settings,Mîhengên Beşdariya Auto,
Determine Check-in and Check-out,Binihêrin Check-in û Check-out,
Alternating entries as IN and OUT during the same shift,Di heman shiftê de têkûzên wekî IN û OUT alternatîf,
Strictly based on Log Type in Employee Checkin,Bi tundî li ser Tîpa Log-ê di Navnîşa Karmendiyê de hatî çêkirin,
Working Hours Calculation Based On,Demjimêrên Karkirina Hêlîna Bingehîn,
First Check-in and Last Check-out,Pêşîn check-in û check-out paşîn,
Every Valid Check-in and Check-out,Her Check-Check-ê derbasdar û derket,
Begin check-in before shift start time (in minutes),Berî dema destpêkirina guhartinê (di çend hûrdeman de) check-in dest pê bike.,
The time before the shift start time during which Employee Check-in is considered for attendance.,Wexta dema destpêkê ya guhartinê de dema ku Navnîşa Karmendê ji bo beşdarbûnê tête hesibandin.,
Allow check-out after shift end time (in minutes),Destûr bidin check-out piştî dema dawiya shift (di çend deqeyan),
Time after the end of shift during which check-out is considered for attendance.,Wexta piştî guhartinê ya ku dema kontrolkirinê ji bo beşdarbûnê tête hesibandin.,
Working Hours Threshold for Half Day,Demjimêrên Workingarşemê ji bo nîv roj,
Working hours below which Half Day is marked. (Zero to disable),Demjimêrên xebatê yên ku di binê Half Day de têne nîşankirin. (Zero kirin asteng kirin),
Working Hours Threshold for Absent,Demjimêra Demjimêrên Kar ji bo Absent,
Working hours below which Absent is marked. (Zero to disable),Demjimêrên xebatê yên li jêr ên ku Absent têne nîşankirin. (Zero kirin asteng kirin),
Process Attendance After,Pêvajoya Tevlêbûnê piştî,
Attendance will be marked automatically only after this date.,Beşdarî dê tenê piştî vê tarîxê bixweber bête nîşankirin.,
Last Sync of Checkin,Last Sync of Checkin,
Last Known Successful Sync of Employee Checkin. Reset this only if you are sure that all Logs are synced from all the locations. Please don't modify this if you are unsure.,Syncê Hevpeyivîna Serkeftinê ya Nivîsbariyê ya Navîn a Dawîn Vê rehet bikin tenê heke hûn pê ewle ne ku hemî Logs ji hemû cihan têne sync kirin. Heke hûn nebawer in ji kerema xwe vê yekê modê bikin.,
Grace Period Settings For Auto Attendance,Mîhengên Pergala Grace Ji bo Beşdariya Xweser,
Enable Entry Grace Period,Perçeyek Grace Pêvekirinê çalak bike,
Late Entry Grace Period,Demek Grace Pêrûya Destpêkê,
The time after the shift start time when check-in is considered as late (in minutes).,Wexta dema guherîna guhêzbar dema kontrolê wekî dereng (di hûrdeman de) tê hesibandin.,
Enable Exit Grace Period,Perçê Grace Exit-ê çalak bikin,
Early Exit Grace Period,Serdema Grace Exit zû,
The time before the shift end time when check-out is considered as early (in minutes).,Wexta dema paşvekirinê ya shiftê dema dema check-out wekî zû (di hûrdeman de) tête hesibandin.,
Skill Name,Navê jêhatiyê,
Staffing Plan Detail,Pîlana Karanîna Determî,
Total Estimated Budget,Bêjeya Estimated,
Vacancies,Xwezî,
Estimated Cost Per Position,Bersaziya Bersîv,
Total Estimated Cost,Bi tevahî Estimated Cost,
Current Count,Dîroka Niha,
Current Openings,Open Openings,
Number Of Positions,Hejmarên Pirtûka,
Taxable Salary Slab,Salary Slab,
From Amount,Ji Amountê,
To Amount,Ji bo Weqfa,
Percent Deduction,Perçûna Perê,
Training Program,Bernameya Perwerdehiyê,
Event Status,Rewş Event,
Has Certificate,Sertîfîkayê heye,
Seminar,Semîner,
Theory,Dîtinî,
Workshop,Kargeh,
Conference,Şêwre,
Exam,Bilbilên,
Internet,Internet,
Self-Study,Xweseriya Xweser,
Advance,Pêşveçûn,
Trainer Name,Navê Trainer,
Trainer Email,Trainer Email,
Attendees,ayinê,
Employee Emails,Employee Emails,
Training Event Employee,Training Event Employee,
Invited,vexwendin,
Feedback Submitted,Deng Şandin,
Training Result Employee,Xebatkarê Training Encam,
Travel Itinerary,Travel Journey,
Travel From,Travel From,
Travel To,Travel To,
Mode of Travel,Mode Travel,
Flight,Firrê,
Train,Tirên,
Taxi,Texsî,
Rented Car,Car Hire,
Meal Preference,Pêdivî ye,
Vegetarian,Vegetarian,
Non-Vegetarian,Non Vegetarian,
Gluten Free,Gluten Free,
Non Diary,Non Diary,
Travel Advance Required,Agahiya Pêşîn,
Departure Datetime,Datetime,
Arrival Datetime,Datetime Arrival,
Lodging Required,Lodging Required,
Preferred Area for Lodging,Area for Preferred for Lodging,
Check-in Date,Check-in Dîroka,
Check-out Date,Dîroka Check-out,
Travel Request,Request Request,
Travel Type,Type Type,
Domestic,Malî,
International,Navnetewî,
Travel Funding,Fona Rêwîtiyê,
Require Full Funding,Pêdiviya Tevahî Tişt,
Fully Sponsored,Fully Sponsored,
"Partially Sponsored, Require Partial Funding","Bi Tevahî Sponsored, Pêdiviya Partiya Tevlêbûnê",
Copy of Invitation/Announcement,Copy of Invitation / Announcement,
"Details of Sponsor (Name, Location)","Agahiya Sponsor (Navnîşan, Cihan)",
Identification Document Number,Hejmara Belgeya nasnameyê,
Any other details,Ji ber agahiyên din,
Costing Details,Agahdariyên Giranîn,
Event Details,Dîroka Event Details,
Name of Organizer,Navenda Organizer,
Address of Organizer,Navnîşana Organizer,
Travel Request Costing,Request Request Costing,
Expense Type,Tişta mesrefê,
Sponsored Amount,Sponsored Amount,
Funded Amount,Amûr Barkirî,
Upload Attendance,Upload Beşdariyê,
Attendance From Date,Alîkarîkirinê ji Date,
Attendance To Date,Amadebûna To Date,
Get Template,Get Şablon,
Import Attendance,Beşdariyê Import,
Upload HTML,Upload HTML,
HR-VLOG-.YYYY.-,HR-VLOG-YYYY-,
Odometer Reading,Reading Green,
Current Odometer value ,Nirxa Odometer ya heyî,
Refuelling Details,Details Refuelling,
Invoice Ref,bi fatûreyên Ref,
Service Details,Details Service,
Vehicle Service,Xizmeta Vehicle,
Service Item,Babetê Service,
Brake Oil,Oil şikand,
Brake Pad,Pad şikand,
Clutch Plate,Clutch deşta,
Engine Oil,Oil engine,
Oil Change,Change petrolê,
Inspection,Berçavderbasî,
Mileage,Mileage,
Salary Slip Loan,Heqfa Slip Loan,
Loan Repayment Entry,Navnîşa Veberhênana Deynê,
May,Gulan,
June,Pûşper,
July,Tîrmeh,
Bank Remittance,Remezana Bankê,
Daily Work Summary Replies,Bersivên Bersivê Rojane,
Employee Advance Summary,Karmendê Pêşveçûn Pêşveçûn,
Employees working on a holiday,Karmendên li ser dixebitin ku cejna,
Monthly Attendance Sheet,Agahdarî ji bo tevlêbûna mehane,
Salary Register,meaş Register,
Unpaid Expense Claim,Îdîaya Expense Unpaid,
Payment Account is mandatory,Hesabê dayinê ferz e,
"If checked, the full amount will be deducted from taxable income before calculating income tax without any declaration or proof submission.","Ger were seh kirin, dê tevahî mîqdara ku ji ber baca dahatê nayê hesibandin bêyî daxuyaniyek an radestkirina delîlê ji dahata bacê tê daxistin.",
In Time,Li dema xwe,
Out Time,Wextê Derve,
Is Recurring,Dûbare dibe,
HRA Exemption,Derbarê HRA,
Monthly House Rent,Kirêya Mala Mehane,
Rented in Metro City,Li Bajarê Metroyê kirê kirî,
HRA as per Salary Structure,HRA wekî Avahiya Mûçeyê,
Annual HRA Exemption,Belavkirina HRA ya Salane,
Monthly HRA Exemption,Mehane Ya HRA,
House Rent Payment Amount,Mîqdara Dravê Kirê Xanî,
Rented From Date,Ji Dîrokê Kirêkirî,
Rented To Date,Kirin Heya Dîrokê,
Monthly Eligible Amount,Mûçeya Mehane ya Qebûlkirî,
Total Eligible HRA Exemption,Tevahî Mercên HRA-yê yên Qanûnî,
Validating Employee Attendance...,Rastkirina Tevlêbûna Karmendan ...,
Submitting Salary Slips and creating Journal Entry...,Subandina Pelên Meaş û afirandina Navnîşana Kovarê ...,
Calculate Payroll Working Days Based On,Rojên Xebatê yên Meaşê Li gorî Binerizînin,
Consider Unmarked Attendance As,Beşdariya Bê Nîşan Bifikirin Wekî,
Fraction of Daily Salary for Half Day,Fraksiyona Mega Rojane ya Nîv Rojê,
Component Type,Cureyê pêkhateyê,
Provident Fund,Fona Providence,
Additional Provident Fund,Fona Providence Zêdetir,
Provident Fund Loan,Krediya Fona Pêşbîn,
Professional Tax,Baca Profesyonel,
Is Income Tax Component,Pêkhateya Baca Dahatê ye,
Component properties and references ,Taybetmendî û referansên pêkhateyê,
Additional Salary ,Mûçeyê Zêdeyî,
Unmarked days,Rojên nevekirî,
Absent Days,Rojên Tunebûyî,
Conditions and Formula variable and example,Itionsert û Formula guhêrbar û mînak,
Income Tax Deductions,Daxistinên Baca Dahatê,
Income Tax Component,Pêkhateya Baca Dahatê,
Income Tax Amount,Mîqeya Baca Dahatê,
Unmarked Days,Rojên Neyarkirî,
Jan,Jan,
Feb,Sibat,
Mar,Mar,
Apr,Nîsan,
Aug,Tebax,
Sep,Sep,
Oct,Cotmeh,
Nov,Nov,
Dec,Kanûn,
Summarized View,Nêrîna Kurtkirî,
Professional Tax Deductions,Daxistinên Bacê yên Pîşeyî,
Provident Fund Deductions,Daxistinên Fona Pêşbîn,
Recruitment Analytics,Analytics Recruitment,
Applicant name,Navê serlêder,
Job Offer status,Rewşa Pêşkêşiya Kar,
On Date,On Date,
Salary Payments Based On Payment Mode,Payments Meaş Li ser Bingeha Mode Payment,
Salary Payments via ECS,Payments Mega bi rêya ECS,
Account No,Hesab Na,
IFSC,IFSC,
MICR,MICR,
PF Account,Hesabê PF,
PF Amount,PF Mîqdar,
Additional PF,Pêveka PF,
PF Loan,Krediya PF,
Duplicate Entry,Têketina Duplicate,
Please select Employee first.,Ji kerema xwe pêşî Karmend hilbijêrin.,
To Date should be greater than From Date,Divê To Date ji From Date mezintir be,
Job Offer: {0} is already for Job Applicant: {1},Pêşniyara Kar: {0} jixwe ji bo Serlêderê Kar e: {1},
Only Shift Request with status 'Approved' and 'Rejected' can be submitted,Tenê Daxwaza Guherînê ya bi statuya &#39;Pejirandî&#39; û &#39;Redkirî&#39; dikare were şandin,
Shift Assignment: {0} created for Employee: {1},Erka Shift: {0} ji bo Karmendê hatî afirandin: {1},
You can not request for your Default Shift: {0},Hûn nekarin ji bo Guheztina Default xwe bixwazin: {0},
Only Approvers can Approve this Request.,Tenê Pispor dikarin Vê Daxwazê Bipejirînin.,
Please set Payroll based on in Payroll settings,"Ji kerema xwe, li ser bingeha mîhengên Payroll meaşê saz bikin",
Additional Salary: {0} already exist for Salary Component: {1} for period {2} and {3},Meaşê Zêdeyî: {0} jixwe ji bo Parmendê Mûçeyê heye: {1} ji bo heyama {2} û {3},
Payroll date can not be less than employee's joining date.,Dîroka mûçeyê ji dîroka tevlîbûna karmend dikare kêmtir nebe.,
From date can not be less than employee's joining date.,Ji tarîxê nikare ji roja tevlîbûna karmend kêmtir be.,
To date can not be greater than employee's relieving date.,Heya îro ji tarîxa sivikkirina karmendê mezintir nabe.,
Payroll date can not be greater than employee's relieving date.,Dîroka mûçeyê ji tarîxa sivikkirina karmendê mezintir nabe.,
Condition and formula,Condert û formul,
Available Leaves,Leaves Available,
IFSC Code,Kodê IFSC,
Others,yên din,
Total Allocated Leaves,Niştecîhên Teva Allocated,
Used Leaves,Leaves Used,
PAN Number,Hejmara PAN,
Expired Leaves,Pelên Dawî,
