) for {0},) {0 for ന്,
A {0} exists between {1} and {2} (,"{1}, {2} എന്നിവയ്ക്കിടയിലുള്ള ഒരു {0}",
Absent,അസാന്നിദ്ധ്യം,
Accrual Journal Entry for salaries from {0} to {1},{0} മുതൽ {1} വരെയുള്ള ശമ്പളത്തിനായി കൃത്യമായ ജേണൽ എൻട്രി,
Add to Details,വിശദാംശങ്ങളിലേക്ക് ചേർക്കുക,
Added to details,വിശദാംശങ്ങളിൽ ചേർത്തു,
All Jobs,എല്ലാ ജോലി,
Allocated Leaves,അനുവദിച്ച ഇലകൾ,
Annual Salary,വാർഷിക ശമ്പളം,
Application period cannot be across two allocation records,അപേക്ഷാ കാലയളവ് രണ്ട് വകഭേദാ രേഖകളിലായിരിക്കരുത്,
Application period cannot be outside leave allocation period,അപേക്ഷാ കാലയളവിൽ പുറത്ത് ലീവ് അലോക്കേഷൻ കാലഘട്ടം ആകാൻ പാടില്ല,
Apply Now,ഇപ്പോൾ പ്രയോഗിക്കുക,
Apprentice,വിദേശികൾക്ക്,
Approval Status,അംഗീകാരം അവസ്ഥ,
Approval Status must be 'Approved' or 'Rejected',അംഗീകാരം സ്റ്റാറ്റസ് &#39;അംഗീകരിച്ചു&#39; അല്ലെങ്കിൽ &#39;നിഷേധിക്കപ്പെട്ടിട്ടുണ്ട്&#39; വേണം,
As per your assigned Salary Structure you cannot apply for benefits,നിങ്ങളുടെ ശമ്പള ശമ്പളം അനുസരിച്ച് ആനുകൂല്യങ്ങൾക്ക് അപേക്ഷിക്കാൻ കഴിയില്ല,
Assign,ലഭ്യമാക്കുക,
Assign Salary Structure,ശമ്പള ഘടന നിർവ്വഹിക്കുക,
Assign to Employees,ജീവനക്കാരെ നിയോഗിക്കുക,
Assigning Structures...,ഘടനകൾ നിർണ്ണയിക്കുന്നു ...,
Attendance,ഹാജർ,
Attendance From Date and Attendance To Date is mandatory,തീയതി ആരംഭിക്കുന്ന തീയതിയും ഹാജർ നിന്ന് ഹാജർ നിർബന്ധമാണ്,
Attendance for employee {0} is already marked for this day,ജീവനക്കാർക്ക് ഹാജർ {0} ഇതിനകം ഈ ദിവസം അടയാളപ്പെടുത്തി,
Attendance not submitted for {0} as it is a Holiday.,ഒരു അവധിക്കാലമെന്ന നിലയിൽ {0} എന്നതിനായുള്ള ഹാജർ സമർപ്പിച്ചില്ല.,
Bank Entries,ബാങ്ക് എൻട്രികൾ,
Base,അടിത്തറ,
Beginner,തുടക്കക്കാരി,
Birthday Reminder,ജന്മദിനം ഓർമ്മപ്പെടുത്തൽ,
Bonus Payment Date cannot be a past date,ബോണസ് പേയ്മെന്റ് തീയതി ഒരു കഴിഞ്ഞ തിയതിയായിരിക്കരുത്,
Calls,കോളുകൾ,
Cannot find active Leave Period,സജീവ അവധി കാലാവധി കണ്ടെത്താനായില്ല,
Casual Leave,കാഷ്വൽ ലീവ്,
Claimed Amount,ക്ലെയിം ചെയ്ത തുക,
Compensatory Off,ഓഫാക്കുക നഷ്ടപരിഹാര,
Contact Number,കോൺടാക്റ്റ് നമ്പർ,
Course,ഗതി,
Create Disbursement Entry,വിതരണ എൻട്രി സൃഷ്ടിക്കുക,
Create Salary Slip,ശമ്പളം ജി സൃഷ്ടിക്കുക,
Create Salary Slips,ശമ്പള സ്ലിപ്പുകൾ സൃഷ്ടിക്കുക,
Creating Payment Entries......,പേയ്മെന്റ് എൻട്രികൾ ഉണ്ടാക്കുന്നു ......,
Creating Salary Slips...,ശമ്പള സ്ലിപ്പുകള് സൃഷ്ടിക്കുന്നു ...,
Current,നിലവിൽ,
Current Job Openings,നിലവിൽ ജോലികൾ,
Daily Work Summary,നിത്യജീവിതത്തിലെ ഔദ്യോഗിക ചുരുക്കം,
Daily Work Summary Group,ദിവസേനയുള്ള ചുരുക്കം സംഗ്രഹ ഗ്രൂപ്പ്,
Date is repeated,തീയതി ആവർത്തിക്കുന്നുണ്ട്,
Debit A/C Number,ഡെബിറ്റ് എ / സി നമ്പർ,
Deduction,കുറയ്ക്കല്,
Document Status,ഡോക്യുമെന്റ് അവസ്ഥ,
Earning,സമ്പാദിക്കാനുള്ള,
Employee A/C Number,ജീവനക്കാരുടെ എ / സി നമ്പർ,
Employee Benefits,ജീവനക്കാരുടെ ആനുകൂല്യങ്ങൾ,
Employee Grade,തൊഴിലുടമ ഗ്രേഡ്,
Employee Referral,തൊഴിലുടമ റഫറൽ,
Employee relieved on {0} must be set as 'Left',{0} &#39;ഇടത്&#39; ആയി സജ്ജമാക്കാൻ വേണം ന് ആശ്വാസമായി ജീവനക്കാരൻ,
Employee {0} already submited an apllication {1} for the payroll period {2},ജീവനക്കാരൻ {0} ഇതിനകം ശമ്പള കാലയളവ് {2 for നായി ap 1 ap ഒരു അപേക്ഷ സമർപ്പിച്ചു.,
Employee {0} has no maximum benefit amount,ജീവനക്കാരൻ {0} ന് പരമാവധി ആനുകൂല്യ തുക ഇല്ല,
Employee {0} is not active or does not exist,ജീവനക്കാർ {0} സജീവമല്ല അല്ലെങ്കിൽ നിലവിലില്ല,
Employee {0} is on Leave on {1},{1} ജീവനക്കാരൻ {0},
Employee {0} on Half day on {1},ന് {1} ജീവനക്കാർ {0} ഹാഫ് ദിവസം,
End time cannot be before start time,അവസാന സമയം ആരംഭ സമയത്തിന് മുമ്പായിരിക്കരുത്,
Evaluation,മൂല്യനിർണ്ണയം,
Event Location,ഇവന്റ് ലൊക്കേഷൻ,
Event Name,ഇവന്റ് പേര്,
Expense Claim for Vehicle Log {0},വാഹന ലോഗ് {0} രൂപായും ക്ലെയിം,
Expense Claim {0} already exists for the Vehicle Log,ചിലവേറിയ ക്ലെയിം {0} ഇതിനകം വാഹനം ലോഗ് നിലവിലുണ്ട്,
Fill the form and save it,ഫോം പൂരിപ്പിച്ച് സേവ്,
Filter Employees By (Optional),ജീവനക്കാരെ ഫിൽട്ടർ ചെയ്യുക (ഓപ്ഷണൽ),
Fiscal Year {0} not found,സാമ്പത്തിക വർഷത്തെ {0} കണ്ടെത്തിയില്ല,
Food,ഭക്ഷ്യ,
For Employee,ജീവനക്കാർ,
From Date {0} cannot be after employee's relieving Date {1},തീയതി മുതൽ {0} ജീവനക്കാരന്റെ ഒഴിവാക്കൽ തീയതിക്ക് ശേഷം ആയിരിക്കരുത് {1},
From Date {0} cannot be before employee's joining Date {1},തീയതി മുതൽ {0} ജീവനക്കാരുടെ ചേരുന്ന തീയതിക്ക് മുമ്പായിരിക്കരുത് {1},
From date can not be less than employee's joining date,തീയതി മുതൽ തൊഴിലാളിയുടെ ചേരുന്ന തീയതി കുറവായിരിക്കരുത് കഴിയില്ല,
Fuel Price,ഇന്ധന വില,
Fuel Qty,ഇന്ധന അളവ്,
Full-time,മുഴുവൻ സമയവും,
Future dates not allowed,ഭാവി കാലം അനുവദനീയമല്ല,
Get Details From Declaration,പ്രഖ്യാപനത്തിൽ നിന്ന് വിശദാംശങ്ങൾ നേടുക,
Get Employees,ജീവനക്കാരെ നേടുക,
Gross Pay,മൊത്തം വേതനം,
Guest,അതിഥി,
Half Day,അര ദിവസം,
Half Day Date is mandatory,ഹാഫ് ഡേ ഡേറ്റ് തീയതി നിർബന്ധമാണ്,
Half Day Date should be between From Date and To Date,അര ദിവസം തീയതി തീയതി മുതൽ ദിവസവും തമ്മിലുള്ള ആയിരിക്കണം,
Half Day Date should be in between Work From Date and Work End Date,തീയതി മുതൽ പ്രവർത്തി തീയതി വരെയുള്ള തീയതി മുതൽ പകുതി ദിവസം വരെ ദൈർഘ്യം ഉണ്ടായിരിക്കണം,
Half day date should be in between from date and to date,തീയതി മുതൽ ഇന്നുവരെ വരെ ഇടവേളയുള്ള തീയതി ഉണ്ടായിരിക്കണം,
Hello,ഹലോ,
House rent paid days overlapping with {0},വീട് വാടകയ്ക്ക് കൊടുക്കപ്പെട്ട ദിവസങ്ങൾ {0},
House rented dates required for exemption calculation,ഇളവ് കണക്കാക്കുന്നതിന് ആവശ്യമായ ഹൌസ് വാടകയ്ക്ക് കൊടുക്കപ്പെട്ട തീയതികൾ,
House rented dates should be atleast 15 days apart,ഹൗസ് വാടകയ്ക്ക് നൽകേണ്ട തീയതി 15 ദിവസമെങ്കിലും അവശേഷിക്കും,
Interest Amount,പലിശ തുക,
Intern,തടവുകാരി,
Job Description,ജോലി വിവരണം,
Job Offer,ജോലി വാഗ്ദാനം,
Jobs,ജോലി,
Leave Approval Notification,അംഗീകാര അറിയിപ്പ് വിടുക,
Leave Blocked,വിടുക തടയപ്പെട്ട,
Leave Encashment,ലീവ്,
Leave Status Notification,സ്റ്റാറ്റസ് അറിയിപ്പ് വിടുക,
Leave Type,തരം വിടുക,
Leave Type is madatory,വിടവാങ്ങൽ വിസ്മയമാണ്,
Leave Type {0} cannot be allocated since it is leave without pay,ഇനം {0} വിടുക അതു വേതനം വിടണമെന്ന് മുതൽ വകയിരുത്തി കഴിയില്ല,
Leave Type {0} cannot be carry-forwarded,{0} കയറ്റികൊണ്ടു-ഫോർവേഡ് ചെയ്യാൻ കഴിയില്ല ടൈപ്പ് വിടുക,
Leave Type {0} is not encashable,വിടുക ടൈപ്പ് {0} സ്കെയിൽ ചെയ്യാവുന്നതല്ല,
Leave Without Pay,ശമ്പള ഇല്ലാതെ വിടുക,
"Leave cannot be allocated before {0}, as leave balance has already been carry-forwarded in the future leave allocation record {1}","ലീവ് ബാലൻസ് ഇതിനകം ഭാവിയിൽ ലീവ് അലോക്കേഷൻ റെക്കോർഡ് {1} ൽ കാരി മുന്നോട്ടയയ്ക്കുകയും ലീവ്, {0} മുമ്പ് വിഹിതം കഴിയില്ല",
"Leave cannot be applied/cancelled before {0}, as leave balance has already been carry-forwarded in the future leave allocation record {1}","ലീവ് ബാലൻസ് ഇതിനകം ഭാവിയിൽ ലീവ് അലോക്കേഷൻ റെക്കോർഡ് {1} ൽ കാരി മുന്നോട്ടയയ്ക്കുകയും ലീവ്, {0} മുമ്പ് റദ്ദാക്കി / പ്രയോഗിക്കാൻ കഴിയില്ല",
Leave of type {0} cannot be longer than {1},{0} ഇനി {1} അധികം ആകാൻ പാടില്ല തരത്തിലുള്ള വിടുക,
Leaves,ഇലകൾ,
Leaves Allocated Successfully for {0},{0} വിജയകരമായി നീക്കിവച്ചിരുന്നു ഇലകൾ,
Leaves per Year,പ്രതിവർഷം ഇലകൾ,
Lifecycle,ജീവിത ചക്രം,
Mark Attendance,മാർക്ക് അറ്റൻഡൻസ്,
Max Exemption Amount cannot be greater than maximum exemption amount {0} of Tax Exemption Category {1},നികുതി ഇളവ് കാറ്റഗറി {1 of ന്റെ പരമാവധി ഒഴിവാക്കൽ തുക {0 than എന്നതിനേക്കാൾ കൂടുതലായി പരമാവധി ഒഴിവാക്കൽ തുക ഉണ്ടാകരുത്.,
Max benefits should be greater than zero to dispense benefits,ആനുകൂല്യങ്ങൾ നൽകുന്നതിനായി പരമാവധി ശ്രേണി പൂജ്യം ആയിരിക്കണം,
Maximum amount eligible for the component {0} exceeds {1},{0 the ഘടകത്തിന് യോഗ്യതയുള്ള പരമാവധി തുക {1 കവിയുന്നു,
Maximum benefit amount of component {0} exceeds {1},Component 0 component ഘടകത്തിന്റെ പരമാവധി ആനുകൂല്യ തുക {1 കവിയുന്നു,
Maximum benefit amount of employee {0} exceeds {1},Employee 0 employee ജീവനക്കാരന്റെ പരമാവധി ആനുകൂല്യ തുക {1 കവിയുന്നു,
Maximum leave allowed in the leave type {0} is {1},ലീവ് തരം അനുവദനീയമായ പരമാവധി അവധി {0} ആണ് {1},
Medical,മെഡിക്കൽ,
Mode of payment is required to make a payment,പേയ്മെന്റ് മോഡ് പേയ്മെന്റ് നടത്താൻ ആവശ്യമാണ്,
More than one selection for {0} not allowed,{0} എന്നതിന് ഒന്നിൽ കൂടുതൽ തിരഞ്ഞെടുപ്പുകൾ അനുവദനീയമല്ല,
Net Pay,നെറ്റ് വേതനം,
Net Pay cannot be less than 0,നെറ്റ് ശമ്പള 0 കുറവ് പാടില്ല,
Net Salary Amount,മൊത്തം ശമ്പള തുക,
Net pay cannot be negative,നെറ്റ് വേതനം നെഗറ്റീവ് ആയിരിക്കാൻ കഴിയില്ല,
No Employee Found,ജീവനക്കാരൻ കണ്ടെത്തിയില്ല,
No Salary Structure assigned for Employee {0} on given date {1},നൽകിയ തീയതിയിൽ {1 for ജീവനക്കാരന് ശമ്പള ഘടനയൊന്നും നൽകിയിട്ടില്ല {1},
No Staffing Plans found for this Designation,ഈ ഫിനാൻസിഷനായി സ്റ്റാഫിങ് പ്ലാനുകളൊന്നും കണ്ടെത്തിയില്ല,
No active or default Salary Structure found for employee {0} for the given dates,സജീവ അല്ലെങ്കിൽ സ്ഥിര ശമ്പള ഘടന തന്നിരിക്കുന്ന തീയതികളിൽ ജീവനക്കാരൻ {0} കണ്ടെത്തിയില്ല,
No more updates,കൂടുതൽ അപ്ഡേറ്റുകൾ ഇല്ല,
No replies from,നിന്ന് മറുപടികൾ ഇല്ല,
No salary slip found to submit for the above selected criteria OR salary slip already submitted,ശമ്പള സ്ലിപ്പിൽ മുകളിൽ തിരഞ്ഞെടുത്ത മാനദണ്ഡം സമർപ്പിക്കുന്നതിന് അല്ലെങ്കിൽ ശമ്പള സ്ലിപ്പ് സമർപ്പിച്ചു,
Nothing to change,മാറ്റാൻ ഒന്നുമില്ല,
Notice Period,നോട്ടീസ് പിരീഡ്,
Only Leave Applications with status 'Approved' and 'Rejected' can be submitted,മാത്രം നില അപ്ലിക്കേഷനുകൾ വിടുക &#39;അംഗീകരിച്ചത്&#39; ഉം &#39;നിരസിച്ചു സമർപ്പിക്കാൻ,
Optional Holiday List not set for leave period {0},അവധിക്കാല കാലയളവിനായി ഓപ്ഷണൽ ഹോളിഡേ ലിസ്റ്റ് സജ്ജമാക്കിയിട്ടില്ല {0},
Part-time,ഭാഗിക സമയം,
Password policy for Salary Slips is not set,ശമ്പള സ്ലിപ്പുകൾക്കുള്ള പാസ്‌വേഡ് നയം സജ്ജമാക്കിയിട്ടില്ല,
Payment Days,പേയ്മെന്റ് ദിനങ്ങൾ,
Payment of {0} from {1} to {2},{1} മുതൽ {2} വരെ {0 Pay,
Payroll,ശന്വളപ്പട്ടിക,
Payroll Number,ശമ്പള നമ്പർ,
Piecework,Piecework,
Please add the remaining benefits {0} to any of the existing component,നിലവിലുള്ള ഏതെങ്കിലും ഘടകഭാഗത്ത് ബാക്കിയുള്ള ആനുകൂല്യങ്ങൾ ചേർക്കുക {0},
Please confirm once you have completed your training,നിങ്ങൾ പരിശീലനം പൂർത്തിയാക്കിയശേഷം സ്ഥിരീകരിക്കുക,
Please enable default incoming account before creating Daily Work Summary Group,ഡെയ്ലി വർക്ക് സംഗ്രഹ ഗ്രൂപ്പ് സൃഷ്ടിക്കുന്നതിനുമുമ്പ് ദയവായി സ്ഥിര ഇൻകമിംഗ് അക്കൗണ്ട് പ്രാപ്തമാക്കുക,
Please select Company and Designation,ദയവായി കമ്പനിയും ഡയറക്ടറിയും തിരഞ്ഞെടുക്കുക,
Please select Employee,തൊഴിലുടമ തിരഞ്ഞെടുക്കുക,
Please select a csv file,ഒരു CSV ഫയൽ തിരഞ്ഞെടുക്കുക,
Please set default template for Leave Approval Notification in HR Settings.,എച്ച്ആർ സജ്ജീകരണങ്ങളിൽ ലെവൽ അംഗീകാര അറിയിപ്പ് സ്ഥിരസ്ഥിതി ടെംപ്ലേറ്റ് സജ്ജീകരിക്കുക.,
Please set default template for Leave Status Notification in HR Settings.,എച്ച്ആർ സജ്ജീകരണങ്ങളിൽ ലെവൽ സ്റ്റാറ്റസ് അറിയിപ്പിന് സ്ഥിരസ്ഥിതി ടെംപ്ലേറ്റ് സജ്ജീകരിക്കുക.,
Please set the Company,കമ്പനി സജ്ജീകരിക്കുക,
Please set the Date Of Joining for employee {0},ജീവനക്കാരൻ {0} പ്രവേശനത്തിനുള്ള തീയതി സജ്ജീകരിക്കുക,
Please share your feedback to the training by clicking on 'Training Feedback' and then 'New',"പരിശീലന ഫീഡ്ബാക്ക്, തുടർന്ന് &#39;പുതിയത്&#39; എന്നിവ ക്ലിക്കുചെയ്ത് പരിശീലനത്തിലേക്ക് നിങ്ങളുടെ ഫീഡ്ബാക്ക് പങ്കിടുക.",
Please update your status for this training event,ഈ പരിശീലന ഇവന്റിനായി നിങ്ങളുടെ സ്റ്റാറ്റസ് അപ്ഡേറ്റുചെയ്യുക,
Present,ഇപ്പോഴത്തെ,
Preview Salary Slip,പ്രിവ്യൂ ശമ്പളം ജി,
Privilege Leave,പ്രിവിലേജ് അവധി,
Probation,പരീക്ഷണകാലഘട്ടം,
Probationary Period,പരിശീലന കാലഖട്ടം,
Property,പ്രോപ്പർട്ടി,
Property already added,പ്രോപ്പർട്ടി ഇതിനകം ചേർത്തു,
Replies,മറുപടികൾ,
Responsibilities,ഉത്തരവാദിത്വങ്ങൾ,
Role,റോൾ,
Row {0}# Allocated amount {1} cannot be greater than unclaimed amount {2},വരി {0} # അനുവദിച്ച തുക {1 la ക്ലെയിം ചെയ്യാത്ത തുകയേക്കാൾ കൂടുതലാകരുത് {2},
Row {0}# Paid Amount cannot be greater than requested advance amount,വരി {0} # പണമടച്ച തുക അഭ്യർത്ഥിച്ച മുൻകൂർ തുകയേക്കാൾ കൂടുതലാകരുത്,
Salary Slip ID,ശമ്പള ജി ഐഡി,
Salary Slip of employee {0} already created for this period,ഉദ്യോഗസ്ഥ ജാമ്യം ജി {0} ഇതിനകം ഈ കാലയളവിൽ സൃഷ്ടിച്ച,
Salary Slip of employee {0} already created for time sheet {1},ഉദ്യോഗസ്ഥ ജാമ്യം ജി {0} ഇതിനകം സമയം ഷീറ്റ് {1} സൃഷ്ടിച്ച,
Salary Structure Assignment for Employee already exists,ജീവനക്കാർക്കുള്ള ശമ്പള ഘടന അസൈൻമെന്റ് ഇതിനകം നിലവിലുണ്ട്,
Salary Structure Missing,ശമ്പള ഘടന കാണാതായ,
Salary Structure not found for employee {0} and date {1},"ജീവനക്കാരൻ {0}, തീയതി {1} എന്നിവയ്ക്കായി ശമ്പള ഘടന കണ്ടെത്തിയില്ല",
Salary Structure should have flexible benefit component(s) to dispense benefit amount,ആനുകൂല്യം ലഭിക്കുന്നതിന് ആനുകൂല്യം ലഭിക്കണമെങ്കിൽ ശമ്പളം നൽകണം,
"Salary already processed for period between {0} and {1}, Leave application period cannot be between this date range.","ശമ്പള ഇതിനകം തമ്മിലുള്ള {0} കാലയളവിൽ പ്രോസസ്സ് {1}, അപ്ലിക്കേഷൻ കാലയളവിൽ വിടുക ഈ തീയതി പരിധിയിൽ തമ്മിലുള്ള പാടില്ല.",
Sanctioned Amount cannot be greater than Claim Amount in Row {0}.,അനുവദിക്കപ്പെട്ട തുക വരി {0} ൽ ക്ലെയിം തുക വലുതായിരിക്കണം കഴിയില്ല.,
Score must be less than or equal to 5,സ്കോർ കുറവോ അല്ലെങ്കിൽ 5 വരെയോ ആയിരിക്കണം,
Select Property,പ്രോപ്പർട്ടി തിരഞ്ഞെടുക്കുക,
Select an employee to get the employee advance.,ജീവനക്കാരുടെ മുൻകൂറായി ലഭിക്കാൻ ഒരു ജീവനക്കാരനെ തിരഞ്ഞെടുക്കുക.,
Service Expense,സേവന ചിലവേറിയ,
Show Employee,ജീവനക്കാരനെ കാണിക്കുക,
Show Salary Slip,ശമ്പള ജി കാണിക്കുക,
Sick Leave,അസുഖ അവധി,
"Skipping Salary Structure Assignment for the following employees, as Salary Structure Assignment records already exists against them. {0}","ഇനിപ്പറയുന്ന ജീവനക്കാർ‌ക്കായി ശമ്പള ഘടന അസൈൻ‌മെന്റ് ഒഴിവാക്കുന്നു, കാരണം ശമ്പള ഘടന അസൈൻ‌മെന്റ് രേഖകൾ‌ അവർക്കെതിരെ ഇതിനകം നിലവിലുണ്ട്. {0}",
Staffing Plan {0} already exist for designation {1},{1 design പദവിക്ക് സ്റ്റാഫിംഗ് പ്ലാൻ {0 already ഇതിനകം നിലവിലുണ്ട്,
"Start and end dates not in a valid Payroll Period, cannot calculate {0}","സാധുതയുള്ള ശീർഷ കാലയളവിൽ ആരംഭിക്കുന്നതും അവസാനിക്കുന്നതുമായ തീയതികൾ, {0}",
"Start and end dates not in a valid Payroll Period, cannot calculate {0}.","സാധുതയുള്ള ശീർഷ കാലയളവിൽ ആരംഭിക്കുന്നതും അവസാനിക്കുന്നതുമായ തീയതികൾ, {0} കണക്കാക്കാൻ കഴിയില്ല.",
Stock Options,സ്റ്റോക്ക് ഓപ്ഷനുകൾ,
Structures have been assigned successfully,ഘടനകൾ വിജയകരമായി നിയുക്തമാക്കി,
Submit Proof,തെളിവ് സമർപ്പിക്കുക,
Submit Salary Slip,ശമ്പളം ജി സമർപ്പിക്കുക,
Submit this to create the Employee record,എംപ്ലോയർ റെക്കോർഡ് സൃഷ്ടിക്കാൻ ഇത് സമർപ്പിക്കുക,
Submitting Salary Slips...,ശമ്പള സ്ലിപ്പുകൾ സമർപ്പിക്കുന്നു ...,
Team Updates,ടീം അപ്ഡേറ്റുകൾ,
Thank you,നന്ദി,
The day(s) on which you are applying for leave are holidays. You need not apply for leave.,നിങ്ങൾ അനുവാദം അപേക്ഷിക്കുന്ന ചെയ്തിട്ടുള്ള ദിവസം (ങ്ങൾ) വിശേഷദിവസങ്ങൾ ആകുന്നു. നിങ്ങൾ അനുവാദം അപേക്ഷ നല്കേണ്ടതില്ല.,
There are more holidays than working days this month.,ഈ മാസം പ്രവർത്തി ദിവസങ്ങളിൽ അധികം വിശേഷദിവസങ്ങൾ ഉണ്ട്.,
There is no leave period in between {0} and {1},"{0}, {1} എന്നിവയ്ക്കിടയിലുള്ള അവധി കാലാവധി ഇല്ല",
This is based on the attendance of this Employee,ഈ ജോലിയില് ഹാജർ അടിസ്ഥാനമാക്കിയുള്ളതാണ്,
This will submit Salary Slips and create accrual Journal Entry. Do you want to proceed?,ഇത് ശമ്പള സ്ലിപ്പുകളും സമർപ്പിക്കണം. നിങ്ങൾക്ക് തുടരാൻ താൽപ്പര്യമുണ്ടോ?,
To date can not be equal or less than from date,തീയതി മുതൽ തീയതി വരെ കുറവോ അല്ലെങ്കിൽ കുറവായി കഴിയില്ല,
To date can not be less than from date,തീയതി മുതൽ തീയതി കുറവാണ് കഴിയില്ല,
To date can not greater than employee's relieving date,തൊഴിലുടമയുടെ റിലീസിംഗ് തീയതിയെക്കാൾ ഇന്നുവരേക്കാൾ വലുതാണ്,
Total Absent,ആകെ േചാദി,
Total Deduction,ആകെ കിഴിച്ചുകൊണ്ടു,
Total Leaves,ആകെ ഇലകൾ,
Total Present,ആകെ നിലവിലുള്ളജാലകങ്ങള്,
Total advance amount cannot be greater than total sanctioned amount,മൊത്തം മുൻകൂർ തുകയിൽ കൂടുതൽ മുൻകൂർ തുകയായിരിക്കില്ല,
Total flexible benefit component amount {0} should not be less than max benefits {1},ഇഷ്ടാനുസൃത ആനുകൂല്യ ഘടക തുക {0} പരമാവധി പ്രയോജനങ്ങളെക്കാൾ കുറവായിരിക്കരുത് {1},
Total leaves allocated is mandatory for Leave Type {0},അനുവദിച്ച മൊത്തം ഇലകൾ നിർബന്ധമായും ഒഴിവാക്കേണ്ടതാണ് {0},
Total working hours should not be greater than max working hours {0},ആകെ തൊഴിൽ സമയം ജോലി സമയം {0} MAX ശ്രേഷ്ഠ പാടില്ല,
Training,പരിശീലനം,
Training Event,പരിശീലന ഇവന്റ്,
Training Events,പരിശീലന പരിപാടികൾ,
Training Feedback,പരിശീലന പ്രതികരണം,
Training Result,പരിശീലന ഫലം,
Travel,യാത്ര,
Update Response,പ്രതികരണം അപ്ഡേറ്റുചെയ്യുക,
Value missing,മൂല്യം നഷ്ടമായി,
Variable,വേരിയബിൾ,
Walk In,നടപ്പാൻ,
Warning: Leave application contains following block dates,മുന്നറിയിപ്പ്: വിടുക അപേക്ഷ താഴെ ബ്ലോക്ക് തീയതി അടങ്ങിയിരിക്കുന്നു,
Website Listing,വെബ്സൈറ്റ് ലിസ്റ്റിംഗ്,
Work Summary for {0},{0} എന്നതിനുള്ള ഔദ്യോഗിക സംഗ്രഹം,
You are not authorized to approve leaves on Block Dates,നിങ്ങൾ തടയുക തീയതികളിൽ ഇല അംഗീകരിക്കാൻ അംഗീകാരമില്ല,
You are not present all day(s) between compensatory leave request days,നഷ്ടപരിഹാരം നൽകാനുള്ള അഭ്യർത്ഥന ദിവസങ്ങൾക്കുള്ളിൽ നിങ്ങൾ ദിവസം മുഴുവനും നിലവിലില്ല,
You can only submit Leave Encashment for a valid encashment amount,സാധുതയുള്ള എൻഹാൻസ്മെന്റ് തുകയ്ക്കായി നിങ്ങൾക്ക് ലീഡ് എൻക്യാഷ്മെന്റ് സമർപ്പിക്കാൻ മാത്രമേ കഴിയൂ,
{0} already allocated for Employee {1} for period {2} to {3},{0} ഇതിനകം കാലാവധിയിൽ എംപ്ലോയിസ് {1} അനുവദിച്ചിട്ടുണ്ട് {2} {3} വരെ,
{0} applicable after {1} working days,{1} പ്രവൃത്തി ദിവസത്തിന് ശേഷം {0} ബാധകമാണ്,
{0} is not in Optional Holiday List,{0 Op ഓപ്ഷണൽ ഹോളിഡേ ലിസ്റ്റിൽ ഇല്ല,
{0} is not in a valid Payroll Period,{0} സാധുതയുള്ള പേരോൾ കാലയളവിൽ അല്ല,
{0} must be submitted,{0} സമർപ്പിക്കേണ്ടതാണ്,
"{0}: Employee email not found, hence email not sent","{0}: ജീവനക്കാരുടെ ഇമെയിൽ കണ്ടെത്തിയില്ല, ഇവിടെനിന്നു മെയിൽ അയച്ചിട്ടില്ല",
{0}: From {0} of type {1},{0}: {1} തരത്തിലുള്ള {0} നിന്ന്,
Conditions,വ്യവസ്ഥകൾ,
Percent,ശതമാനം,
Error in some rows,ചില വരികളിൽ പിശക്,
Benefit,പ്രയോജനം,
Shift,ഷിഫ്റ്റ്,
Importing {0} of {1},{1 of ന്റെ {0 Import ഇറക്കുമതി ചെയ്യുന്നു,
'employee_field_value' and 'timestamp' are required.,"&#39;ജീവനക്കാരൻ_ഫീൽഡ്_മൂല്യം&#39;, &#39;ടൈംസ്റ്റാമ്പ്&#39; എന്നിവ ആവശ്യമാണ്.",
Allocation Expired!,വിഹിതം കാലഹരണപ്പെട്ടു!,
Attendance Marked,ഹാജർ അടയാളപ്പെടുത്തി,
Attendance has been marked as per employee check-ins,ജീവനക്കാരുടെ ചെക്ക്-ഇന്നുകൾ പ്രകാരം ഹാജർ അടയാളപ്പെടുത്തി,
Date Range,തീയതി ശ്രേണി,
Event Link,ഇവന്റ് ലിങ്ക്,
Expire Allocation,വിഹിതം കാലഹരണപ്പെടുക,
Fuel Expense,ഇന്ധനച്ചെലവ്,
Intermediate,ഇന്റർമീഡിയറ്റ്,
Leave application is linked with leave allocations {0}. Leave application cannot be set as leave without pay,ലീവ് ആപ്ലിക്കേഷൻ അവധി അലോക്കേഷനുമായി ബന്ധിപ്പിച്ചിരിക്കുന്നു {0}. അവധി അപേക്ഷ ശമ്പളമില്ലാതെ അവധി ആയി സജ്ജമാക്കാൻ കഴിയില്ല,
Log Type is required for check-ins falling in the shift: {0}.,ഷിഫ്റ്റിൽ വീഴുന്ന ചെക്ക്-ഇന്നുകൾക്ക് ലോഗ് തരം ആവശ്യമാണ്: {0}.,
No Employee found for the given employee field value. '{}': {},തന്നിരിക്കുന്ന ജീവനക്കാരുടെ ഫീൽഡ് മൂല്യത്തിനായി ഒരു ജീവനക്കാരനെയും കണ്ടെത്തിയില്ല. &#39;{}&#39;: {},
No Leaves Allocated to Employee: {0} for Leave Type: {1},ജീവനക്കാർക്ക് അനുവദിച്ച ഇലകളൊന്നുമില്ല: അവധി തരത്തിന് {0 Leave: {1},
Only expired allocation can be cancelled,കാലഹരണപ്പെട്ട അലോക്കേഷൻ മാത്രമേ റദ്ദാക്കാൻ കഴിയൂ,
Only users with the {0} role can create backdated leave applications,{0} റോൾ ഉള്ള ഉപയോക്താക്കൾക്ക് മാത്രമേ ബാക്ക്ഡേറ്റഡ് ലീവ് ആപ്ലിക്കേഷനുകൾ സൃഷ്ടിക്കാൻ കഴിയൂ,
Password policy cannot contain spaces or simultaneous hyphens. The format will be restructured automatically,പാസ്‌വേഡ് നയത്തിൽ സ്‌പെയ്‌സുകളോ ഒരേസമയം ഹൈഫനുകളോ അടങ്ങിയിരിക്കരുത്. ഫോർമാറ്റ് യാന്ത്രികമായി പുന ruct സംഘടിപ്പിക്കും,
Please enter the designation,പദവി നൽകുക,
There are no vacancies under staffing plan {0},സ്റ്റാഫിംഗ് പ്ലാൻ {0 under പ്രകാരം ഒഴിവുകളൊന്നുമില്ല,
This employee already has a log with the same timestamp.{0},ഈ ജീവനക്കാരന് ഇതിനകം സമാന ടൈംസ്റ്റാമ്പുള്ള ഒരു ലോഗ് ഉണ്ട്. {0},
Timing,സമയത്തിന്റെ,
To date needs to be before from date,തീയതി വരെ തീയതിക്ക് മുമ്പുള്ളതായിരിക്കണം,
Total Early Exits,ആകെ ആദ്യകാല എക്സിറ്റുകൾ,
Total Late Entries,ആകെ വൈകി എൻ‌ട്രികൾ,
Training Event:,പരിശീലന ഇവന്റ്:,
Unable to find Salary Component {0},ശമ്പള ഘടകം കണ്ടെത്താനായില്ല {0},
Unmarked Attendance for days,ദിവസത്തേക്ക് അടയാളപ്പെടുത്താത്ത ഹാജർ,
Vacancies cannot be lower than the current openings,ഒഴിവുകൾ നിലവിലെ ഓപ്പണിംഗിനേക്കാൾ കുറവായിരിക്കരുത്,
{} is an invalid Attendance Status.,{} അസാധുവായ ഹാജർ നിലയാണ്.,
Printed On,പ്രിന്റ്,
No employee found,ജീവനക്കാരൻ കണ്ടെത്തിയില്ല,
Please setup Employee Naming System in Human Resource > HR Settings,ഹ്യൂമൻ റിസോഴ്സ്&gt; എച്ച്ആർ ക്രമീകരണങ്ങളിൽ ജീവനക്കാരുടെ പേരിടൽ സംവിധാനം സജ്ജമാക്കുക,
Please setup numbering series for Attendance via Setup > Numbering Series,സജ്ജീകരണം&gt; നമ്പറിംഗ് സീരീസ് വഴി അറ്റൻഡൻസിനായി നമ്പറിംഗ് സീരീസ് സജ്ജമാക്കുക,
Current Odometer Value should be greater than Last Odometer Value {0},നിലവിലെ ഓഡോമീറ്റർ മൂല്യം അവസാന ഓഡോമീറ്റർ മൂല്യത്തേക്കാൾ കൂടുതലായിരിക്കണം {0},
No additional expenses has been added,അധിക ചെലവുകളൊന്നും ചേർത്തിട്ടില്ല,
{0} already exists for employee {1} and period {2},ജീവനക്കാരൻ {1} നും period 2 period കാലയളവിനും {0} ഇതിനകം നിലവിലുണ്ട്,
Leaves Allocated,അനുവദിച്ച ഇലകൾ,
Leave Without Pay does not match with approved {} records,പണമടയ്ക്കാതെ വിടുക അംഗീകൃത {. റെക്കോർഡുകളുമായി പൊരുത്തപ്പെടുന്നില്ല,
Income Tax Slab not set in Salary Structure Assignment: {0},ആദായനികുതി സ്ലാബ് ശമ്പള ഘടന അസൈൻമെന്റിൽ സജ്ജമാക്കിയിട്ടില്ല: {0},
Income Tax Slab: {0} is disabled,ആദായനികുതി സ്ലാബ്: {0} പ്രവർത്തനരഹിതമാക്കി,
Income Tax Slab must be effective on or before Payroll Period Start Date: {0},ആദായനികുതി സ്ലാബ് ശമ്പള കാലയളവ് ആരംഭ തീയതിയിലോ അതിന് മുമ്പോ പ്രാബല്യത്തിൽ ഉണ്ടായിരിക്കണം: {0},
No leave record found for employee {0} on {1},Employee {1 employee ജീവനക്കാരന് නිවාඩු റെക്കോർഡുകളൊന്നും കണ്ടെത്തിയില്ല,
Row {0}: {1} is required in the expenses table to book an expense claim.,ചെലവ് ക്ലെയിം ബുക്ക് ചെയ്യുന്നതിന് ചെലവ് പട്ടികയിൽ {0}: {1 row ആവശ്യമാണ്.,
Set the default account for the {0} {1},Default 0} {1 for എന്നതിനായി സ്ഥിരസ്ഥിതി അക്കൗണ്ട് സജ്ജമാക്കുക,
(Half Day),(അര ദിവസം),
Income Tax Slab,ആദായനികുതി സ്ലാബ്,
Row #{0}: Cannot set amount or formula for Salary Component {1} with Variable Based On Taxable Salary,വരി # {0}: നികുതി അടയ്‌ക്കേണ്ട ശമ്പളത്തെ അടിസ്ഥാനമാക്കി വേരിയബിൾ ഉപയോഗിച്ച് ശമ്പള ഘടകമായ {1 for നായി തുകയോ ഫോർമുലയോ സജ്ജമാക്കാൻ കഴിയില്ല.,
Repay From Salary can be selected only for term loans,ടേം ലോണുകൾക്ക് മാത്രമേ ശമ്പളത്തിൽ നിന്ന് തിരിച്ചടവ് തിരഞ്ഞെടുക്കാനാകൂ,
Salary Component Account,ശമ്പള ഘടകങ്ങളുടെ അക്കൗണ്ട്,
Default Bank / Cash account will be automatically updated in Salary Journal Entry when this mode is selected.,ഈ മോഡ് തെരഞ്ഞെടുക്കുമ്പോഴും സ്വതേ ബാങ്ക് / ക്യാഷ് അംഗത്വം സ്വയം ശമ്പള ജേണൽ എൻട്രി ലെ അപ്ഡേറ്റ് ചെയ്യും.,
Result,ഫലമായി,
Total Score,ആകെ സ്കോർ,
Joining Date,തീയതി ചേരുന്നു,
Publish on website,വെബ്സൈറ്റിൽ പ്രസിദ്ധീകരിക്കുക,
Application Status,അപ്ലിക്കേഷൻ നില,
IN,IN,
Remind Before,മുമ്പ് ഓർമ്മിപ്പിക്കുക,
Reminded,ഓർമ്മപ്പെടുത്തി,
Additional Salary,കൂടുതൽ ശമ്പളം,
HR-ADS-.YY.-.MM.-,HR-ADS- .YY .- എം.എം.-,
Salary Component,ശമ്പള ഘടക,
Overwrite Salary Structure Amount,ശമ്പള ഘടനയുടെ തുക തിരുത്തിയെഴുതുക,
Deduct Full Tax on Selected Payroll Date,തിരഞ്ഞെടുത്ത ശമ്പള തീയതിയിൽ മുഴുവൻ നികുതിയും കുറയ്ക്കുക,
Payroll Date,ശമ്പള തീയതി,
Salary Component Type,ശമ്പളം ഘടക തരം,
Appointment Letter,നിയമന പത്രിക,
Appointment Date,നിയമന തീയതി,
Appointment Letter Template,അപ്പോയിന്റ്മെന്റ് ലെറ്റർ ടെംപ്ലേറ്റ്,
Closing Notes,അടയ്ക്കൽ കുറിപ്പുകൾ,
Appointment Letter content,അപ്പോയിന്റ്മെന്റ് ലെറ്റർ ഉള്ളടക്കം,
Appraisal,വിലനിശ്ചയിക്കല്,
HR-APR-.YY.-.MM.,HR-APR-.YY.-.MM.,
For Employee Name,ജീവനക്കാരുടെ പേര് എന്ന,
Goals,ലക്ഷ്യങ്ങൾ,
Total Score (Out of 5),(5) ആകെ സ്കോർ,
"Any other remarks, noteworthy effort that should go in the records.","മറ്റേതെങ്കിലും പരാമർശമാണ്, റെക്കോർഡുകൾ ചെല്ലേണ്ടതിന്നു ശ്രദ്ധേയമാണ് ശ്രമം.",
Appraisal Goal,മൂല്യനിർണയം ഗോൾ,
Key Responsibility Area,കീ ഉത്തരവാദിത്വം ഏരിയ,
Weightage (%),വെയിറ്റേജ് (%),
Score (0-5),സ്കോർ (0-5),
Score Earned,സ്കോർ നേടി,
Appraisal Template Title,അപ്രൈസൽ ഫലകം ശീർഷകം,
Appraisal Template Goal,അപ്രൈസൽ ഫലകം ഗോൾ,
KRA,ക്ര,
Key Performance Area,കീ പ്രകടനം ഏരിയ,
HR-ATT-.YYYY.-,HR-ATT- .YYYY.-,
On Leave,അവധിയിലാണ്,
Work From Home,വീട്ടില് നിന്ന് പ്രവര്ത്തിക്കുക,
Leave Application,ആപ്ലിക്കേഷൻ വിടുക,
Attendance Date,ഹാജർ തീയതി,
Attendance Request,ഹാജർ അഭ്യർത്ഥന,
Late Entry,വൈകി പ്രവേശനം,
Early Exit,നേരത്തെയുള്ള എക്സിറ്റ്,
Half Day Date,അര ദിവസം തീയതി,
On Duty,ഡ്യൂട്ടിയിൽ,
Explanation,വിശദീകരണം,
Compensatory Leave Request,നഷ്ടപരിഹാര അവധി അപേക്ഷ,
Leave Allocation,വിഹിതം വിടുക,
Worked On Holiday,അവധി ദിനാചരണം,
Work From Date,തീയതി മുതൽ ജോലി,
Work End Date,ജോലി അവസാനിക്കുന്ന തീയതി,
Email Sent To,ഇമെയിൽ അയച്ചു,
Select Users,ഉപയോക്താക്കളെ തിരഞ്ഞെടുക്കുക,
Send Emails At,ഇമെയിലുകൾ അയയ്ക്കുക,
Reminder,ഓർമ്മപ്പെടുത്തൽ,
Daily Work Summary Group User,ദൈനംദിന തൊഴിലാളി സംഗ്രഹ ഗ്രൂപ്പ് ഉപയോക്താവ്,
email,ഇമെയിൽ,
Department Approver,ഡിപ്പാർട്ട്മെന്റ്അപ്രോവർ,
Approver,Approver,
Designation Skill,പദവി നൈപുണ്യം,
Skill,നൈപുണ്യം,
Leave Policy,നയം ഉപേക്ഷിക്കുക,
Salary Details,ശമ്പള വിശദാംശങ്ങൾ,
HR-EAD-.YYYY.-,HR-EAD-. YYYY.-,
Claimed,ക്ലെയിം ചെയ്തു,
Employee Attendance Tool,ജീവനക്കാരുടെ ഹാജർ ടൂൾ,
Unmarked Attendance,അടയാളപ്പെടുത്താത്ത ഹാജർ,
Employees HTML,എംപ്ലോയീസ് എച്ച്ടിഎംഎൽ,
Marked Attendance,അടയാളപ്പെടുത്തിയിരിക്കുന്ന ഹാജർ,
Marked Attendance HTML,അടയാളപ്പെടുത്തിയിരിക്കുന്ന ഹാജർ എച്ച്ടിഎംഎൽ,
Employee Benefit Application,തൊഴിലുടമ ബെനിഫിറ്റ് അപേക്ഷ,
Max Benefits (Yearly),പരമാവധി ആനുകൂല്യങ്ങൾ (വാർഷികം),
Remaining Benefits (Yearly),ശേഷിക്കുന്ന ആനുകൂല്യങ്ങൾ (വാർഷികം),
Payroll Period,പേളിന്റെ കാലാവധി,
Dispensed Amount (Pro-rated),ഡിസ്പെന്ഡ് തുക (പ്രോ-റേറ്റുചെയ്തത്),
Employee Benefit Application Detail,തൊഴിലുടമ ആനുകൂല്യങ്ങൾ അപേക്ഷാ വിശദാംശം,
Earning Component,ഘടകം സമ്പാദിക്കുന്നു,
Pay Against Benefit Claim,ബെനിഫിറ്റ് ക്ലെയിം എതിരെ പണമടയ്ക്കുക,
Max Benefit Amount,പരമാവധി ബെനിഫിറ്റ് തുക,
Employee Benefit Claim,തൊഴിലുടമ ബെനിഫിറ്റ് ക്ലെയിം,
Claim Date,ക്ലെയിം തീയതി,
Claim Benefit For,ക്ലെയിം ബെനിഫിറ്റ് ഫോർ ഫോർ,
Max Amount Eligible,അനുവദനീയമായ പരമാവധി തുക,
Expense Proof,ചെലവ് തെളിയിക്കുക,
Employee Boarding Activity,ജീവനക്കാരുടെ ബോർഡിംഗ് പ്രവർത്തനങ്ങൾ,
Activity Name,പ്രവർത്തന നാമം,
Required for Employee Creation,എംപ്ലോയി ക്രിയേഷൻ ആവശ്യമുണ്ട്,
Applicable in the case of Employee Onboarding,തൊഴിലുടമ ഓൺബോർഡിൻറെ കാര്യത്തിൽ ബാധകമായത്,
Employee Checkin,ജീവനക്കാരുടെ ചെക്ക്ഇൻ,
Log Type,ലോഗ് തരം,
OUT,പുറത്ത്,
Location / Device ID,സ്ഥാനം / ഉപകരണ ഐഡി,
Skip Auto Attendance,യാന്ത്രിക ഹാജർ ഒഴിവാക്കുക,
Shift Start,ആരംഭം മാറ്റുക,
Shift End,ഷിഫ്റ്റ് അവസാനം,
Shift Actual Start,യഥാർത്ഥ ആരംഭം മാറ്റുക,
Shift Actual End,യഥാർത്ഥ അവസാനം ഷിഫ്റ്റ് ചെയ്യുക,
Default Salary Structure,സ്ഥിര സാലറി ഘടന,
Employee Health Insurance,എംപ്ലോയീസ് ഇൻഷുറൻസ്,
Health Insurance Name,ആരോഗ്യ ഇൻഷ്വറൻസ് നാമം,
Employee Incentive,ജീവനക്കാരുടെ ഇൻസെന്റീവ്,
Incentive Amount,ഇൻസെന്റീവ് തുക,
Employee Onboarding,ജീവനക്കാരന് ഓണ്ബോര്ഡിംഗ്,
Notify users by email,ഇമെയിൽ വഴി ഉപയോക്താക്കളെ അറിയിക്കുക,
Employee Onboarding Template,ജീവനക്കാരന്റെ ചുമതല ടെംപ്ലേറ്റ്,
Employee Other Income,ജീവനക്കാരൻ മറ്റ് വരുമാനം,
Employee Promotion,തൊഴിലുടമ പ്രമോഷൻ,
Promotion Date,പ്രമോഷൻ തീയതി,
Employee Promotion Details,തൊഴിലുടമ പ്രമോഷൻ വിശദാംശങ്ങൾ,
Employee Property History,എംപ്ലോയീസ് പ്രോപ്പർട്ടി ചരിത്രം,
Employee Separation,തൊഴിലുടമ വേർപിരിയൽ,
Employee Separation Template,തൊഴിലുടമ വേർപിരിയുന്ന ടെംപ്ലേറ്റ്,
Exit Interview Summary,ഇന്റർവ്യൂ സംഗ്രഹം സംഗ്രഹിക്കുക,
Employee Skill,ജീവനക്കാരുടെ കഴിവ്,
Proficiency,പ്രാവീണ്യം,
Evaluation Date,മൂല്യനിർണ്ണയ തീയതി,
Employee Skill Map,ജീവനക്കാരുടെ നൈപുണ്യ മാപ്പ്,
Employee Skills,ജീവനക്കാരുടെ കഴിവുകൾ,
Trainings,പരിശീലനങ്ങൾ,
Employee Tax Exemption Category,എംപ്ലോയീസ് ടാക്സ് എക്സംപ്ഷൻ വിഭാഗം,
Max Exemption Amount,പരമാവധി ഒഴിവാക്കൽ തുക,
Employee Tax Exemption Declaration,എംപ്ലോയീസ് ടാക്സ് എക്സംപ്ഷൻ ഡിക്ലറേഷൻ,
Declarations,ഡിക്ലറേഷൻ,
Total Declared Amount,ആകെ പ്രഖ്യാപിച്ച തുക,
Total Exemption Amount,മൊത്തം ഒഴിവാക്കൽ തുക,
Employee Tax Exemption Declaration Category,എംപ്ലോയീസ് ടാക്സ് എക്സംപ്ഷൻ ഡിക്ലറേഷൻ വിഭാഗം,
Exemption Sub Category,സബ്ബ്സ്ക്രിപ്ഷൻ സബ് വിഭാഗം,
Exemption Category,ഒഴിവാക്കൽ വിഭാഗം,
Maximum Exempted Amount,പരമാവധി ഒഴിവാക്കിയ തുക,
Declared Amount,പ്രഖ്യാപിച്ച തുക,
Employee Tax Exemption Proof Submission,എംപ്ലോയീസ് ടാക്സ് എക്സംപ്ഷൻ പ്രൂഫ് സമർപ്പണം,
Submission Date,സമർപ്പിക്കൽ തീയതി,
Tax Exemption Proofs,ടാക്സ് എക്സംപ്ഷൻ പ്രൂഫ്സ്,
Total Actual Amount,ആകെ യഥാർത്ഥ തുക,
Employee Tax Exemption Proof Submission Detail,എംപ്ലോയീസ് ടാക്സ് എക്സംപ്ഷൻ പ്രൂഫ് സമർപ്പണ വിശദാംശം,
Maximum Exemption Amount,പരമാവധി ഇളവ് തുക,
Type of Proof,തെളിവുകളുടെ തരം,
Actual Amount,യഥാർത്ഥ തുക,
Employee Tax Exemption Sub Category,സബ്സെക്ഷൻ ടാക്സ് എക്സംപ്ഷൻ സബ് വിഭാഗം,
Tax Exemption Category,നികുതി ഒഴിവാക്കൽ വിഭാഗം,
Employee Training,ജീവനക്കാരുടെ പരിശീലനം,
Training Date,പരിശീലന തീയതി,
Employee Transfer,എംപ്ലോയീസ് ട്രാൻസ്ഫർ,
Transfer Date,തീയതി കൈമാറുക,
Employee Transfer Details,എംപ്ലോയീസ് ട്രാൻസ്ഫർ വിശദാംശങ്ങൾ,
Employee Transfer Detail,തൊഴിലുടമ ട്രാൻസ്ഫർ വിശദാംശം,
Re-allocate Leaves,ഇലകൾ പുനർ അനുവദിക്കുക,
Create New Employee Id,പുതിയ ജീവനക്കാരുടെ ഐഡി സൃഷ്ടിക്കുക,
New Employee ID,പുതിയ ജീവനക്കാരുടെ ഐഡി,
HR-EXP-.YYYY.-,HR-EXP-.YYYY.-,
Expense Taxes and Charges,ചെലവ് നികുതികളും നിരക്കുകളും,
Total Sanctioned Amount,ആകെ അനുവദിക്കപ്പെട്ട തുക,
Total Advance Amount,ആകെ അഡ്വാൻസ് തുക,
Total Claimed Amount,ആകെ ക്ലെയിം ചെയ്ത തുക,
Total Amount Reimbursed,ആകെ തുക Reimbursed,
Vehicle Log,വാഹന ലോഗ്,
Employees Email Id,എംപ്ലോയീസ് ഇമെയിൽ ഐഡി,
More Details,കൂടുതൽ വിശദാംശങ്ങൾ,
Expense Claim Account,ചിലവേറിയ ക്ലെയിം അക്കൗണ്ട്,
Expense Claim Advance,ചെലവ് ക്ലെയിം അഡ്വാൻസ്,
Expense Claim Detail,ചിലവേറിയ ക്ലെയിം വിശദാംശം,
Expense Date,ചിലവേറിയ തീയതി,
Expense Claim Type,ചിലവേറിയ ക്ലെയിം തരം,
HR Settings,എച്ച് ക്രമീകരണങ്ങൾ,
Employee Settings,ജീവനക്കാരുടെ ക്രമീകരണങ്ങൾ,
Expense Approver Mandatory In Expense Claim,ചെലവ് ക്ലെയിമിലെ ചെലവ് സമീപനം നിർബന്ധിതം,
Payroll Settings,ശമ്പളപ്പട്ടിക ക്രമീകരണങ്ങൾ,
Leave,വിട്ടേക്കുക,
Max working hours against Timesheet,Timesheet നേരെ മാക്സ് ജോലി സമയം,
Include holidays in Total no. of Working Days,ഇല്ല ആകെ ലെ അവധി ദിവസങ്ങൾ ഉൾപ്പെടുത്തുക. ജോലി നാളുകളിൽ,
"If checked, Total no. of Working Days will include holidays, and this will reduce the value of Salary Per Day","ചെക്കുചെയ്തിട്ടുണ്ടെങ്കിൽ ആകെ എങ്കിൽ. ത്തി ദിവസം വരയന് ഉൾപ്പെടുത്തും, ഈ സാലറി ദിവസം മൂല്യം കുറയ്ക്കും",
"If checked, hides and disables Rounded Total field in Salary Slips","പരിശോധിക്കുകയാണെങ്കിൽ, ശമ്പള സ്ലിപ്പുകളിലെ വൃത്താകൃതിയിലുള്ള മൊത്തം ഫീൽഡ് മറയ്ക്കുകയും അപ്രാപ്തമാക്കുകയും ചെയ്യുന്നു",
The fraction of daily wages to be paid for half-day attendance,ദൈനംദിന വേതനത്തിന്റെ അംശം പകുതി ദിവസത്തെ ഹാജർക്കായി നൽകണം,
Email Salary Slip to Employee,രേഖയെ ഇമെയിൽ ശമ്പളം ജി,
Emails salary slip to employee based on preferred email selected in Employee,തിരഞ്ഞെടുത്ത ഇമെയിൽ ജീവനക്കാർ തിരഞ്ഞെടുത്ത അടിസ്ഥാനമാക്കി ജീവനക്കാരൻ ഇമെയിലുകൾ ശമ്പളം സ്ലിപ്പ്,
Encrypt Salary Slips in Emails,ഇമെയിലുകളിൽ ശമ്പള സ്ലിപ്പുകൾ എൻക്രിപ്റ്റ് ചെയ്യുക,
"The salary slip emailed to the employee will be password protected, the password will be generated based on the password policy.","ജീവനക്കാരന് ഇമെയിൽ ചെയ്യുന്ന ശമ്പള സ്ലിപ്പ് പാസ്‌വേഡ് പരിരക്ഷിക്കും, പാസ്‌വേഡ് നയത്തെ അടിസ്ഥാനമാക്കി പാസ്‌വേഡ് ജനറേറ്റുചെയ്യും.",
Password Policy,പാസ്‌വേഡ് നയം,
<b>Example:</b> SAL-{first_name}-{date_of_birth.year} <br>This will generate a password like SAL-Jane-1972,<b>ഉദാഹരണം:</b> SAL- {ആദ്യ_നാമം} - {date_of_birth.year} <br> ഇത് SAL-Jan-1972 പോലുള്ള പാസ്‌വേഡ് സൃഷ്ടിക്കും,
Leave Approval Notification Template,അംഗീകാര അറിയിപ്പ് ടെംപ്ലേറ്റ് ഒഴിവാക്കുക,
Leave Status Notification Template,സ്റ്റാറ്റസ് അറിയിപ്പ് ടെംപ്ലേറ്റ് ഒഴിവാക്കുക,
Role Allowed to Create Backdated Leave Application,ബാക്ക്ഡേറ്റഡ് ലീവ് ആപ്ലിക്കേഷൻ സൃഷ്ടിക്കാൻ അനുവദിച്ച പങ്ക്,
Leave Approver Mandatory In Leave Application,ലീവ് അപേക്ഷയിൽ അനുവയർ നിർബന്ധമാണ്,
Show Leaves Of All Department Members In Calendar,എല്ലാ ഡിപ്പാർട്ട്മെന്റ് അംഗങ്ങളുടെയും ഇലകൾ കലണ്ടറിൽ കാണിക്കുക,
Auto Leave Encashment,യാന്ത്രിക അവധി എൻ‌കാഷ്‌മെന്റ്,
Hiring Settings,ക്രമീകരണങ്ങൾ നിയമിക്കുന്നു,
Check Vacancies On Job Offer Creation,ജോലി ഓഫർ സൃഷ്ടിക്കുന്നതിലെ ഒഴിവുകൾ പരിശോധിക്കുക,
Identification Document Type,തിരിച്ചറിയൽ പ്രമാണം തരം,
Effective from,മുതൽ പ്രാബല്യത്തിൽ,
Allow Tax Exemption,നികുതി ഇളവ് അനുവദിക്കുക,
"If enabled, Tax Exemption Declaration will be considered for income tax calculation.","പ്രവർത്തനക്ഷമമാക്കിയിട്ടുണ്ടെങ്കിൽ, ആദായനികുതി കണക്കുകൂട്ടലിനായി നികുതി ഇളവ് പ്രഖ്യാപനം പരിഗണിക്കും.",
Standard Tax Exemption Amount,സ്റ്റാൻഡേർഡ് ടാക്സ് എക്സംപ്ഷൻ തുക,
Taxable Salary Slabs,നികുതി അടയ്ക്കാവുന്ന ശമ്പള സ്ലാബുകൾ,
Taxes and Charges on Income Tax,ആദായനികുതിയും നികുതിയും,
Other Taxes and Charges,മറ്റ് നികുതികളും നിരക്കുകളും,
Income Tax Slab Other Charges,ആദായനികുതി സ്ലാബ് മറ്റ് നിരക്കുകൾ,
Min Taxable Income,കുറഞ്ഞ നികുതി വരുമാനം,
Max Taxable Income,പരമാവധി നികുതി നൽകേണ്ട വരുമാനം,
Applicant for a Job,ഒരു ജോലിക്കായി അപേക്ഷകന്,
Job Opening,ഇയ്യോബ് തുറക്കുന്നു,
Cover Letter,കവർ ലെറ്റർ,
Resume Attachment,പുനരാരംഭിക്കുക അറ്റാച്ച്മെന്റ്,
Job Applicant Source,ജോബ് അപേക്ഷകൻ ഉറവിടം,
Applicant Email Address,അപേക്ഷകന്റെ ഇമെയിൽ വിലാസം,
Awaiting Response,കാത്തിരിക്കുന്നു പ്രതികരണത്തിന്റെ,
Job Offer Terms,ജോബ് ഓഫർ നിബന്ധനകൾ,
Select Terms and Conditions,നിബന്ധനകളും വ്യവസ്ഥകളും തിരഞ്ഞെടുക്കുക,
Job Offer Term,ജോബ് ഓഫർ ടേം,
Offer Term,ആഫര് ടേം,
Value / Description,മൂല്യം / വിവരണം,
Description of a Job Opening,ഒരു ഇയ്യോബ് തുറക്കുന്നു വിവരണം,
Staffing Plan,സ്റ്റാഫ് പ്ലാൻ,
Planned number of Positions,സ്ഥാനങ്ങളുടെ ആസൂത്രണത്തിന്റെ എണ്ണം,
"Job profile, qualifications required etc.","ഇയ്യോബ് പ്രൊഫൈൽ, യോഗ്യത തുടങ്ങിയവ ആവശ്യമാണ്",
HR-LAL-.YYYY.-,HR-LAL- .YYYY.-,
New Leaves Allocated,അലോക്കേറ്റഡ് പുതിയ ഇലകൾ,
Add unused leaves from previous allocations,മുൻ വിഹിതം നിന്ന് ഉപയോഗിക്കാത്ത ഇലകൾ ചേർക്കുക,
Unused leaves,ഉപയോഗിക്കപ്പെടാത്ത ഇല,
Total Leaves Allocated,അനുവദിച്ച മൊത്തം ഇലകൾ,
Total Leaves Encashed,ആകെ ഇലകൾ എൻസ്കാഷ് ചെയ്തു,
Leave Period,കാലയളവ് വിടുക,
Carry Forwarded Leaves,കൈമാറിയ ഇലകൾ വഹിക്കുക,
Apply / Approve Leaves,പ്രയോഗിക്കുക / ഇലകൾ അംഗീകരിക്കുക,
HR-LAP-.YYYY.-,HR-LAP-. YYYY.-,
Leave Balance Before Application,മുമ്പായി ബാലൻസ് വിടുക,
Total Leave Days,ആകെ അനുവാദ ദിനങ്ങൾ,
Leave Approver Name,Approver പേര് വിടുക,
Follow via Email,ഇമെയിൽ വഴി പിന്തുടരുക,
Block Holidays on important days.,പ്രധാനപ്പെട്ട ദിവസങ്ങളിൽ അവധി തടയുക.,
Leave Block List Name,ബ്ലോക്ക് പട്ടിക പേര് വിടുക,
Applies to Company,കമ്പനി പ്രയോഗിക്കുന്നു,
"If not checked, the list will have to be added to each Department where it has to be applied.","ചെക്കുചെയ്യാത്തത്, പട്ടിക അത് ബാധകമായി ഉണ്ട് എവിടെ ഓരോ വകുപ്പ് ചേർക്കും വരും.",
Block Days,ബ്ലോക്ക് ദിനങ്ങൾ,
Stop users from making Leave Applications on following days.,താഴെ ദിവസങ്ങളിൽ അവധി അപേക്ഷിക്കുന്നതിനുള്ള നിന്നും ഉപയോക്താക്കളെ നിർത്തുക.,
Leave Block List Dates,ബ്ലോക്ക് പട്ടിക തീയതി വിടുക,
Allow Users,അനുവദിക്കുക ഉപയോക്താക്കൾ,
Allow the following users to approve Leave Applications for block days.,താഴെ ഉപയോക്താക്കളെ ബ്ലോക്ക് ദിവസം വേണ്ടി ലീവ് ആപ്ലിക്കേഷൻസ് അംഗീകരിക്കാൻ അനുവദിക്കുക.,
Leave Block List Allowed,ബ്ലോക്ക് പട്ടിക അനുവദനീയം വിടുക,
Leave Block List Allow,അനുവദിക്കുക ബ്ലോക്ക് ലിസ്റ്റ് വിടുക,
Allow User,ഉപയോക്താവ് അനുവദിക്കുക,
Leave Block List Date,ബ്ലോക്ക് പട്ടിക തീയതി വിടുക,
Block Date,ബ്ലോക്ക് തീയതി,
Leave Control Panel,നിയന്ത്രണ പാനൽ വിടുക,
Employment Type (optional),തൊഴിൽ തരം (ഓപ്ഷണൽ),
Branch (optional),ബ്രാഞ്ച് (ഓപ്ഷണൽ),
Department (optional),വകുപ്പ് (ഓപ്ഷണൽ),
Designation (optional),പദവി (ഓപ്ഷണൽ),
Employee Grade (optional),ജീവനക്കാരുടെ ഗ്രേഡ് (ഓപ്ഷണൽ),
Employee (optional),ജീവനക്കാരൻ (ഓപ്ഷണൽ),
Allocate Leaves,ഇലകൾ അനുവദിക്കുക,
Carry Forward,മുന്നോട്ട് കൊണ്ടുപോകും,
Please select Carry Forward if you also want to include previous fiscal year's balance leaves to this fiscal year,നിങ്ങൾക്ക് മുൻ സാമ്പത്തിക വർഷത്തെ ബാലൻസ് ഈ സാമ്പത്തിക വർഷം വിട്ടുതരുന്നു ഉൾപ്പെടുത്താൻ ആഗ്രഹിക്കുന്നുവെങ്കിൽ മുന്നോട്ട് തിരഞ്ഞെടുക്കുക,
New Leaves Allocated (In Days),(ദിവസങ്ങളിൽ) അനുവദിച്ചതായും പുതിയ ഇലകൾ,
Leave Balance,ബാലൻസ് വിടുക,
Encashable days,രസകരമായ ദിവസങ്ങൾ,
Encashment Amount,എൻക്യാഷ്മെന്റ് തുക,
Leave Ledger Entry,ലെഡ്ജർ എൻ‌ട്രി വിടുക,
Transaction Name,ഇടപാടിന്റെ പേര്,
Is Carry Forward,മുന്നോട്ട് വിലക്കുണ്ടോ,
Is Expired,കാലഹരണപ്പെട്ടു,
Is Leave Without Pay,ശമ്പള ഇല്ലാതെ തന്നെ തന്നു,
Holiday List for Optional Leave,ഓപ്ഷണൽ അവധിക്കുള്ള അവധി ലിസ്റ്റ്,
Leave Allocations,വിഹിതം വിടുക,
Leave Policy Details,നയ വിശദാംശങ്ങൾ വിടുക,
Leave Policy Detail,നയ വിശദാംശം വിടുക,
Annual Allocation,വാർഷിക അനുവദിക്കൽ,
Leave Type Name,ടൈപ്പ് പേര് വിടുക,
Applicable After (Working Days),(ജോലി ദിവസങ്ങൾ) ശേഷം,
Is Optional Leave,ഓപ്ഷണൽ അവധി,
Allow Negative Balance,നെഗറ്റീവ് ബാലൻസ് അനുവദിക്കുക,
Include holidays within leaves as leaves,ഇല പോലെ ഇല ഉള്ളിൽ അവധി ദിവസങ്ങൾ ഉൾപ്പെടുത്തുക,
Is Compensatory,നഷ്ടപരിഹാരം,
Maximum Carry Forwarded Leaves,ഫോർവേഡ് ചെയ്ത ഇലകൾ പരമാവധി വഹിക്കുക,
Expire Carry Forwarded Leaves (Days),ഫോർ‌വേർ‌ഡ് ഇലകൾ‌ കൊണ്ടുപോകുക (ദിവസങ്ങൾ‌),
Calculated in days,ദിവസങ്ങളിൽ കണക്കാക്കുന്നു,
Encashment,എൻക്യാഷ്മെന്റ്,
Allow Encashment,എൻക്യാഷ്മെൻറിനെ അനുവദിക്കുക,
Encashment Threshold Days,എൻറാഷ്മെന്റ് ത്രെഷോൾഡ് ഡെയ്സ്,
Earned Leave,സമ്പാദിച്ച അവധി,
Is Earned Leave,നേടിയത് അവശേഷിക്കുന്നു,
Earned Leave Frequency,നേടിയിട്ടിരുന്ന ഫ്രീക്വെൻസി,
Rounding,വൃത്താകം,
Payroll Employee Detail,പേയ്റോൾ തൊഴിലുടമ വിശദാംശം,
Payroll Frequency,ശമ്പളപ്പട്ടിക ഫ്രീക്വൻസി,
Fortnightly,രണ്ടാഴ്ചയിലൊരിക്കൽ,
Bimonthly,രണ്ടുമാസത്തിലൊരിക്കൽ,
Employees,എംപ്ലോയീസ്,
Number Of Employees,ജീവനക്കാരുടെ എണ്ണം,
Employee Details,തൊഴിലുടമ വിശദാംശങ്ങൾ,
Validate Attendance,അറ്റൻഡൻസ് പരിശോധിക്കുക,
Salary Slip Based on Timesheet,ശമ്പള ജി Timesheet അടിസ്ഥാനമാക്കി,
Deduct Tax For Unclaimed Employee Benefits,ക്ലെയിം ചെയ്യാത്ത തൊഴിലുടമയുടെ ആനുകൂല്യങ്ങൾക്ക് നികുതി ഇളവ് ചെയ്യുക,
Deduct Tax For Unsubmitted Tax Exemption Proof,അൺസബ്സ്മിഡ് ടാക്സ് എക്സംപ്ഷൻ പ്രൂഫിന് നികുതി ഇളവ് ചെയ്യുക,
Select Payment Account to make Bank Entry,ബാങ്ക് എൻട്രി ഉണ്ടാക്കുവാൻ പേയ്മെന്റ് അക്കൗണ്ട് തിരഞ്ഞെടുക്കുക,
Salary Slips Created,ശമ്പള സ്ലിപ്പ് സൃഷ്ടിച്ചു,
Salary Slips Submitted,ശമ്പളം സ്ലിപ്പുകൾ സമർപ്പിച്ചു,
Payroll Periods,ശമ്പള കാലയളവുകൾ,
Payroll Period Date,പേയ്റൽ കാലാവധി തീയതി,
Purpose of Travel,യാത്രയുടെ ഉദ്ദേശ്യം,
Retention Bonus,നിലനിർത്തൽ ബോണസ്,
Bonus Payment Date,ബോണസ് പേയ്മെന്റ് തീയതി,
Bonus Amount,ബോണസ് തുക,
Depends on Payment Days,പേയ്‌മെന്റ് ദിവസങ്ങളെ ആശ്രയിച്ചിരിക്കുന്നു,
Is Tax Applicable,നികുതി ബാധകമാണ്,
Variable Based On Taxable Salary,നികുതി അടക്കുന്ന ശമ്പളത്തെ അടിസ്ഥാനമാക്കിയുള്ള വേരിയബിൾ,
Exempted from Income Tax,ആദായനികുതിയിൽ നിന്ന് ഒഴിവാക്കിയിരിക്കുന്നു,
Round to the Nearest Integer,അടുത്തുള്ള സംഖ്യയിലേക്ക് റ ound ണ്ട് ചെയ്യുക,
Statistical Component,സ്റ്റാറ്റിസ്റ്റിക്കൽ ഘടക,
"If selected, the value specified or calculated in this component will not contribute to the earnings or deductions. However, it's value can be referenced by other components that can be added or deducted. ","തിരഞ്ഞെടുത്താൽ, ഈ ഘടകം വ്യക്തമാക്കിയ അല്ലെങ്കിൽ കണക്കാക്കുന്നത് മൂല്യം വരുമാനം അല്ലെങ്കിൽ പൂർണമായും സംഭാവന ചെയ്യും. എന്നാൽ, അത് മൂല്യവർധിത അല്ലെങ്കിൽ വെട്ടിക്കുറയ്ക്കും കഴിയുന്ന മറ്റ് ഘടകങ്ങൾ വഴി റഫറൻസുചെയ്ത കഴിയും തുടർന്ന്.",
Do Not Include in Total,മൊത്തത്തിൽ ഉൾപ്പെടുത്തരുത്,
Flexible Benefits,സൌകര്യപ്രദമായ ആനുകൂല്യങ്ങൾ,
Is Flexible Benefit,ഫ്ലെക്സിബിൾ ബെനിഫിറ്റ്,
Max Benefit Amount (Yearly),പരമാവധി ബെനിഫിറ്റ് തുക (വാർഷികം),
Only Tax Impact (Cannot Claim But Part of Taxable Income),"ടാക്സ് ഇംപാക്റ്റ് മാത്രം (അവകാശപ്പെടാൻ കഴിയില്ല, പക്ഷേ നികുതി രഹിത വരുമാനത്തിന്റെ ഭാഗം)",
Create Separate Payment Entry Against Benefit Claim,ബെനിഫിറ്റ് ക്ലെയിമുകൾക്കെതിരെയുള്ള പ്രത്യേക പേയ്മെന്റ് എൻട്രി സൃഷ്ടിക്കുക,
Amount based on formula,ഫോർമുല അടിസ്ഥാനമാക്കി തുക,
Formula,ഫോർമുല,
Salary Detail,ശമ്പള വിശദാംശം,
Component,ഘടകം,
Do not include in total,മൊത്തം ഉൾപ്പെടുത്തരുത്,
Default Amount,സ്ഥിരസ്ഥിതി തുക,
Additional Amount,അധിക തുക,
Tax on flexible benefit,ഇഷ്ടാനുസരണം ബെനിഫിറ്റ് നികുതി,
Tax on additional salary,അധിക ശമ്പളത്തിന്മേൽ നികുതി,
Salary Structure,ശമ്പളം ഘടന,
Working Days,പ്രവർത്തി ദിവസങ്ങൾ,
Salary Slip Timesheet,ശമ്പള ജി Timesheet,
Earnings,വരുമാനം,
Deductions,പൂർണമായും,
Total in words,വാക്കുകളിൽ ആകെ,
Salary Component for timesheet based payroll.,timesheet അടിസ്ഥാനമാക്കിയുള്ള പേറോളിന് ശമ്പളം ഘടകം.,
Leave Encashment Amount Per Day,പ്രതിദിന എൻക്യാഷ്മെന്റ് തുക വിടുക,
Max Benefits (Amount),പരമാവധി ആനുകൂല്യങ്ങൾ (തുക),
Salary breakup based on Earning and Deduction.,വരുമാനമുള്ളയാളും കിഴിച്ചുകൊണ്ടു അടിസ്ഥാനമാക്കി ശമ്പളം ഖണ്ഡങ്ങളായി.,
Total Earning,മൊത്തം സമ്പാദ്യം,
Salary Structure Assignment,ശമ്പളം ഘടന നിർണയം,
Shift Assignment,Shift Assignment,
Shift Type,Shift തരം,
Shift Request,Shift അഭ്യർത്ഥന,
Enable Auto Attendance,യാന്ത്രിക ഹാജർ പ്രാപ്‌തമാക്കുക,
Mark attendance based on 'Employee Checkin' for Employees assigned to this shift.,ഈ ഷിഫ്റ്റിലേക്ക് നിയോഗിച്ചിട്ടുള്ള ജീവനക്കാർക്കായി &#39;എംപ്ലോയി ചെക്ക്ഇൻ&#39; അടിസ്ഥാനമാക്കി ഹാജർ അടയാളപ്പെടുത്തുക.,
Auto Attendance Settings,യാന്ത്രിക ഹാജർ ക്രമീകരണങ്ങൾ,
Determine Check-in and Check-out,"ചെക്ക്-ഇൻ നിർണ്ണയിക്കുക, ചെക്ക് out ട്ട് ചെയ്യുക",
Alternating entries as IN and OUT during the same shift,"ഒരേ ഷിഫ്റ്റിൽ എൻ‌ട്രികൾ എൻ‌ടി, U ട്ട് എന്നിവയായി മാറ്റുന്നു",
Strictly based on Log Type in Employee Checkin,ജീവനക്കാരുടെ ചെക്ക്ഇനിലെ ലോഗ് തരം കർശനമായി അടിസ്ഥാനമാക്കിയുള്ളതാണ്,
Working Hours Calculation Based On,പ്രവൃത്തി സമയ കണക്കുകൂട്ടൽ അടിസ്ഥാനമാക്കി,
First Check-in and Last Check-out,"ആദ്യ ചെക്ക്-ഇൻ, അവസാന ചെക്ക് out ട്ട്",
Every Valid Check-in and Check-out,"ഓരോ സാധുവായ ചെക്ക്-ഇൻ, ചെക്ക് .ട്ട്",
Begin check-in before shift start time (in minutes),ഷിഫ്റ്റ് ആരംഭ സമയത്തിന് മുമ്പായി ചെക്ക്-ഇൻ ആരംഭിക്കുക (മിനിറ്റിനുള്ളിൽ),
The time before the shift start time during which Employee Check-in is considered for attendance.,ജീവനക്കാരുടെ ചെക്ക്-ഇൻ ഹാജരാകാൻ പരിഗണിക്കുന്ന ഷിഫ്റ്റ് ആരംഭ സമയത്തിന് മുമ്പുള്ള സമയം.,
Allow check-out after shift end time (in minutes),ഷിഫ്റ്റ് അവസാന സമയത്തിന് ശേഷം (മിനിറ്റിനുള്ളിൽ) ചെക്ക് out ട്ട് അനുവദിക്കുക,
Time after the end of shift during which check-out is considered for attendance.,"ഷിഫ്റ്റ് അവസാനിച്ച സമയം, ഹാജരാകുന്നതിന് ചെക്ക് out ട്ട് പരിഗണിക്കുന്ന സമയം.",
Working Hours Threshold for Half Day,അർദ്ധദിനത്തേക്കുള്ള പ്രവർത്തന സമയ പരിധി,
Working hours below which Half Day is marked. (Zero to disable),അർദ്ധദിനം അടയാളപ്പെടുത്തിയ പ്രവൃത്തി സമയം. (പ്രവർത്തനരഹിതമാക്കാനുള്ള പൂജ്യം),
Working Hours Threshold for Absent,ഇല്ലാത്തവർക്കുള്ള പ്രവർത്തന സമയം പരിധി,
Working hours below which Absent is marked. (Zero to disable),അഭാവം അടയാളപ്പെടുത്തിയിരിക്കുന്ന പ്രവൃത്തി സമയം. (പ്രവർത്തനരഹിതമാക്കാനുള്ള പൂജ്യം),
Process Attendance After,പ്രോസസ് അറ്റൻഡൻസ് അതിനുശേഷം,
Attendance will be marked automatically only after this date.,ഈ തീയതിക്ക് ശേഷം മാത്രമേ ഹാജർ സ്വപ്രേരിതമായി അടയാളപ്പെടുത്തൂ.,
Last Sync of Checkin,ചെക്കിന്റെ അവസാന സമന്വയം,
Last Known Successful Sync of Employee Checkin. Reset this only if you are sure that all Logs are synced from all the locations. Please don't modify this if you are unsure.,ജീവനക്കാരുടെ ചെക്കിന്റെ അവസാനത്തെ അറിയപ്പെടുന്ന വിജയകരമായ സമന്വയം. എല്ലാ ലോഗുകളും എല്ലാ ലൊക്കേഷനുകളിൽ നിന്നും സമന്വയിപ്പിച്ചുവെന്ന് നിങ്ങൾക്ക് ഉറപ്പുണ്ടെങ്കിൽ മാത്രം ഇത് പുന reset സജ്ജമാക്കുക. നിങ്ങൾക്ക് ഉറപ്പില്ലെങ്കിൽ ഇത് പരിഷ്‌ക്കരിക്കരുത്.,
Grace Period Settings For Auto Attendance,യാന്ത്രിക ഹാജർനിലയ്ക്കുള്ള ഗ്രേസ് പിരീഡ് ക്രമീകരണങ്ങൾ,
Enable Entry Grace Period,എൻട്രി ഗ്രേസ് പിരീഡ് പ്രവർത്തനക്ഷമമാക്കുക,
Late Entry Grace Period,വൈകി എൻ‌ട്രി ഗ്രേസ് പിരീഡ്,
The time after the shift start time when check-in is considered as late (in minutes).,ചെക്ക്-ഇൻ വൈകിയതായി കണക്കാക്കുമ്പോൾ ഷിഫ്റ്റ് ആരംഭിക്കുന്ന സമയത്തിന് ശേഷമുള്ള സമയം (മിനിറ്റിനുള്ളിൽ).,
Enable Exit Grace Period,എക്സിറ്റ് ഗ്രേസ് പിരീഡ് പ്രാപ്തമാക്കുക,
Early Exit Grace Period,ആദ്യകാല എക്സിറ്റ് ഗ്രേസ് പിരീഡ്,
The time before the shift end time when check-out is considered as early (in minutes).,ചെക്ക്- out ട്ട് നേരത്തെ (മിനിറ്റിനുള്ളിൽ) കണക്കാക്കുമ്പോൾ ഷിഫ്റ്റ് അവസാനിക്കുന്ന സമയത്തിന് മുമ്പുള്ള സമയം.,
Skill Name,നൈപുണ്യ നാമം,
Staffing Plan Detail,സ്റ്റാഫ് പ്ലാൻ വിശദാംശം,
Total Estimated Budget,ആകെ കണക്കാക്കിയ ബഡ്ജറ്റ്,
Vacancies,ഒഴിവുകൾ,
Estimated Cost Per Position,ഓരോ സ്ഥാനത്തിനും കണക്കാക്കിയ ചെലവ്,
Total Estimated Cost,ആകെ കണക്കാക്കപ്പെട്ട ചെലവ്,
Current Count,നിലവിലെ എണ്ണം,
Current Openings,ഇപ്പോഴത്തെ ഓപ്പണിംഗ്,
Number Of Positions,സ്ഥാനങ്ങളുടെ എണ്ണം,
Taxable Salary Slab,നികുതി അടയ്ക്കാവുന്ന ശമ്പളം സ്ലാബ്,
From Amount,തുക മുതൽ,
To Amount,തുക,
Percent Deduction,ശതമാനം കിഴിവ്,
Training Program,പരിശീലന പരിപാടി,
Event Status,ഇവന്റ് അവസ്ഥ,
Has Certificate,സർട്ടിഫിക്കറ്റ് ഉണ്ട്,
Seminar,സെമിനാര്,
Theory,സിദ്ധാന്തം,
Workshop,പണിപ്പുര,
Conference,സമ്മേളനം,
Exam,പരീക്ഷ,
Internet,ഇന്റർനെറ്റ്,
Self-Study,സ്വയം പഠനം,
Advance,അഡ്വാൻസ്,
Trainer Name,പരിശീലകൻ പേര്,
Trainer Email,പരിശീലകൻ ഇമെയിൽ,
Attendees,പങ്കെടുക്കുന്നവരെല്ലാം,
Employee Emails,ജീവനക്കാരന്റെ ഇമെയിലുകൾ,
Training Event Employee,പരിശീലന ഇവന്റ് ജീവനക്കാരുടെ,
Invited,ക്ഷണിച്ചു,
Feedback Submitted,ഫീഡ്ബാക്ക് സമർപ്പിച്ചു,
Training Result Employee,പരിശീലന ഫലം ജീവനക്കാരുടെ,
Travel Itinerary,യാത്ര,
Travel From,നിന്ന് യാത്ര,
Travel To,യാത്ര,
Mode of Travel,യാത്രയുടെ സഞ്ചാരം,
Flight,ഫ്ലൈറ്റ്,
Train,ട്രെയിൻ,
Taxi,ടാക്സി,
Rented Car,വാടകയ്ക്കെടുത്ത കാർ,
Meal Preference,ഭക്ഷണം മുൻഗണന,
Vegetarian,വെജിറ്റേറിയൻ,
Non-Vegetarian,നോൺ-വെജിറ്റേറിയൻ,
Gluten Free,കഞ്ഞിപ്പശയില്ലാത്തത്,
Non Diary,നോൺ ഡയറി,
Travel Advance Required,യാത്ര അഡ്വാൻസ് ആവശ്യമാണ്,
Departure Datetime,പുറപ്പെടൽ സമയം,
Arrival Datetime,എത്തിച്ചേരൽ സമയം,
Lodging Required,ലോഡ്ജിംഗ് ആവശ്യമാണ്,
Preferred Area for Lodging,ലോഡ്ജിംഗിനായുള്ള അനുയോജ്യമായ വിസ്തീർണ്ണം,
Check-in Date,ചെക്ക്-ഇൻ തീയതി,
Check-out Date,പരിശോധന തീയതി,
Travel Request,ട്രാവൽ അഭ്യർത്ഥന,
Travel Type,യാത്ര തരം,
Domestic,ഗാർഹിക,
International,ഇന്റർനാഷണൽ,
Travel Funding,ട്രാവൽ ഫണ്ടിംഗ്,
Require Full Funding,പൂർണ്ണമായ ഫണ്ടിംഗ് ആവശ്യമാണ്,
Fully Sponsored,പൂർണ്ണമായി സ്പോൺസർ ചെയ്തത്,
"Partially Sponsored, Require Partial Funding","ഭാഗികമായി സ്പോൺസർ ചെയ്തത്, ഭാഗിക ഫണ്ടിംഗ് ആവശ്യമാണ്",
Copy of Invitation/Announcement,ക്ഷണം / പ്രഖ്യാപനം എന്നിവയുടെ പകർപ്പ്,
"Details of Sponsor (Name, Location)","സ്പോൺസറുടെ (പേര്, സ്ഥാനം) വിശദാംശങ്ങൾ",
Identification Document Number,തിരിച്ചറിയൽ രേഖ നമ്പർ,
Any other details,മറ്റേതൊരു വിശദാംശവും,
Costing Details,ചെലവ് വിവരങ്ങൾ,
Event Details,ഇവന്റ് വിശദാംശങ്ങൾ,
Name of Organizer,ഓർഗനൈസറുടെ പേര്,
Address of Organizer,ഓർഗനൈസർ വിലാസം,
Travel Request Costing,യാത്ര അഭ്യർത്ഥന ചെലവ്,
Expense Type,ചെലവിന്റെ തരം,
Sponsored Amount,സ്പോൺസർ ചെയ്ത തുക,
Funded Amount,ഫണ്ടുചെയ്ത തുക,
Upload Attendance,ഹാജർ അപ്ലോഡുചെയ്യുക,
Attendance From Date,ഈ തീയതി മുതൽ ഹാജർ,
Attendance To Date,തീയതി ആരംഭിക്കുന്ന ഹാജർ,
Get Template,ഫലകം നേടുക,
Import Attendance,ഇംപോർട്ട് ഹാജർ,
Upload HTML,എച്ച്ടിഎംഎൽ അപ്ലോഡ് ചെയ്യുക,
HR-VLOG-.YYYY.-,HR-VLOG -YYYY.-,
Odometer Reading,ഒരു തലത്തില്,
Current Odometer value ,നിലവിലെ ഓഡോമീറ്റർ മൂല്യം,
Refuelling Details,Refuelling വിശദാംശങ്ങൾ,
Invoice Ref,ഇൻവോയ്സ് റഫറൻസ്,
Service Details,സേവന വിശദാംശങ്ങൾ,
Vehicle Service,വാഹന സേവനം,
Service Item,സേവന ഇനം,
Brake Oil,ബ്രേക്ക് ഓയിൽ,
Brake Pad,ബ്രേക്ക് പാഡ്,
Clutch Plate,ക്ലച്ച് പ്ലേറ്റ്,
Engine Oil,എഞ്ചിൻ ഓയിൽ,
Oil Change,എണ്ണ മാറ്റ,
Inspection,പരിശോധന,
Mileage,മൈലേജ്,
Salary Slip Loan,ശമ്പളം സ്ലിപ്പ് വായ്പ,
Loan Repayment Entry,വായ്പ തിരിച്ചടവ് എൻട്രി,
May,മെയ്,
June,ജൂൺ,
July,ജൂലൈ,
Bank Remittance,ബാങ്ക് പണമയയ്ക്കൽ,
Daily Work Summary Replies,ദിവസേനയുള്ള ജോലി സംഗ്രഹം മറുപടികൾ,
Employee Advance Summary,എംപ്ലോയീസ് അഡ്വാൻസ് സംഗ്രഹം,
Employees working on a holiday,ഒരു അവധിക്കാലം പ്രവർത്തിക്കുന്ന ജീവനക്കാരിൽ,
Monthly Attendance Sheet,പ്രതിമാസ ഹാജർ ഷീറ്റ്,
Salary Register,ശമ്പള രജിസ്റ്റർ,
Unpaid Expense Claim,നൽകപ്പെടാത്ത ചിലവിടൽ ക്ലെയിം,
Payment Account is mandatory,പേയ്‌മെന്റ് അക്കൗണ്ട് നിർബന്ധമാണ്,
"If checked, the full amount will be deducted from taxable income before calculating income tax without any declaration or proof submission.","പരിശോധിച്ചാൽ, പ്രഖ്യാപനമോ തെളിവ് സമർപ്പിക്കലോ ഇല്ലാതെ ആദായനികുതി കണക്കാക്കുന്നതിന് മുമ്പ് മുഴുവൻ തുകയും നികുതി നൽകേണ്ട വരുമാനത്തിൽ നിന്ന് കുറയ്ക്കും.",
In Time,സമയത്തിനുള്ളിൽ,
Out Time,Out ട്ട് ടൈം,
Is Recurring,ആവർത്തിക്കുന്നു,
HRA Exemption,എച്ച്ആർ‌എ ഒഴിവാക്കൽ,
Monthly House Rent,പ്രതിമാസ വീട് വാടക,
Rented in Metro City,മെട്രോ സിറ്റിയിൽ വാടകയ്ക്ക്,
HRA as per Salary Structure,ശമ്പള ഘടന അനുസരിച്ച് എച്ച്ആർ‌എ,
Annual HRA Exemption,വാർ‌ഷിക എച്ച്‌ആർ‌എ ഇളവ്,
Monthly HRA Exemption,പ്രതിമാസ എച്ച്ആർ‌എ ഇളവ്,
House Rent Payment Amount,വീട് വാടക പേയ്‌മെന്റ് തുക,
Rented From Date,തീയതി മുതൽ വാടകയ്ക്ക്,
Rented To Date,തീയതി വരെ വാടകയ്‌ക്കെടുത്തു,
Monthly Eligible Amount,പ്രതിമാസ യോഗ്യത തുക,
Total Eligible HRA Exemption,ആകെ യോഗ്യമായ എച്ച്ആർ‌എ ഇളവ്,
Validating Employee Attendance...,ജീവനക്കാരുടെ ഹാജർ സാധൂകരിക്കുന്നു ...,
Submitting Salary Slips and creating Journal Entry...,ശമ്പള സ്ലിപ്പുകൾ സമർപ്പിക്കുകയും ജേണൽ എൻട്രി സൃഷ്ടിക്കുകയും ചെയ്യുന്നു ...,
Calculate Payroll Working Days Based On,അടിസ്ഥാനമാക്കി ശമ്പള പ്രവർത്തന ദിവസങ്ങൾ കണക്കാക്കുക,
Consider Unmarked Attendance As,അടയാളപ്പെടുത്താത്ത ഹാജർ പോലെ പരിഗണിക്കുക,
Fraction of Daily Salary for Half Day,പകുതി ദിവസത്തെ ദൈനംദിന ശമ്പളത്തിന്റെ ഭിന്നസംഖ്യ,
Component Type,ഘടക തരം,
Provident Fund,പ്രൊവിഡന്റ് ഫണ്ട്,
Additional Provident Fund,അധിക പ്രൊവിഡന്റ് ഫണ്ട്,
Provident Fund Loan,പ്രൊവിഡന്റ് ഫണ്ട് വായ്പ,
Professional Tax,പ്രൊഫഷണൽ ടാക്സ്,
Is Income Tax Component,ആദായനികുതി ഘടകമാണ്,
Component properties and references ,ഘടക ഗുണങ്ങളും റഫറൻസുകളും,
Additional Salary ,അധിക ശമ്പളം,
Unmarked days,അടയാളപ്പെടുത്താത്ത ദിവസങ്ങൾ,
Absent Days,ഇല്ലാത്ത ദിവസങ്ങൾ,
Conditions and Formula variable and example,നിബന്ധനകളും ഫോർമുല വേരിയബിളും ഉദാഹരണവും,
Income Tax Deductions,ആദായനികുതി കിഴിവുകൾ,
Income Tax Component,ആദായനികുതി ഘടകം,
Income Tax Amount,ആദായനികുതി തുക,
Unmarked Days,അടയാളപ്പെടുത്താത്ത ദിവസങ്ങൾ,
Jan,ജനുവരി,
Feb,ഫെബ്രുവരി,
Mar,മാർ,
Apr,ഏപ്രിൽ,
Aug,ഓഗസ്റ്റ്,
Sep,സെപ്റ്റംബർ,
Oct,ഒക്ടോ,
Nov,നവം,
Dec,ഡിസംബർ,
Summarized View,സംഗ്രഹിച്ച കാഴ്ച,
Professional Tax Deductions,പ്രൊഫഷണൽ നികുതി കിഴിവുകൾ,
Provident Fund Deductions,പ്രൊവിഡന്റ് ഫണ്ട് കിഴിവുകൾ,
Recruitment Analytics,റിക്രൂട്ട്മെന്റ് അനലിറ്റിക്സ്,
Applicant name,അപേക്ഷകന്റെ പേര്,
Job Offer status,ജോലി ഓഫർ നില,
On Date,തീയതിയിൽ,
Salary Payments Based On Payment Mode,പേയ്‌മെന്റ് മോഡിനെ അടിസ്ഥാനമാക്കിയുള്ള ശമ്പള പേയ്‌മെന്റുകൾ,
Salary Payments via ECS,ഇസി‌എസ് വഴിയുള്ള ശമ്പള പേയ്‌മെന്റുകൾ,
Account No,അക്കൗണ്ട് നമ്പർ,
IFSC,IFSC,
MICR,MICR,
PF Account,PF അക്കൗണ്ട്,
PF Amount,പിഎഫ് തുക,
Additional PF,അധിക പി.എഫ്,
PF Loan,പി.എഫ് വായ്പ,
Duplicate Entry,ഡ്യൂപ്ലിക്കേറ്റ് എൻ‌ട്രി,
Please select Employee first.,ആദ്യം ജീവനക്കാരനെ തിരഞ്ഞെടുക്കുക.,
To Date should be greater than From Date,തീയതി മുതൽ തീയതി വരെ വലുതായിരിക്കണം,
Job Offer: {0} is already for Job Applicant: {1},ജോലി ഓഫർ: Application 0 Job ഇതിനകം തന്നെ അപേക്ഷകന്: {1},
Only Shift Request with status 'Approved' and 'Rejected' can be submitted,"&#39;അംഗീകരിച്ചു&#39;, &#39;നിരസിച്ചു&#39; എന്നീ സ്റ്റാറ്റസുള്ള ഷിഫ്റ്റ് അഭ്യർത്ഥന മാത്രമേ സമർപ്പിക്കാൻ കഴിയൂ",
Shift Assignment: {0} created for Employee: {1},ഷിഫ്റ്റ് അസൈൻ‌മെന്റ്: ജീവനക്കാരനായി {0 created സൃഷ്ടിച്ചു: {1},
You can not request for your Default Shift: {0},നിങ്ങളുടെ സ്ഥിരസ്ഥിതി ഷിഫ്റ്റിനായി നിങ്ങൾക്ക് അഭ്യർത്ഥിക്കാൻ കഴിയില്ല: {0},
Only Approvers can Approve this Request.,അംഗങ്ങൾക്ക് മാത്രമേ ഈ അഭ്യർത്ഥന അംഗീകരിക്കാൻ കഴിയൂ.,
Please set Payroll based on in Payroll settings,ശമ്പള ക്രമീകരണത്തെ അടിസ്ഥാനമാക്കി പേറോൾ സജ്ജമാക്കുക,
Additional Salary: {0} already exist for Salary Component: {1} for period {2} and {3},"അധിക ശമ്പളം: ശമ്പള ഘടകത്തിനായി {0} ഇതിനകം നിലവിലുണ്ട്: period 1 period കാലയളവിനായി {1}, {3}",
Payroll date can not be less than employee's joining date.,ജീവനക്കാരുടെ ചേരുന്ന തീയതിയേക്കാൾ കുറവായിരിക്കരുത് ശമ്പള തീയതി.,
From date can not be less than employee's joining date.,തീയതി മുതൽ ജീവനക്കാരുടെ ചേരുന്ന തീയതിയേക്കാൾ കുറവായിരിക്കരുത്.,
To date can not be greater than employee's relieving date.,ഇന്നുവരെ ജീവനക്കാരുടെ ആശ്വാസ തീയതിയെക്കാൾ വലുതായിരിക്കരുത്.,
Payroll date can not be greater than employee's relieving date.,ജീവനക്കാരുടെ ആശ്വാസ തീയതിയെക്കാൾ ഉയർന്ന ശമ്പള തീയതി പാടില്ല.,
Condition and formula,അവസ്ഥയും സൂത്രവാക്യവും,
Available Leaves,ലഭ്യമായ ഇലകൾ,
IFSC Code,IFSC കോഡ്,
Others,മറ്റുള്ളവ,
Total Allocated Leaves,ആകെ അനുവദിച്ച ഇലകൾ,
Used Leaves,ഉപയോഗിച്ച ഇലകൾ,
PAN Number,പാൻ നമ്പർ,
Expired Leaves,കാലഹരണപ്പെട്ട ഇലകൾ,
