) for {0},} साठी {0},
A {0} exists between {1} and {2} (,{1} आणि {2} दरम्यान एक {0} अस्तित्वात आहे (,
Absent,अनुपस्थित,
Accrual Journal Entry for salaries from {0} to {1},{0} ते {1} पर्यंतच्या पगाराच्या तारखेसाठी उपार्जित जर्नल प्रवेश,
Add to Details,तपशील जोडा,
Added to details,तपशीलामध्ये जोडले,
All Jobs,सर्व नोकरी,
Allocated Leaves,वाटप पाने,
Annual Salary,वार्षिक पगार,
Application period cannot be across two allocation records,अर्ज कालावधी दोन वाटपांच्या रेकॉर्डमध्ये असू शकत नाही,
Application period cannot be outside leave allocation period,अर्ज काळ रजा वाटप कालावधी बाहेर असू शकत नाही,
Apply Now,आता लागू,
Apprentice,शिकाऊ उमेदवार,
Approval Status,मंजूरीची स्थिती,
Approval Status must be 'Approved' or 'Rejected',मंजूरीची स्थिती &#39;मंजूर&#39; किंवा &#39;नाकारलेली&#39; करणे आवश्यक आहे,
As per your assigned Salary Structure you cannot apply for benefits,आपल्या नियुक्त सॅलरी संरचना नुसार आपण लाभांसाठी अर्ज करू शकत नाही,
Assign,वाटप,
Assign Salary Structure,वेतन संरचना नियुक्त करा,
Assign to Employees,कर्मचार्यांना नियुक्त करा,
Assigning Structures...,रचना नियुक्त करीत आहे ...,
Attendance,विधान परिषदेच्या,
Attendance From Date and Attendance To Date is mandatory,उपस्थिती पासून तारीख आणि उपस्थिती पर्यंत  तारीख अनिवार्य आहे,
Attendance for employee {0} is already marked for this day,कर्मचारी {0} हजेरी आधीच आज करीता चिन्हाकृत केले,
Attendance not submitted for {0} as it is a Holiday.,हे हॉलिडे म्हणून {0} साठी उपस्थित नाही.,
Bank Entries,बँक नोंदी,
Base,बेस,
Beginner,नवशिक्या,
Birthday Reminder,वाढदिवस स्मरणपत्र,
Bonus Payment Date cannot be a past date,बोनस देय तारीख एक मागील तारीख असू शकत नाही,
Calls,कॉल,
Cannot find active Leave Period,सक्रिय सुट्टी कालावधी शोधू शकत नाही,
Casual Leave,प्रासंगिक रजा,
Claimed Amount,हक्क सांगितलेली रक्कम,
Compensatory Off,भरपाई देणारा बंद,
Contact Number,संपर्क क्रमांक,
Course,कोर्स,
Create Disbursement Entry,वितरण प्रविष्टी तयार करा,
Create Salary Slip,पगाराच्या स्लिप्स तयार करा,
Create Salary Slips,वेतन स्लिप तयार करा,
Creating Payment Entries......,पेमेंट प्रविष्ट करणे तयार करणे ......,
Creating Salary Slips...,वेतन स्लिप तयार करणे ...,
Current,चालू,
Current Job Openings,वर्तमान नोकरी संबंधी,
Daily Work Summary,दररोज काम सारांश,
Daily Work Summary Group,दैनिक काम सारांश गट,
Date is repeated,तारीख पुनरावृत्ती आहे,
Debit A/C Number,डेबिट ए / सी क्रमांक,
Deduction,कपात,
Document Status,दस्तऐवज स्थिती,
Earning,कमाई,
Employee A/C Number,कर्मचारी ए / सी क्रमांक,
Employee Benefits,कर्मचारी फायदे,
Employee Grade,कर्मचारी ग्रेड,
Employee Referral,कर्मचा-रेफरल,
Employee relieved on {0} must be set as 'Left',{0} वर मुक्त केलेले कर्मचारी 'Left' म्हणून set करणे आवश्यक आहे,
Employee {0} already submited an apllication {1} for the payroll period {2},कर्मचारी {0} आधीच पेरोल कालावधी {2} साठी एक aplication {1} सबमिट केले आहे,
Employee {0} has no maximum benefit amount,कर्मचारी {0} कडे कमाल लाभ रक्कम नाही,
Employee {0} is not active or does not exist,कर्मचारी {0} सक्रिय नाही आहे किंवा अस्तित्वात नाही,
Employee {0} is on Leave on {1},कर्मचारी {0} सुटलेले आहे {1},
Employee {0} on Half day on {1},वर अर्धा दिवशी कर्मचारी {0} {1},
End time cannot be before start time,समाप्ती वेळ प्रारंभ वेळेच्या आधीची असू शकत नाही,
Evaluation,मूल्यमापन,
Event Location,इव्हेंट स्थान,
Event Name,कार्यक्रम नाव,
Expense Claim for Vehicle Log {0},वाहनाकरीता लॉग खर्च दावा {0},
Expense Claim {0} already exists for the Vehicle Log,खर्च दावा {0} वाहनाकरीता लॉग आधिपासूनच अस्तित्वात आहे,
Fill the form and save it,फॉर्म भरा आणि तो जतन,
Filter Employees By (Optional),द्वारे कर्मचारी फिल्टर करा (पर्यायी),
Fiscal Year {0} not found,आर्थिक वर्ष {0} आढळले नाही,
Food,अन्न,
For Employee,कर्मचारी साठी,
From Date {0} cannot be after employee's relieving Date {1},{0} तारखेपासून कर्मचार्याच्या मुक्त करण्याच्या तारखेनंतर असू शकत नाही {1},
From Date {0} cannot be before employee's joining Date {1},{0} तारखेपासून कर्मचारीच्या सामील होण्याच्या तारखेपूर्वी {1} नसावे,
From date can not be less than employee's joining date,तारीख कर्मचार्याच्या सामील होण्याच्या तारखेपेक्षा कमी असू शकत नाही,
Fuel Price,इंधन किंमत,
Fuel Qty,इंधन प्रमाण,
Full-time,पूर्ण-वेळ,
Future dates not allowed,भविष्यातील तारखांना अनुमती नाही,
Get Details From Declaration,घोषणेतून तपशील मिळवा,
Get Employees,कर्मचारी मिळवा,
Gross Pay,एकूण वेतन,
Guest,अतिथी,
Half Day,अर्धा दिवस,
Half Day Date is mandatory,अर्धा दिवस दिनांक अनिवार्य आहे,
Half Day Date should be between From Date and To Date,अर्धा दिवस तारीख पासून आणि तारिक करण्यासाठी दरम्यान असावे,
Half Day Date should be in between Work From Date and Work End Date,कामाची तारीख आणि कामाची समाप्ती तारीख यांच्या दरम्यान अर्ध दिवस तारीख असावी,
Half day date should be in between from date and to date,अर्ध्या दिवसाची तारीख तारीख आणि तारीख दरम्यान असणे आवश्यक आहे,
Hello,हॅलो,
House rent paid days overlapping with {0},सदनिका भाड्याने दिवस भरले {0},
House rented dates required for exemption calculation,सवलत गणनेसाठी आवश्यक घर भाड्याने तारखा,
House rented dates should be atleast 15 days apart,घर भाड्याने तारखा किमान 15 दिवसांच्या अंतराने असावी,
Interest Amount,व्याज रक्कम,
Intern,हद्दीच्या,
Job Description,कामाचे वर्णन,
Job Offer,जॉब ऑफर,
Jobs,नोकरी,
Leave Approval Notification,स्वीकृति सूचना सोडून द्या,
Leave Blocked,रजा अवरोधित,
Leave Encashment,एनकॅशमेंट द्या,
Leave Status Notification,स्थिती सूचना सोडा,
Leave Type,रजा प्रकार,
Leave Type is madatory,सोडा प्रकार हा मुकाबला आहे,
Leave Type {0} cannot be allocated since it is leave without pay,सोडा प्रकार {0} तो वेतन न करता सोडू असल्यामुळे वाटप जाऊ शकत नाही,
Leave Type {0} cannot be carry-forwarded,रजा प्रकार {0} carry-forward केला  जाऊ शकत नाही,
Leave Type {0} is not encashable,टाईप टाईप {0} एका दिवशी येणार नाही,
Leave Without Pay,पे न करता रजा,
"Leave cannot be allocated before {0}, as leave balance has already been carry-forwarded in the future leave allocation record {1}","रजेचे  {0} च्या आधी वाटप जाऊ शकत नाही, कारण  रजा शिल्लक आधीच वाहून-अग्रेषित भविष्यात रजा वाटप रेकॉर्ड केले आहे {1}",
"Leave cannot be applied/cancelled before {0}, as leave balance has already been carry-forwarded in the future leave allocation record {1}","रजा शिल्लक आधीच   रजा वाटप रेकॉर्ड{1} मधे भविष्यात carry-forward केले आहे म्हणून, रजा  {0} च्या आधी रद्द / लागू केल्या  जाऊ शकत नाहीत",
Leave of type {0} cannot be longer than {1},{0} प्रकारच्या रजा  {1} पेक्षा  जास्त असू शकत नाही,
Leaves,पाने,
Leaves Allocated Successfully for {0},रजा यशस्वीरित्या  {0} साठी वाटप केली,
Leaves per Year,रजा वर्ष प्रति,
Lifecycle,जीवनचक्र,
Mark Attendance,मार्क अॅटॅन्डन्स,
Max Exemption Amount cannot be greater than maximum exemption amount {0} of Tax Exemption Category {1},कर सूट श्रेणी {0} च्या जास्तीत जास्त सूट रकमेपेक्षा जास्तीत जास्त सवलत रक्कम अधिक असू शकत नाही {1},
Max benefits should be greater than zero to dispense benefits,फायदे वितरीत करण्यासाठी अधिकतम लाभ शून्यापेक्षा जास्त असले पाहिजेत,
Maximum amount eligible for the component {0} exceeds {1},घटक {0} साठी पात्र असलेली जास्तीत जास्त रक्कम {1} पेक्षा अधिक आहे,
Maximum benefit amount of component {0} exceeds {1},घटक {0} च्या जास्तीत जास्त लाभ रक्कम {1} पेक्षा अधिक आहे,
Maximum benefit amount of employee {0} exceeds {1},कर्मचारी {0} पेक्षा जास्तीत जास्त लाभ रक्कम {1},
Maximum leave allowed in the leave type {0} is {1},सुट्टीच्या प्रकार {0} मध्ये अनुमत कमाल सुट {1} आहे,
Medical,वैद्यकीय,
Mode of payment is required to make a payment,भरण्याची पध्दत देयक आवश्यक आहे,
More than one selection for {0} not allowed,{0} साठी एकापेक्षा अधिक निवड करण्याची परवानगी नाही,
Net Pay,नेट पे,
Net Pay cannot be less than 0,निव्वळ वेतन 0 पेक्षा कमी असू शकत नाही,
Net Salary Amount,निव्वळ पगाराची रक्कम,
Net pay cannot be negative,निव्वळ वेतन नकारात्मक असू शकत नाही,
No Employee Found,कर्मचारी आढळला नाही,
No Salary Structure assigned for Employee {0} on given date {1},दिलेल्या तारखेला कर्मचारी {0} साठी नियुक्त केलेले कोणतेही वेतन रचना नाही {1},
No Staffing Plans found for this Designation,या पदनासाठी कोणतेही कर्मचारी प्रशिक्षण योजना नाहीत,
No active or default Salary Structure found for employee {0} for the given dates,दिले तारखा कर्मचारी {0} आढळले सक्रिय नाही किंवा मुलभूत तत्वे,
No more updates,आणखी कोणतेही अद्यतने,
No replies from,पासून कोणतीही प्रत्युत्तरे,
No salary slip found to submit for the above selected criteria OR salary slip already submitted,वरील निवडक मापदंड किंवा वेतन स्लिप आधीपासूनच सादर केल्याबद्दल कोणतीही पगारपत्रक सापडली नाही,
Nothing to change,बदलण्यासाठी काहीही नाही,
Notice Period,सूचना कालावधी,
Only Leave Applications with status 'Approved' and 'Rejected' can be submitted,फक्त स्थिती सह अनुप्रयोग सोडा &#39;मंजूर&#39; आणि &#39;रिजेक्टेड&#39; सादर केला जाऊ शकतो,
Optional Holiday List not set for leave period {0},सुट्टीचा कालावधी {0} साठी वैकल्पिक सुट्टीची सूची सेट केलेली नाही,
Part-time,भाग-वेळ,
Password policy for Salary Slips is not set,वेतन स्लिपसाठी संकेतशब्द धोरण सेट केलेले नाही,
Payment Days,भरणा दिवस,
Payment of {0} from {1} to {2},{1} ते {2} पर्यंत {0} चे देयक,
Payroll,उपयोग पे रोल,
Payroll Number,पेरोल क्रमांक,
Piecework,Piecework,
Please add the remaining benefits {0} to any of the existing component,कृपया विद्यमान कोणतेही घटक {0} वर विद्यमान घटक जोडा,
Please confirm once you have completed your training,एकदा आपण आपले प्रशिक्षण पूर्ण केल्यानंतर कृपया पुष्टी करा,
Please enable default incoming account before creating Daily Work Summary Group,दैनिक काम सारांश गट तयार करण्यापूर्वी डीफॉल्ट आवक खात्यात सक्षम करा,
Please select Company and Designation,कृपया कंपनी आणि पदनाम निवडा,
Please select Employee,कृपया कर्मचारी निवडा,
Please select a csv file,कृपया एक सी फाइल निवडा,
Please set default template for Leave Approval Notification in HR Settings.,कृपया एचआर सेटिंग्जमध्ये स्वीकृति सूट देण्याकरिता डीफॉल्ट टेम्पलेट सेट करा.,
Please set default template for Leave Status Notification in HR Settings.,कृपया एचआर सेटिंग्जमध्ये रजा स्थिती सूचना देण्यासाठी डीफॉल्ट टेम्पलेट सेट करा.,
Please set the Company,कंपनी सेट करा,
Please set the Date Of Joining for employee {0},कर्मचारी सामील तारीख सेट करा {0},
Please share your feedback to the training by clicking on 'Training Feedback' and then 'New',ट्रेनिंग फीडबॅकवर क्लिक करून आणि नंतर &#39;नवीन&#39;,
Please update your status for this training event,कृपया या प्रशिक्षण कार्यक्रमासाठी आपली स्थिती अद्यतनित करा,
Present,सादर,
Preview Salary Slip,पूर्वावलोकन पगाराच्या स्लिप्स,
Privilege Leave,रजा,
Probation,उमेदवारीचा काळ,
Probationary Period,परीविक्षण कालावधी,
Property,मालमत्ता,
Property already added,गुणधर्म आधीपासून जोडले आहेत,
Replies,प्रत्युत्तरे,
Responsibilities,जबाबदारी,
Role,भूमिका,
Row {0}# Allocated amount {1} cannot be greater than unclaimed amount {2},रो {0} # वाटप केलेली रक्कम {1} हक्क न सांगितलेल्या रकमेपेक्षा मोठी असू शकत नाही {2},
Row {0}# Paid Amount cannot be greater than requested advance amount,पंक्ती {0} # अदा केलेली रक्कम विनंती केलेल्या आगाऊ रकमेपेक्षा जास्त असू शकत नाही,
Salary Slip ID,पगाराच्या स्लिप्स आयडी,
Salary Slip of employee {0} already created for this period,कर्मचारी पगार स्लिप {0} आधीच या काळात निर्माण,
Salary Slip of employee {0} already created for time sheet {1},{0} वेळ पत्रक आधीपासूनच तयार कर्मचा पगाराच्या स्लिप्स {1},
Salary Structure Assignment for Employee already exists,कर्मचार्‍यांना पगाराची रचना असाइनमेंट आधीपासून विद्यमान आहे,
Salary Structure Missing,पगार संरचना गहाळ,
Salary Structure not found for employee {0} and date {1},कर्मचारी {0} आणि तारीख {1} साठी वेतन संरचना सापडली नाही,
Salary Structure should have flexible benefit component(s) to dispense benefit amount,वेतन रचनेमध्ये लाभ रक्कम वितरित करण्यासाठी लवचिक लाभ घटक असणे आवश्यक आहे,
"Salary already processed for period between {0} and {1}, Leave application period cannot be between this date range.",पगार दरम्यान {0} आणि {1} द्या अनुप्रयोग या कालावधीत तारीख श्रेणी दरम्यान असू शकत नाही कालावधीसाठी आधीपासून प्रक्रिया.,
Sanctioned Amount cannot be greater than Claim Amount in Row {0}.,मंजूर रक्कम रो {0} मधे मागणी रक्कमेपेक्षा  जास्त असू शकत नाही.,
Score must be less than or equal to 5,धावसंख्या 5 या पेक्षा कमी किंवा या समान असणे आवश्यक आहे,
Select Property,मालमत्ता निवडा,
Select an employee to get the employee advance.,कर्मचारी अग्रिम प्राप्त करण्यासाठी एक कर्मचारी निवडा,
Service Expense,सेवा खर्च,
Show Employee,कर्मचारी दाखवा,
Show Salary Slip,पगार शो स्लिप्स,
Sick Leave,आजारी रजा,
"Skipping Salary Structure Assignment for the following employees, as Salary Structure Assignment records already exists against them. {0}","खालील कर्मचार्‍यांसाठी वेतन संरचना असाइनमेंट वगळणे, कारण त्यांच्या विरूद्ध वेतन संरचना अभिहस्तांकन रेकॉर्ड आधीच अस्तित्वात आहेत. {0}",
Staffing Plan {0} already exist for designation {1},स्टाफिंग प्लॅन Plan 0} आधीपासून पदनाम for 1 for साठी विद्यमान आहे,
"Start and end dates not in a valid Payroll Period, cannot calculate {0}","वैध पेरोल कालावधीमध्ये नसलेली प्रारंभ आणि समाप्ती तारीख, {0} ची गणना करू शकत नाही",
"Start and end dates not in a valid Payroll Period, cannot calculate {0}.","प्रारंभ आणि समाप्तीची तारखा एखाद्या वैध वेतन कालावधीत नाही, {0} ची गणना करू शकत नाही",
Stock Options,शेअर पर्याय,
Structures have been assigned successfully,संरचना यशस्वीरित्या नियुक्त केल्या आहेत,
Submit Proof,पुरावा सादर करा,
Submit Salary Slip,पगाराच्या स्लिप्स सादर करा,
Submit this to create the Employee record,कर्मचारी रेकॉर्ड तयार करण्यासाठी हे सबमिट करा,
Submitting Salary Slips...,वेतन स्लिप सबमिट करत आहे ...,
Team Updates,टीम सुधारणा,
Thank you,धन्यवाद,
The day(s) on which you are applying for leave are holidays. You need not apply for leave.,आपण ज्या दिवशी रजेचे  अर्ज करत आहात  ते दिवस  सुटीचे  आहेत. आपण रजा अर्ज करण्याची गरज नाही.,
There are more holidays than working days this month.,कामाच्या  दिवसापेक्षा अधिक सुट्ट्या  या महिन्यात आहेत.,
There is no leave period in between {0} and {1},{0} आणि {1} दरम्यान कोणतीही सुट्टीची मुदत नाही,
This is based on the attendance of this Employee,हे या कर्मचा उपस्थिती आधारित आहे,
This will submit Salary Slips and create accrual Journal Entry. Do you want to proceed?,हे सल्ले स्लिप्स सबमिट करेल आणि जमा करुन जर्नल एंट्री तयार करेल. आपण पुढे सुरु ठेवू इच्छिता?,
To date can not be equal or less than from date,तारीख तारखेपेक्षा समान किंवा त्यापेक्षा कमी नसावे,
To date can not be less than from date,तारीख तारखेपेक्षा कमी असू शकत नाही,
To date can not greater than employee's relieving date,आजच्या तारखेला कर्मचारी च्या सुटका तारीख पेक्षा जास्त शकत नाही,
Total Absent,एकूण अनुपिस्थत,
Total Deduction,एकूण कपात,
Total Leaves,एकूण पाने,
Total Present,एकूण उपस्थित,
Total advance amount cannot be greater than total sanctioned amount,एकूण आगाऊ रक्कम एकूण स्वीकृत रकमेपेक्षा जास्त असू शकत नाही,
Total flexible benefit component amount {0} should not be less than max benefits {1},एकूण लवचिक लाभ घटक रक्कम {0} कमाल फायद्यांपेक्षा कमी नसावी {1},
Total leaves allocated is mandatory for Leave Type {0},राखीव प्रकारानुसार {0} वाटप केलेले एकूण पाने अनिवार्य आहेत.,
Total working hours should not be greater than max working hours {0},एकूण कामाचे तास कमाल कामाचे तास पेक्षा जास्त असू नये {0},
Training,प्रशिक्षण,
Training Event,प्रशिक्षण कार्यक्रम,
Training Events,प्रशिक्षण कार्यक्रम,
Training Feedback,प्रशिक्षण अभिप्राय,
Training Result,प्रशिक्षण निकाल,
Travel,प्रवास,
Update Response,प्रतिसाद अद्यतनित करा,
Value missing,मूल्य गहाळ,
Variable,अस्थिर,
Walk In,मध्ये चाला,
Warning: Leave application contains following block dates,चेतावणी: रजा अर्जा मधे खालील  ब्लॉक तारखा समाविष्टीत आहेत,
Website Listing,वेबसाइट सूची,
Work Summary for {0},{0} साठी कार्य सारांश,
You are not authorized to approve leaves on Block Dates,आपल्याला ब्लॉक तारखेवर  पाने मंजूर करण्यासाठी अधिकृत नाही,
You are not present all day(s) between compensatory leave request days,आपण रजामी रजा विनंती दिवसांदरम्यान संपूर्ण दिवस (त्सडे) उपस्थित नाही,
You can only submit Leave Encashment for a valid encashment amount,आपण केवळ वैध एनकॅशमेंट रकमेसाठी लीव्ह एनकॅशमेंट सबमिट करु शकता,
{0} already allocated for Employee {1} for period {2} to {3},{0} आधीच कर्मचार्यांसाठी वाटप {1} काळात {2} साठी {3},
{0} applicable after {1} working days,{0} लागू {1} कामाचे दिवस,
{0} is not in Optional Holiday List,{0} पर्यायी सुट्टी यादी मध्ये नाही,
{0} is not in a valid Payroll Period,{0} वैध वेतन कालावधीमध्ये नाही,
{0} must be submitted,{0} सादर करणे आवश्यक आहे,
"{0}: Employee email not found, hence email not sent","{0}: कर्मचारी ईमेल आढळले नाही, म्हणून पाठविले नाही ई-मेल",
{0}: From {0} of type {1},{0}: {0} पासून {1} प्रकारच्या,
Conditions,परिस्थिती,
Percent,टक्के,
Error in some rows,काही पंक्तींमध्ये त्रुटी,
Benefit,फायदा,
Shift,शिफ्ट,
Importing {0} of {1},{1} पैकी {0} आयात करीत आहे,
'employee_field_value' and 'timestamp' are required.,&#39;कर्मचारी_फील्ड_मूल्य&#39; आणि &#39;टाइमस्टॅम्प&#39; आवश्यक आहे.,
Allocation Expired!,वाटप कालबाह्य!,
Attendance Marked,उपस्थिती चिन्हांकित,
Attendance has been marked as per employee check-ins,कर्मचारी चेक-इन नुसार उपस्थिती दर्शविली गेली आहे,
Date Range,तारीख श्रेणी,
Event Link,कार्यक्रम दुवा,
Expire Allocation,Expलोकेशन कालबाह्य,
Fuel Expense,इंधन खर्च,
Intermediate,दरम्यानचे,
Leave application is linked with leave allocations {0}. Leave application cannot be set as leave without pay,रजा अर्ज leave 0 leave रजा वाटप सह दुवा साधलेला आहे. रजेचा अर्ज पगाराशिवाय सुट म्हणून सेट करता येत नाही,
Log Type is required for check-ins falling in the shift: {0}.,शिफ्टमध्ये पडणार्‍या चेक-इनसाठी लॉग प्रकार आवश्यक आहे: {0}.,
No Employee found for the given employee field value. '{}': {},दिलेल्या कर्मचार्‍यांना दिलेल्या फील्ड मूल्यासाठी कोणताही कर्मचारी आढळला नाही. &#39;{}&#39;:},
No Leaves Allocated to Employee: {0} for Leave Type: {1},कर्मचार्‍यांना दिलेली कोणतीही पाने नाहीत: रजा प्रकारासाठी {0:: {1},
Only expired allocation can be cancelled,केवळ कालबाह्य झालेले वाटप रद्द केले जाऊ शकते,
Only users with the {0} role can create backdated leave applications,केवळ {0} भूमिका असलेले वापरकर्ते बॅकडेटेड रजा अनुप्रयोग तयार करू शकतात,
Password policy cannot contain spaces or simultaneous hyphens. The format will be restructured automatically,संकेतशब्द धोरणात रिक्त स्थान किंवा एकाच वेळी हायफन असू शकत नाहीत. स्वरूप स्वयंचलितरित्या पुनर्रचना केले जाईल,
Please enter the designation,कृपया पदनाम प्रविष्ट करा,
There are no vacancies under staffing plan {0},स्टाफिंग प्लॅन an 0 under अंतर्गत कोणत्याही रिक्त पदे नाहीत.,
This employee already has a log with the same timestamp.{0},या कर्मचार्‍यावर आधीपासूनच समान टाइमस्टॅम्पसह लॉग आहे. {0},
Timing,वेळ,
To date needs to be before from date,आजची तारीख तारखेपासून पूर्वीची असणे आवश्यक आहे,
Total Early Exits,एकूण प्रारंभिक निर्गमन,
Total Late Entries,एकूण उशीरा नोंदी,
Training Event:,प्रशिक्षण कार्यक्रम:,
Unable to find Salary Component {0},वेतन घटक to 0 find शोधण्यात अक्षम,
Unmarked Attendance for days,दिवसांसाठी अचिन्हित उपस्थिती,
Vacancies cannot be lower than the current openings,रिक्त जागा सध्याच्या उद्घाटनापेक्षा कमी असू शकत नाहीत,
{} is an invalid Attendance Status.,} invalid अवैध उपस्थिती स्थिती आहे.,
Printed On,छापील रोजी,
No employee found,कर्मचारी आढळला नाही,
Please setup Employee Naming System in Human Resource > HR Settings,मानव संसाधन&gt; एचआर सेटिंग्जमध्ये कर्मचारी नेमिंग सिस्टम सेट करा,
Please setup numbering series for Attendance via Setup > Numbering Series,कृपया सेटअप&gt; क्रमांकिंग सीरिजद्वारे उपस्थितीसाठी क्रमांकन मालिका सेट करा,
Current Odometer Value should be greater than Last Odometer Value {0},वर्तमान ओडोमीटर मूल्य शेवटच्या ओडोमीटर मूल्यापेक्षा जास्त असले पाहिजे {0},
No additional expenses has been added,कोणताही अतिरिक्त खर्च जोडला गेला नाही,
{0} already exists for employee {1} and period {2},{0 employee आधीपासूनच कर्मचारी for 1} आणि कालावधी exists 2 for साठी विद्यमान आहे,
Leaves Allocated,पाने वाटप,
Leave Without Pay does not match with approved {} records,पगाराशिवाय सोडा मंजूर {} रेकॉर्डशी जुळत नाही,
Income Tax Slab not set in Salary Structure Assignment: {0},वेतन रचना असाइनमेंटमध्ये आयकर स्लॅब सेट केलेला नाही: {0},
Income Tax Slab: {0} is disabled,आयकर स्लॅब: {0 disabled अक्षम केले आहे,
Income Tax Slab must be effective on or before Payroll Period Start Date: {0},पेरोल कालावधी प्रारंभ तारीख किंवा त्यापूर्वी आयकर स्लॅब प्रभावी असणे आवश्यक आहे: {0},
No leave record found for employee {0} on {1},For 1} वर कर्मचार्‍य {0} साठी रजा रेकॉर्ड आढळला नाही,
Row {0}: {1} is required in the expenses table to book an expense claim.,खर्चाचा हक्क बुक करण्यासाठी खर्च table 0} पंक्ती: {1 required आवश्यक आहे.,
Set the default account for the {0} {1},{0} {1} साठी डीफॉल्ट खाते सेट करा,
(Half Day),(अर्धा दिवस),
Income Tax Slab,आयकर स्लॅब,
Row #{0}: Cannot set amount or formula for Salary Component {1} with Variable Based On Taxable Salary,पंक्ती # {0}: करपात्र वेतनावर आधारित चल पगारासह वेतन घटक {1 amount साठी रक्कम किंवा सूत्र सेट करू शकत नाही,
Repay From Salary can be selected only for term loans,पगाराची परतफेड केवळ मुदतीच्या कर्जासाठी निवडली जाऊ शकते,
Salary Component Account,पगार घटक खाते,
Default Bank / Cash account will be automatically updated in Salary Journal Entry when this mode is selected.,मुलभूत बँक / रोख खाते आपोआप या मोडमध्ये निवडलेले असताना पगार जर्नल प्रवेश मध्ये सुधारीत केले जाईल.,
Result,निकाल,
Total Score,एकूण धावसंख्या,
Joining Date,सामील होत तारीख,
Publish on website,वेबसाइट वर प्रकाशित,
Application Status,अर्ज,
IN,IN,
Remind Before,आधी स्मरण द्या,
Reminded,स्मरण करून दिले,
Additional Salary,अतिरिक्त वेतन,
HR-ADS-.YY.-.MM.-,एचआर-एडीएस - .यु .- एमएम.-,
Salary Component,पगार घटक,
Overwrite Salary Structure Amount,वेतन रचना रकमेवर अधिलिखित करा,
Deduct Full Tax on Selected Payroll Date,निवडलेल्या पेरोल तारखेवर संपूर्ण कर कमी करा,
Payroll Date,वेतनपट तारीख,
Salary Component Type,वेतन घटक प्रकार,
Appointment Letter,नियुक्ती पत्र,
Appointment Date,नियुक्तीची तारीख,
Appointment Letter Template,नियुक्ती पत्र टेम्पलेट,
Closing Notes,नोट्स बंद,
Appointment Letter content,नियुक्ती पत्र सामग्री,
Appraisal,मूल्यमापन,
HR-APR-.YY.-.MM.,एचआर- एपीआर- YY.- एम.एम.,
For Employee Name,कर्मचारी नावासाठी,
Goals,गोल,
Total Score (Out of 5),(5 पैकी) एकूण धावसंख्या,
"Any other remarks, noteworthy effort that should go in the records.","इतर कोणताही अभिप्राय, रेकॉर्ड जावे की लक्षात घेण्याजोगा प्रयत्न.",
Appraisal Goal,मूल्यांकन लक्ष्य,
Key Responsibility Area,की जबाबदारी क्षेत्र,
Weightage (%),वजन (%),
Score (0-5),धावसंख्या (0-5),
Score Earned,स्कोअर कमाई,
Appraisal Template Title,मूल्यांकन साचा शीर्षक,
Appraisal Template Goal,मूल्यांकन साचा लक्ष्य,
KRA,KRA,
Key Performance Area,की कामगिरी क्षेत्र,
HR-ATT-.YYYY.-,एचआर-एटीटी-. वाई वाई वाई.-,
On Leave,रजेवर,
Work From Home,घरून काम,
Leave Application,रजेचा अर्ज,
Attendance Date,उपस्थिती दिनांक,
Attendance Request,उपस्थिततेची विनंती,
Late Entry,उशीरा प्रवेश,
Early Exit,लवकर बाहेर पडा,
Half Day Date,अर्धा दिवस तारीख,
On Duty,कर्तव्य,
Explanation,स्पष्टीकरण,
Compensatory Leave Request,क्षतिपूर्ती सोडून विनंती,
Leave Allocation,वाटप सोडा,
Worked On Holiday,सुट्टीवर काम केले,
Work From Date,कामाची तारीख,
Work End Date,कार्य शेवटची तारीख,
Email Sent To,यांना ईमेल पाठविला,
Select Users,वापरकर्ते निवडा,
Send Emails At,वेळी ई-मेल पाठवा,
Reminder,स्मरणपत्र,
Daily Work Summary Group User,दैनिक काम सारांश गट वापरकर्ता,
email,ईमेल,
Department Approver,विभाग अपॉओव्हर,
Approver,माफीचा साक्षीदार,
Designation Skill,पदनाम,
Skill,कौशल्य,
Leave Policy,धोरण सोडा,
Salary Details,पगार तपशील,
HR-EAD-.YYYY.-,एचआर-ईएडी- .YYY.-,
Claimed,हक्क सांगितले,
Employee Attendance Tool,कर्मचारी उपस्थिती साधन,
Unmarked Attendance,खुणा न केलेली  उपस्थिती,
Employees HTML,कर्मचारी एचटीएमएल,
Marked Attendance,चिन्हांकित उपस्थिती,
Marked Attendance HTML,चिन्हांकित उपस्थिती एचटीएमएल,
Employee Benefit Application,कर्मचारी लाभ अर्ज,
Max Benefits (Yearly),कमाल फायदे (वार्षिक),
Remaining Benefits (Yearly),उर्वरित फायदे (वार्षिक),
Payroll Period,वेतनपट कालावधी,
Dispensed Amount (Pro-rated),मंजूर रक्कम (प्रो रेटेड),
Employee Benefit Application Detail,कर्मचारी लाभ अर्ज तपशील,
Earning Component,कमाई घटक,
Pay Against Benefit Claim,पेमेंट ऑफ बेनिफिट क्लेम,
Max Benefit Amount,कमाल बेहिशेबी रक्कम,
Employee Benefit Claim,कर्मचारी लाभ हक्क,
Claim Date,दावा तारीख,
Claim Benefit For,क्लेम बेनिफिटसाठी,
Max Amount Eligible,कमाल रक्कम पात्र,
Expense Proof,खर्चाचा पुरावा,
Employee Boarding Activity,कर्मचारी बोर्डिंग क्रियाकलाप,
Activity Name,गतिविधीचे नाव,
Required for Employee Creation,कर्मचारी निर्मितीसाठी आवश्यक,
Applicable in the case of Employee Onboarding,कर्मचारी ऑनबोर्डिंगच्या बाबतीत लागू,
Employee Checkin,कर्मचारी चेकइन,
Log Type,लॉग प्रकार,
OUT,आऊट,
Location / Device ID,स्थान / डिव्हाइस आयडी,
Skip Auto Attendance,स्वयं उपस्थिती वगळा,
Shift Start,शिफ्ट प्रारंभ,
Shift End,शिफ्ट एंड,
Shift Actual Start,शिफ्ट वास्तविक प्रारंभ,
Shift Actual End,शिफ्ट वास्तविक अंत,
Default Salary Structure,डीफॉल्ट वेतन रचना,
Employee Health Insurance,कर्मचारी आरोग्य विमा,
Health Insurance Name,आरोग्य विमा नाव,
Employee Incentive,कर्मचारी प्रोत्साहन,
Incentive Amount,प्रोत्साहन रक्कम,
Employee Onboarding,कर्मचारी ऑनबोर्डिंग,
Notify users by email,वापरकर्त्यांना ईमेलद्वारे सूचित करा,
Employee Onboarding Template,कर्मचारी ऑनबोर्डिंग टेम्पलेट,
Employee Other Income,कर्मचारी इतर उत्पन्न,
Employee Promotion,कर्मचारी प्रोत्साहन,
Promotion Date,जाहिरात तारीख,
Employee Promotion Details,कर्मचारी प्रोत्साहन तपशील,
Employee Property History,कर्मचारी मालमत्ता इतिहास,
Employee Separation,कर्मचारी विभेदन,
Employee Separation Template,कर्मचारी विभक्त टेम्पलेट,
Exit Interview Summary,मुलाखत सारांश बाहेर जा,
Employee Skill,कर्मचारी कौशल्य,
Proficiency,प्रवीणता,
Evaluation Date,मूल्यांकन तारीख,
Employee Skill Map,कर्मचारी कौशल्य नकाशा,
Employee Skills,कर्मचारी कौशल्ये,
Trainings,प्रशिक्षण,
Employee Tax Exemption Category,कर्मचारी कर सूट श्रेणी,
Max Exemption Amount,जास्तीत जास्त सूट रक्कम,
Employee Tax Exemption Declaration,कर्मचारी कर सवलत घोषणापत्र,
Declarations,घोषणापत्र,
Total Declared Amount,घोषित रक्कम,
Total Exemption Amount,एकूण सवलत रक्कम,
Employee Tax Exemption Declaration Category,कर्मचारी कर सूट घोषणापत्र,
Exemption Sub Category,सवलत उप वर्ग,
Exemption Category,सवलत श्रेणी,
Maximum Exempted Amount,जास्तीत जास्त सूट दिलेली रक्कम,
Declared Amount,घोषित रक्कम,
Employee Tax Exemption Proof Submission,कर्मचारी कर सूट सबॉफ सबमिशन,
Submission Date,सबमिशनची तारीख,
Tax Exemption Proofs,कर सूट पुरावा,
Total Actual Amount,एकूण वास्तविक रक्कम,
Employee Tax Exemption Proof Submission Detail,कर्मचारी कर सूट सबॉफ सबमिशन तपशील,
Maximum Exemption Amount,जास्तीत जास्त सूट रक्कम,
Type of Proof,पुराव्याचा प्रकार,
Actual Amount,वास्तविक रक्कम,
Employee Tax Exemption Sub Category,कर्मचारी कर सवलत उप श्रेणी,
Tax Exemption Category,कर सूट श्रेणी,
Employee Training,कर्मचारी प्रशिक्षण,
Training Date,प्रशिक्षण तारीख,
Employee Transfer,कर्मचारी हस्तांतरण,
Transfer Date,हस्तांतरण तारीख,
Employee Transfer Details,कर्मचारी हस्तांतरण तपशील,
Employee Transfer Detail,कर्मचारी हस्तांतरण तपशील,
Re-allocate Leaves,पाने पुन्हा वाटप,
Create New Employee Id,नवीन कर्मचारी आयडी तयार करा,
New Employee ID,नवीन कर्मचारी आयडी,
HR-EXP-.YYYY.-,HR-EXP- .YYY.-,
Expense Taxes and Charges,खर्च कर आणि शुल्क,
Total Sanctioned Amount,एकूण मंजूर रक्कम,
Total Advance Amount,एकूण आगाऊ रक्कम,
Total Claimed Amount,एकूण हक्क सांगितला रक्कम,
Total Amount Reimbursed,एकूण रक्कम परत देऊन,
Vehicle Log,वाहन लॉग,
Employees Email Id,कर्मचारी ई मेल आयडी,
More Details,अधिक माहितीसाठी,
Expense Claim Account,खर्च दावा खाते,
Expense Claim Advance,खर्च दावा आगाऊ,
Expense Claim Detail,खर्च हक्क तपशील,
Expense Date,खर्च तारीख,
Expense Claim Type,खर्च हक्क प्रकार,
HR Settings,एचआर सेटिंग्ज,
Employee Settings,कर्मचारी सेटिंग्ज,
Expense Approver Mandatory In Expense Claim,खर्चात दावा करणे अनिवार्य आहे,
Payroll Settings,पे रोल सेटिंग्ज,
Leave,सोडा,
Max working hours against Timesheet,कमाल Timesheet विरुद्ध तास काम,
Include holidays in Total no. of Working Days,एकूण कार्यरत दिवसामधे  सुट्ट्यांचा सामावेश करा,
"If checked, Total no. of Working Days will include holidays, and this will reduce the value of Salary Per Day","चेक केलेले असल्यास, एकूण कार्यरत दिवसंमध्ये सुट्ट्यांचा समावेश असेल, आणि यामुळे  पगार प्रति दिवस मूल्य कमी होईल.",
"If checked, hides and disables Rounded Total field in Salary Slips","तपासल्यास, पगार स्लिपमधील राउंड एकूण फील्ड लपविला आणि अक्षम करते",
The fraction of daily wages to be paid for half-day attendance,अर्ध्या दिवसाच्या उपस्थितीसाठी देय दैनंदिन वेतनाचा अंश,
Email Salary Slip to Employee,कर्मचारी ईमेल पगाराच्या स्लिप्स,
Emails salary slip to employee based on preferred email selected in Employee,प्राधान्य ईमेल कर्मचारी निवड आधारित कर्मचारी ईमेल पगारपत्रक,
Encrypt Salary Slips in Emails,ईमेल मधील वेतन स्लिप्स कूटबद्ध करा,
"The salary slip emailed to the employee will be password protected, the password will be generated based on the password policy.","कर्मचार्‍यांना ईमेल केलेली पगार स्लिप संकेतशब्द संरक्षित केली जाईल, संकेतशब्द धोरणाच्या आधारे पासवर्ड तयार केला जाईल.",
Password Policy,संकेतशब्द धोरण,
<b>Example:</b> SAL-{first_name}-{date_of_birth.year} <br>This will generate a password like SAL-Jane-1972,<b>उदाहरण:</b> SAL- {FIRST_NAME} - {date_of_birth.year} <br> हे एसएएल-जेन-1972 सारखा संकेतशब्द व्युत्पन्न करेल,
Leave Approval Notification Template,मंजूरी सूचना मांडणी सोडा,
Leave Status Notification Template,स्थिती सूचिबद्धता टेम्पलेट सोडा,
Role Allowed to Create Backdated Leave Application,बॅकडेटेड लीव्ह Createप्लिकेशन तयार करण्यासाठी भूमिका अनुमत,
Leave Approver Mandatory In Leave Application,सोडल्यातील अनुप्रयोगात अनिवार्य रजा सोडा,
Show Leaves Of All Department Members In Calendar,कॅलेंडरमध्ये सर्व विभागातील सभासदांची पाने दर्शवा,
Auto Leave Encashment,ऑटो लीव्ह एनकॅशमेंट,
Hiring Settings,नोकरीसाठी सेटिंग्ज,
Check Vacancies On Job Offer Creation,जॉब ऑफर क्रिएशनवर रिक्त जागा तपासा,
Identification Document Type,ओळख दस्तऐवज प्रकार,
Effective from,पासून प्रभावी,
Allow Tax Exemption,कर सूट द्या,
"If enabled, Tax Exemption Declaration will be considered for income tax calculation.","सक्षम केल्यास, आयकर गणनासाठी कर सूट घोषणेचा विचार केला जाईल.",
Standard Tax Exemption Amount,मानक कर सूट रक्कम,
Taxable Salary Slabs,करपात्र वेतन स्लॅब,
Taxes and Charges on Income Tax,आयकरवरील कर आणि शुल्क,
Other Taxes and Charges,इतर कर आणि शुल्क,
Income Tax Slab Other Charges,आयकर स्लॅब इतर शुल्क,
Min Taxable Income,किमान करपात्र उत्पन्न,
Max Taxable Income,जास्तीत जास्त करपात्र उत्पन्न,
Applicant for a Job,नोकरी साठी अर्जदार,
Job Opening,जॉब ओपनिंग,
Cover Letter,कव्हर पत्र,
Resume Attachment,सारांश संलग्नक,
Job Applicant Source,जॉब आवेदक स्त्रोत,
Applicant Email Address,अर्जदार ईमेल पत्ता,
Awaiting Response,प्रतिसाद प्रतीक्षा करत आहे,
Job Offer Terms,नोकरी ऑफर अटी,
Select Terms and Conditions,अटी आणि नियम निवडा,
Job Offer Term,नोकरीची ऑफर टर्म,
Offer Term,ऑफर मुदत,
Value / Description,मूल्य / वर्णन,
Description of a Job Opening,एक जॉब ओपनिंग वर्णन,
Staffing Plan,कर्मचारी योजना,
Planned number of Positions,नियोजित पोझिशन्स संख्या,
"Job profile, qualifications required etc.","कामाचे, पात्रता आवश्यक इ",
HR-LAL-.YYYY.-,एचआर-एलएएल - .YYYY.-,
New Leaves Allocated,नवी पाने वाटप,
Add unused leaves from previous allocations,मागील वाटप पासून न वापरलेल्या पाने जोडा,
Unused leaves,न वापरलेल्या  रजा,
Total Leaves Allocated,एकूण रजा  वाटप,
Total Leaves Encashed,एकूण पाने कूटबद्ध,
Leave Period,कालावधी सोडा,
Carry Forwarded Leaves,अग्रेषित केलेले पाने कॅरी,
Apply / Approve Leaves,सुट्या  मंजूर / लागू करा,
HR-LAP-.YYYY.-,एचआर-लॅप- .YYY.-,
Leave Balance Before Application,अर्ज करण्यापूर्वी शिल्लक सोडा,
Total Leave Days,एकूण दिवस रजा,
Leave Approver Name,रजा साक्षीदारा चे   नाव,
Follow via Email,ईमेल द्वारे अनुसरण करा,
Block Holidays on important days.,महत्वाचे दिवस अवरोधित करा सुट्ट्या.,
Leave Block List Name,रजा ब्लॉक यादी नाव,
Applies to Company,कंपनीसाठी  लागू,
"If not checked, the list will have to be added to each Department where it has to be applied.","तपासले नाही, तर यादी तो लागू करण्यात आली आहे, जेथे प्रत्येक विभाग जोडले आहे.",
Block Days,ब्लॉक दिवस,
Stop users from making Leave Applications on following days.,खालील दिवस रजा अनुप्रयोग बनवण्यासाठी वापरकर्त्यांना थांबवा.,
Leave Block List Dates,रजा ब्लॉक यादी तारखा,
Allow Users,वापरकर्त्यांना परवानगी द्या,
Allow the following users to approve Leave Applications for block days.,खालील वापरकर्त्यांना ब्लॉक दिवस रजा अर्ज मंजूर करण्याची परवानगी द्या.,
Leave Block List Allowed,रजा ब्लॉक यादी परवानगी दिली,
Leave Block List Allow,रजा ब्लॉक यादी परवानगी द्या,
Allow User,सदस्य परवानगी द्या,
Leave Block List Date,रजा ब्लॉक यादी तारीख,
Block Date,ब्लॉक तारीख,
Leave Control Panel,नियंत्रण पॅनेल सोडा,
Employment Type (optional),रोजगाराचा प्रकार (पर्यायी),
Branch (optional),शाखा (पर्यायी),
Department (optional),विभाग (पर्यायी),
Designation (optional),पदनाम (पर्यायी),
Employee Grade (optional),कर्मचारी श्रेणी (पर्यायी),
Employee (optional),कर्मचारी (पर्यायी),
Allocate Leaves,पाने वाटप करा,
Carry Forward,कॅरी फॉरवर्ड,
Please select Carry Forward if you also want to include previous fiscal year's balance leaves to this fiscal year,आपण देखील मागील आर्थिक वर्षातील शिल्लक रजा या आर्थिक वर्षात समाविष्ट करू इच्छित असल्यास कृपया कॅरी फॉरवर्ड निवडा,
New Leaves Allocated (In Days),नवी पाने वाटप (दिवस मध्ये),
Leave Balance,शिल्लक रजा,
Encashable days,ऍन्कॅश करण्यायोग्य दिवस,
Encashment Amount,नकरण रक्कम,
Leave Ledger Entry,लेजर प्रवेश सोडा,
Transaction Name,व्यवहाराचे नाव,
Is Carry Forward,कॅरी फॉरवर्ड आहे,
Is Expired,कालबाह्य झाले आहे,
Is Leave Without Pay,पे न करता सोडू आहे,
Holiday List for Optional Leave,पर्यायी रजेसाठी सुट्टी यादी,
Leave Allocations,वाटप सोडा,
Leave Policy Details,पॉलिसीचे तपशील द्या,
Leave Policy Detail,धोरण तपशील द्या,
Annual Allocation,वार्षिक आबंटन,
Leave Type Name,रजा प्रकारचे नाव,
Applicable After (Working Days),लागू केल्यानंतर (कार्य दिवस),
Is Optional Leave,पर्यायी रजा आहे,
Allow Negative Balance,नकारात्मक शिल्लक परवानगी द्या,
Include holidays within leaves as leaves,leaves म्हणून leaves मध्ये सुट्ट्यांचा सामावेश करा,
Is Compensatory,कायदेशीर आहे,
Maximum Carry Forwarded Leaves,जास्तीत जास्त अग्रेषित पाने,
Expire Carry Forwarded Leaves (Days),अग्रेषित पाने (दिवस) वाहून जाण्याची मुदत,
Calculated in days,दिवसांत गणना केली,
Encashment,एनकॅशमेंट,
Allow Encashment,कॅशेकरणास अनुमती द्या,
Encashment Threshold Days,कॅशॅशमेंट थ्रेशोल्ड डेस,
Earned Leave,कमावलेले रजा,
Is Earned Leave,कमावलेले रजा आहे,
Earned Leave Frequency,अर्जित लीव्ह फ्रिक्न्सी,
Rounding,राउंडिंग,
Payroll Employee Detail,वेतनपट कर्मचारी तपशील,
Payroll Frequency,उपयोग पे रोल वारंवारता,
Fortnightly,पाक्षिक,
Bimonthly,द्विमासिक,
Employees,कर्मचारी,
Number Of Employees,कर्मचारी संख्या,
Employee Details,कर्मचारी तपशील,
Validate Attendance,उपस्थिततेचे प्रमाणिकरण करा,
Salary Slip Based on Timesheet,Timesheet आधारित पगाराच्या स्लिप्स,
Deduct Tax For Unclaimed Employee Benefits,बेकायदेशीर कर्मचारी फायदे साठी कर वजा करा,
Deduct Tax For Unsubmitted Tax Exemption Proof,सबमिट न केलेल्या कर सूट सबस्क्रिप्शनसाठी कराची वसुली करा,
Select Payment Account to make Bank Entry,भरणा खाते निवडा बँक प्रवेश करण्यासाठी,
Salary Slips Created,वेतन स्लिप्स तयार,
Salary Slips Submitted,वेतन स्लिप सादर,
Payroll Periods,वेतनपट कालावधी,
Payroll Period Date,वेतनपट कालावधी तारीख,
Purpose of Travel,प्रवासाचा हेतू,
Retention Bonus,धारणा बोनस,
Bonus Payment Date,बोनस भरणा तारीख,
Bonus Amount,बोनस रक्कम,
Depends on Payment Days,भरणा दिवसांवर अवलंबून असते,
Is Tax Applicable,कर लागू आहे,
Variable Based On Taxable Salary,करपात्र वेतन आधारित बदल,
Exempted from Income Tax,प्राप्तिकरातून सूट,
Round to the Nearest Integer,जवळचे पूर्णांक पूर्णांक,
Statistical Component,सांख्यिकी घटक,
"If selected, the value specified or calculated in this component will not contribute to the earnings or deductions. However, it's value can be referenced by other components that can be added or deducted. ","नीवडल्यास, हा घटक मध्ये निर्दिष्ट गणना मूल्य कमाई किंवा कपात योगदान नाही. तथापि, मूल्यवर्धित किंवा वजा केले जाऊ शकते इतर घटक संदर्भ जाऊ शकते आहे.",
Do Not Include in Total,एकूण मध्ये समाविष्ट करू नका,
Flexible Benefits,लवचिक फायदे,
Is Flexible Benefit,लवचिक लाभ आहे,
Max Benefit Amount (Yearly),कमाल बेनिफिट रक्कम (वार्षिक),
Only Tax Impact (Cannot Claim But Part of Taxable Income),केवळ कर परिणाम (दावा करू शकत नाही परंतू करपात्र उत्पन्नाचा भाग),
Create Separate Payment Entry Against Benefit Claim,बेनिफिट हक्क विरूद्ध वेगळे देयक प्रविष्ट करा,
Amount based on formula,सूत्र आधारित रक्कम,
Formula,सुत्र,
Salary Detail,पगार तपशील,
Component,घटक,
Do not include in total,एकूण मध्ये समाविष्ट करू नका,
Default Amount,डीफॉल्ट रक्कम,
Additional Amount,अतिरिक्त रक्कम,
Tax on flexible benefit,लवचिक लाभांवर कर,
Tax on additional salary,अतिरिक्त पगारावर कर,
Salary Structure,वेतन रचना,
Working Days,कामाचे दिवस,
Salary Slip Timesheet,पगाराच्या स्लिप्स Timesheet,
Earnings,कमाई,
Deductions,वजावट,
Total in words,शब्दात एकूण,
Salary Component for timesheet based payroll.,timesheet आधारित उपयोग पे रोल पगार घटक.,
Leave Encashment Amount Per Day,लीव्ह एनकॅशमेंट रक्कम प्रति दिवस,
Max Benefits (Amount),कमाल फायदे (रक्कम),
Salary breakup based on Earning and Deduction.,कमावते आणि कपात आधारित पगार चित्रपटाने.,
Total Earning,एकूण कमाई,
Salary Structure Assignment,वेतन रचना असाइनमेंट,
Shift Assignment,शिफ्ट असाइनमेंट,
Shift Type,Shift Type,
Shift Request,Shift विनंती,
Enable Auto Attendance,स्वयं उपस्थिती सक्षम करा,
Mark attendance based on 'Employee Checkin' for Employees assigned to this shift.,या शिफ्टमध्ये नियुक्त केलेल्या कर्मचार्‍यांसाठी &#39;कर्मचारी चेकइन&#39; वर आधारित उपस्थिती चिन्हांकित करा.,
Auto Attendance Settings,स्वयं उपस्थिती सेटिंग्ज,
Determine Check-in and Check-out,चेक-इन आणि चेक-आउट निश्चित करा,
Alternating entries as IN and OUT during the same shift,त्याच शिफ्ट दरम्यान आयएन आणि आउट म्हणून वैकल्पिक नोंदी,
Strictly based on Log Type in Employee Checkin,कर्मचारी चेक इन मधील लॉग प्रकारावर काटेकोरपणे आधारित,
Working Hours Calculation Based On,कार्यरत तास गणना आधारित,
First Check-in and Last Check-out,प्रथम चेक इन आणि अंतिम तपासणी,
Every Valid Check-in and Check-out,प्रत्येक वैध चेक इन आणि चेक आउट,
Begin check-in before shift start time (in minutes),शिफ्ट सुरू होण्यापूर्वी चेक-इन सुरू करा (मिनिटांत),
The time before the shift start time during which Employee Check-in is considered for attendance.,शिफ्ट सुरू होण्यापूर्वीचा वेळ ज्या दरम्यान हजेरीसाठी कर्मचारी तपासणीचा विचार केला जातो.,
Allow check-out after shift end time (in minutes),शिफ्ट एंड टाइम नंतर चेक आउटला परवानगी द्या (मिनिटांत),
Time after the end of shift during which check-out is considered for attendance.,शिफ्ट संपल्यानंतरची वेळ ज्या दरम्यान उपस्थिती दर्शविली जाते.,
Working Hours Threshold for Half Day,अर्ध्या दिवसासाठी कार्यरत तासांचा उंबरठा,
Working hours below which Half Day is marked. (Zero to disable),कामाचे तास ज्याच्या खाली अर्धा दिवस चिन्हांकित केला आहे. (अक्षम करण्यासाठी शून्य),
Working Hours Threshold for Absent,अनुपस्थित कामकाजाचा उंबरठा,
Working hours below which Absent is marked. (Zero to disable),कामकाजाचे तास ज्याखाली अनुपस्थित चिन्हांकित केले आहे. (अक्षम करण्यासाठी शून्य),
Process Attendance After,नंतर प्रक्रिया उपस्थिती,
Attendance will be marked automatically only after this date.,उपस्थिती या तारखेनंतरच स्वयंचलितपणे चिन्हांकित केली जाईल.,
Last Sync of Checkin,चेकिनचा शेवटचा संकालन,
Last Known Successful Sync of Employee Checkin. Reset this only if you are sure that all Logs are synced from all the locations. Please don't modify this if you are unsure.,कर्मचारी चेकिनचे अंतिम ज्ञात यशस्वी समक्रमण. सर्व ठिकाणी सर्व नोंदी समक्रमित केल्या जातील याची आपल्याला खात्री असल्यासच हे रीसेट करा. कृपया आपणास खात्री नसल्यास हे सुधारित करू नका.,
Grace Period Settings For Auto Attendance,स्वयं उपस्थितीसाठी ग्रेस पीरियड सेटिंग्ज,
Enable Entry Grace Period,प्रवेश ग्रेस कालावधी सक्षम करा,
Late Entry Grace Period,उशीरा प्रवेश ग्रेस कालावधी,
The time after the shift start time when check-in is considered as late (in minutes).,जेव्हा चेक-इन उशीरा (मिनिटात) मानला जातो तेव्हा शिफ्ट सुरू होण्याच्या वेळेची वेळ.,
Enable Exit Grace Period,बाहेर पडा ग्रेस कालावधी सक्षम करा,
Early Exit Grace Period,लवकर बाहेर पडा ग्रेस कालावधी,
The time before the shift end time when check-out is considered as early (in minutes).,जेव्हा चेक-आउट लवकर (मिनिटात) मानले जाते तेव्हा शिफ्ट समाप्तीपूर्वीचा वेळ.,
Skill Name,कौशल्य नाव,
Staffing Plan Detail,स्टाफिंग प्लॅन तपशील,
Total Estimated Budget,एकूण अंदाजित बजेट,
Vacancies,नोकऱ्या,
Estimated Cost Per Position,अंदाजे खर्च प्रति स्थिती,
Total Estimated Cost,एकूण अंदाजे किंमत,
Current Count,वर्तमान गणना,
Current Openings,वर्तमान संधी,
Number Of Positions,स्थितींची संख्या,
Taxable Salary Slab,करपात्र वेतन स्लॅब,
From Amount,रकमेपेक्षा,
To Amount,मोजण्यासाठी,
Percent Deduction,टक्के कपात,
Training Program,प्रशिक्षण कार्यक्रम,
Event Status,कार्यक्रम स्थिती,
Has Certificate,प्रमाणपत्र आहे,
Seminar,सेमिनार,
Theory,सिद्धांत,
Workshop,कार्यशाळा,
Conference,परिषद,
Exam,परीक्षा,
Internet,इंटरनेट,
Self-Study,स्वत: ची अभ्यास,
Advance,प्रगती,
Trainer Name,प्रशिक्षक नाव,
Trainer Email,प्रशिक्षक ईमेल,
Attendees,उपस्थित,
Employee Emails,कर्मचारी ई-मेल,
Training Event Employee,प्रशिक्षण कार्यक्रम कर्मचारी,
Invited,आमंत्रित केले,
Feedback Submitted,अभिप्राय सादर केला,
Training Result Employee,प्रशिक्षण निकाल कर्मचारी,
Travel Itinerary,प्रवासाचा मार्ग,
Travel From,कडून प्रवास,
Travel To,पर्यटनासाठी,
Mode of Travel,प्रवास मोड,
Flight,फ्लाइट,
Train,ट्रेन,
Taxi,टॅक्सी,
Rented Car,भाड्याने कार,
Meal Preference,भोजन प्राधान्य,
Vegetarian,शाकाहारी,
Non-Vegetarian,नॉन-शाकाहारी,
Gluten Free,ग्लूटेन विनामूल्य,
Non Diary,नॉन डायरी,
Travel Advance Required,प्रवास अग्रिम आवश्यक,
Departure Datetime,डिपार्चर डेट टाइम,
Arrival Datetime,आगमन Datetime,
Lodging Required,लॉजिंग आवश्यक,
Preferred Area for Lodging,लॉजिंगसाठी प्राधान्यीकृत क्षेत्र,
Check-in Date,चेक-इन तारीख,
Check-out Date,चेक-आउट तारीख,
Travel Request,प्रवास विनंती,
Travel Type,प्रवास प्रकार,
Domestic,घरगुती,
International,आंतरराष्ट्रीय,
Travel Funding,प्रवास निधी,
Require Full Funding,पूर्ण निधी आवश्यक,
Fully Sponsored,पूर्णतः प्रायोजित,
"Partially Sponsored, Require Partial Funding","अंशतः प्रायोजित, आंशिक अनुदान आवश्यक आहे",
Copy of Invitation/Announcement,आमंत्रण / घोषणाची प्रत,
"Details of Sponsor (Name, Location)","प्रायोजकांचा तपशील (नाव, स्थान)",
Identification Document Number,ओळख दस्तऐवज संख्या,
Any other details,कोणतेही अन्य तपशील,
Costing Details,कॉस्टिंग तपशील,
Event Details,इव्हेंट तपशील,
Name of Organizer,आयोजकचे नाव,
Address of Organizer,आयोजकचा पत्ता,
Travel Request Costing,प्रवास विनंती मूल्य,
Expense Type,खर्च प्रकार,
Sponsored Amount,प्रायोजित रक्कम,
Funded Amount,अनुदानीत रक्कम,
Upload Attendance,हजेरी अपलोड करा,
Attendance From Date,तारीख पासून उपस्थिती,
Attendance To Date,उपस्थिती पासून तारीख,
Get Template,साचा मिळवा,
Import Attendance,आयात हजेरी,
Upload HTML,HTML अपलोड करा,
HR-VLOG-.YYYY.-,एचआर-व्होलाग- .YYYY.-,
Odometer Reading,ओडोमीटर वाचन,
Current Odometer value ,वर्तमान ओडोमीटर मूल्य,
Refuelling Details,Refuelling तपशील,
Invoice Ref,चलन संदर्भ,
Service Details,सेवा तपशील,
Vehicle Service,वाहन सेवा,
Service Item,सेवा बाबींचा,
Brake Oil,ब्रेक तेल,
Brake Pad,ब्रेक पॅड,
Clutch Plate,घट्ट पकड प्लेट,
Engine Oil,इंजिन तेल,
Oil Change,तेल बदला,
Inspection,तपासणी,
Mileage,मायलेज,
Salary Slip Loan,वेतन स्लिप कर्ज,
Loan Repayment Entry,कर्जाची परतफेड एन्ट्री,
May,मे,
June,जून,
July,जुलै,
Bank Remittance,बँक रेमिटन्स,
Daily Work Summary Replies,दैनिक काम सारांश उत्तर,
Employee Advance Summary,कर्मचारी आगाऊ सारांश,
Employees working on a holiday,सुट्टी काम कर्मचारी,
Monthly Attendance Sheet,मासिक हजेरी पत्रक,
Salary Register,पगार नोंदणी,
Unpaid Expense Claim,बाकी खर्च दावा,
Payment Account is mandatory,पेमेंट खाते अनिवार्य आहे,
"If checked, the full amount will be deducted from taxable income before calculating income tax without any declaration or proof submission.","तपासल्यास, कोणतीही घोषणा किंवा पुरावा सबमिशन न करता आयकर मोजण्यापूर्वी संपूर्ण रक्कम करपात्र उत्पन्नामधून वजा केली जाईल.",
In Time,वेळेत,
Out Time,आउट टाईम,
Is Recurring,आवर्ती आहे,
HRA Exemption,एचआरए सवलत,
Monthly House Rent,मासिक घर भाड्याने,
Rented in Metro City,मेट्रो सिटीमध्ये भाड्याने दिले,
HRA as per Salary Structure,वेतन संरचनेनुसार एचआरए,
Annual HRA Exemption,वार्षिक एचआरए सवलत,
Monthly HRA Exemption,मासिक एचआरए सवलत,
House Rent Payment Amount,घर भाड्याने देय रक्कम,
Rented From Date,तारखेपासून भाड्याने दिले,
Rented To Date,आजपर्यंत भाड्याने दिले,
Monthly Eligible Amount,मासिक पात्र रक्कम,
Total Eligible HRA Exemption,एकूण पात्र एचआरए सवलत,
Validating Employee Attendance...,कर्मचार्‍यांची उपस्थिती मान्य करीत आहे ...,
Submitting Salary Slips and creating Journal Entry...,वेतन स्लिप सबमिट करीत आहे आणि जर्नल एन्ट्री तयार करीत आहे ...,
Calculate Payroll Working Days Based On,आधारीत पेरोलच्या कार्यरत दिवसांची गणना करा,
Consider Unmarked Attendance As,म्हणून अचिन्हांकित उपस्थिती विचारात घ्या,
Fraction of Daily Salary for Half Day,अर्ध्या दिवसासाठी दैनिक पगाराचा अपूर्णांक,
Component Type,घटक प्रकार,
Provident Fund,भविष्य निर्वाह निधी,
Additional Provident Fund,अतिरिक्त भविष्य निर्वाह निधी,
Provident Fund Loan,भविष्य निर्वाह निधी,
Professional Tax,व्यावसायिक कर,
Is Income Tax Component,आयकर घटक आहे,
Component properties and references ,घटक गुणधर्म आणि संदर्भ,
Additional Salary ,अतिरिक्त वेतन,
Unmarked days,चिन्हांकित केलेले दिवस,
Absent Days,अनुपस्थित दिवस,
Conditions and Formula variable and example,अटी आणि फॉर्म्युला व्हेरिएबल आणि उदाहरण,
Income Tax Deductions,प्राप्तिकर कर वजा,
Income Tax Component,आयकर घटक,
Income Tax Amount,प्राप्तिकर रक्कम,
Unmarked Days,चिन्हांकित दिवस,
Jan,जाने,
Feb,फेब्रुवारी,
Mar,मार्च,
Apr,एप्रिल,
Aug,ऑगस्ट,
Sep,सप्टेंबर,
Oct,ऑक्टोबर,
Nov,नोव्हेंबर,
Dec,डिसें,
Summarized View,सारांशित दृश्य,
Professional Tax Deductions,व्यावसायिक कर वजा,
Provident Fund Deductions,भविष्य निर्वाह निधी वजावट,
Recruitment Analytics,भरती विश्लेषणे,
Applicant name,अर्जदाराचे नाव,
Job Offer status,नोकरी ऑफर स्थिती,
On Date,तारखेला,
Salary Payments Based On Payment Mode,देय मोडवर आधारित वेतन देय,
Salary Payments via ECS,ईसीएस मार्गे पगाराची देयके,
Account No,खाते क्रमांक,
IFSC,आयएफएससी,
MICR,एमआयसीआर,
PF Account,पीएफ खाते,
PF Amount,पीएफ रक्कम,
Additional PF,अतिरिक्त पीएफ,
PF Loan,पीएफ कर्ज,
Duplicate Entry,अवैध प्रवेश,
Please select Employee first.,कृपया प्रथम कर्मचारी निवडा.,
To Date should be greater than From Date,तारखेपासून तारीख अधिक असणे आवश्यक आहे,
Job Offer: {0} is already for Job Applicant: {1},नोकरीची ऑफर: Job 0 already आधीच नोकरी अर्जदारासाठी आहे: {1},
Only Shift Request with status 'Approved' and 'Rejected' can be submitted,&#39;स्वीकृत&#39; आणि &#39;नाकारलेले&#39; या स्थितीसह केवळ शिफ्ट विनंती सबमिट केली जाऊ शकते,
Shift Assignment: {0} created for Employee: {1},शिफ्ट असाइनमेंट: for 0 Emplo कर्मचार्‍यासाठी तयार केले: {1},
You can not request for your Default Shift: {0},आपण आपल्या डीफॉल्ट शिफ्टसाठी विनंती करू शकत नाही: {0},
Only Approvers can Approve this Request.,केवळ विनोद ही विनंती मंजूर करू शकतात.,
Please set Payroll based on in Payroll settings,कृपया पेरोल सेटिंग्जवर आधारित पेरोल सेट करा,
Additional Salary: {0} already exist for Salary Component: {1} for period {2} and {3},अतिरिक्त वेतन: पगाराच्या घटकासाठी} 0} आधीपासून विद्यमान आहे: {2 period आणि {3 period कालावधीसाठी {1},
Payroll date can not be less than employee's joining date.,पेरोल तारीख कर्मचार्‍यांच्या सामील होण्याच्या तारखेपेक्षा कमी असू शकत नाही.,
From date can not be less than employee's joining date.,तारखेपासून कर्मचार्‍यांच्या सामील होण्याच्या तारखेपेक्षा कमी असू शकत नाही.,
To date can not be greater than employee's relieving date.,आजची कर्मचार्‍यांच्या आरामशीर तारखेपेक्षा मोठी असू शकत नाही.,
Payroll date can not be greater than employee's relieving date.,पेरोल तारीख कर्मचार्‍यांच्या आराम देण्याच्या तारखेपेक्षा मोठी असू शकत नाही.,
Condition and formula,अट आणि सूत्र,
Available Leaves,उपलब्ध पाने,
IFSC Code,आयएफएससी कोड,
Others,इतर,
Total Allocated Leaves,एकूण वाटप पाने,
Used Leaves,वापरले पाने,
PAN Number,पॅन क्रमांक,
Expired Leaves,कालबाह्य झालेले पाने,
