) for {0},) untuk {0},
A {0} exists between {1} and {2} (,A {0} wujud antara {1} dan {2} (,
Absent,Tidak hadir,
Accrual Journal Entry for salaries from {0} to {1},Kemasukan Jurnal Akruan untuk gaji dari {0} hingga {1},
Add to Details,Tambah pada Butiran,
Added to details,Ditambah pada butiran,
All Jobs,Semua Pekerjaan,
Allocated Leaves,Daun yang diperuntukkan,
Annual Salary,Gaji tahunan,
Application period cannot be across two allocation records,Tempoh permohonan tidak boleh merangkumi dua rekod peruntukan,
Application period cannot be outside leave allocation period,Tempoh permohonan tidak boleh cuti di luar tempoh peruntukan,
Apply Now,Mohon sekarang,
Apprentice,Perantis,
Approval Status,Kelulusan Status,
Approval Status must be 'Approved' or 'Rejected',Kelulusan Status mesti &#39;diluluskan&#39; atau &#39;Ditolak&#39;,
As per your assigned Salary Structure you cannot apply for benefits,"Sebagaimana Struktur Gaji yang anda berikan, anda tidak boleh memohon manfaat",
Assign,Berikan,
Assign Salary Structure,Menetapkan Struktur Gaji,
Assign to Employees,Berikan kepada Pekerja,
Assigning Structures...,Menetapkan Struktur ...,
Attendance,Kehadiran,
Attendance From Date and Attendance To Date is mandatory,Kehadiran Dari Tarikh dan Kehadiran Untuk Tarikh adalah wajib,
Attendance for employee {0} is already marked for this day,Kehadiran pekerja {0} sudah ditanda pada hari ini,
Attendance not submitted for {0} as it is a Holiday.,Kehadiran tidak dihantar untuk {0} kerana ia adalah Percutian.,
Bank Entries,Bank Penyertaan,
Base,base,
Beginner,Permulaan,
Birthday Reminder,Peringatan Hari Lahir,
Bonus Payment Date cannot be a past date,Tarikh Bayaran Bonus tidak boleh menjadi tarikh yang lalu,
Calls,Panggilan,
Cannot find active Leave Period,Tidak dapat mencari Tempoh Cuti aktif,
Casual Leave,Cuti Kasual,
Claimed Amount,Jumlah yang dituntut,
Compensatory Off,Pampasan Off,
Contact Number,Nombor telefon,
Course,Kursus,
Create Disbursement Entry,Buat Entri Penyewaan,
Create Salary Slip,Membuat Slip Gaji,
Create Salary Slips,Buat Slip Gaji,
Creating Payment Entries......,Mencipta Entri Pembayaran ......,
Creating Salary Slips...,Membuat Slip Gaji ...,
Current,Semasa,
Current Job Openings,Lowongan Kerja Semasa,
Daily Work Summary,Ringkasan Kerja Harian,
Daily Work Summary Group,Kumpulan Ringkasan Kerja Harian,
Date is repeated,Tarikh diulang,
Debit A/C Number,Nombor A / C Debit,
Deduction,Potongan,
Document Status,Dokumen Status,
Earning,Pendapatan,
Employee A/C Number,Nombor A / C Pekerja,
Employee Benefits,Manfaat pekerja,
Employee Grade,Gred pekerja,
Employee Referral,Rujukan pekerja,
Employee relieved on {0} must be set as 'Left',Pekerja lega pada {0} mesti ditetapkan sebagai &#39;kiri&#39;,
Employee {0} already submited an apllication {1} for the payroll period {2},Pekerja {0} telah mengemukakan apllication {1} untuk tempoh gaji {2},
Employee {0} has no maximum benefit amount,Pekerja {0} tidak mempunyai jumlah faedah maksimum,
Employee {0} is not active or does not exist,Pekerja {0} tidak aktif atau tidak wujud,
Employee {0} is on Leave on {1},Pekerja {0} ada di Cuti di {1},
Employee {0} on Half day on {1},Pekerja {0} pada hari Half pada {1},
End time cannot be before start time,Masa tamat tidak boleh sebelum waktu mula,
Evaluation,Penilaian,
Event Location,Lokasi Acara,
Event Name,Nama event,
Expense Claim for Vehicle Log {0},Tuntutan Perbelanjaan untuk kenderaan Log {0},
Expense Claim {0} already exists for the Vehicle Log,Perbelanjaan Tuntutan {0} telah wujud untuk Log Kenderaan,
Fill the form and save it,Isi borang dan simpannya,
Filter Employees By (Optional),Penapis Pekerja Mengikut (pilihan),
Fiscal Year {0} not found,Tahun Anggaran {0} tidak dijumpai,
Food,Makanan,
For Employee,Untuk Pekerja,
From Date {0} cannot be after employee's relieving Date {1},Dari Tarikh {0} tidak boleh selepas Tarikh melegakan pekerja {1},
From Date {0} cannot be before employee's joining Date {1},Dari Tarikh {0} tidak boleh sebelum pekerja menyertai Tarikh {1},
From date can not be less than employee's joining date,Dari tarikh tidak boleh kurang daripada tarikh menyertai pekerja,
Fuel Price,Harga Bahan Api,
Fuel Qty,Fuel Qty,
Full-time,Sepenuh masa,
Future dates not allowed,Tarikh masa depan tidak dibenarkan,
Get Details From Declaration,Dapatkan Butiran Dari Perisytiharan,
Get Employees,Dapatkan Pekerja,
Gross Pay,Gaji kasar,
Guest,Tetamu,
Half Day,Hari separuh,
Half Day Date is mandatory,Tarikh Hari Setempat adalah wajib,
Half Day Date should be between From Date and To Date,Half Tarikh Hari harus antara Dari Tarikh dan To Date,
Half Day Date should be in between Work From Date and Work End Date,Tarikh Hari Separuh hendaklah di antara Kerja Dari Tarikh dan Tarikh Akhir Kerja,
Half day date should be in between from date and to date,Tarikh setengah hari sepatutnya berada di antara dari tarikh dan setakat ini,
Hello,Hello,
House rent paid days overlapping with {0},Sewa hari sewa hari bertindih dengan {0},
House rented dates required for exemption calculation,Tarikh sewa rumah yang diperlukan untuk pengiraan pengecualian,
House rented dates should be atleast 15 days apart,Tarikh sewa rumah sepatutnya tidak terpakai selama 15 hari,
Interest Amount,Amaun Faedah,
Intern,Pelatih,
Job Description,Penerangan mengenai Jawatan,
Job Offer,Tawaran pekerjaan,
Jobs,Pekerjaan,
Leave Approval Notification,Berikan Pemberitahuan Kelulusan,
Leave Blocked,Tinggalkan Disekat,
Leave Encashment,meninggalkan Penunaian,
Leave Status Notification,Tinggalkan Pemberitahuan Status,
Leave Type,Cuti Jenis,
Leave Type is madatory,Tinggalkan Jenis adalah madatory,
Leave Type {0} cannot be allocated since it is leave without pay,Tinggalkan Jenis {0} tidak boleh diperuntukkan sejak ia meninggalkan tanpa gaji,
Leave Type {0} cannot be carry-forwarded,Tinggalkan Jenis {0} tidak boleh bawa dikemukakan,
Leave Type {0} is not encashable,Jenis Tinggalkan {0} tidak boleh encashable,
Leave Without Pay,Tinggalkan Tanpa Gaji,
"Leave cannot be allocated before {0}, as leave balance has already been carry-forwarded in the future leave allocation record {1}","Cuti yang tidak boleh diperuntukkan sebelum {0}, sebagai baki cuti telah pun dibawa dikemukakan dalam rekod peruntukan cuti masa depan {1}",
"Leave cannot be applied/cancelled before {0}, as leave balance has already been carry-forwarded in the future leave allocation record {1}","Tinggalkan tidak boleh digunakan / dibatalkan sebelum {0}, sebagai baki cuti telah pun dibawa dikemukakan dalam rekod peruntukan cuti masa depan {1}",
Leave of type {0} cannot be longer than {1},Cuti jenis {0} tidak boleh lebih panjang daripada {1},
Leaves,Daun,
Leaves Allocated Successfully for {0},Meninggalkan Diperuntukkan Berjaya untuk {0},
Leaves per Year,Meninggalkan setiap Tahun,
Lifecycle,Kitaran hidup,
Mark Attendance,Tandatangan Kehadiran,
Max Exemption Amount cannot be greater than maximum exemption amount {0} of Tax Exemption Category {1},Jumlah Pengecualian Maksimum tidak boleh melebihi jumlah pengecualian maksimum {0} dari Kategori Pengecualian Cukai {1},
Max benefits should be greater than zero to dispense benefits,Faedah maksima harus lebih besar daripada sifar untuk memberi manfaat,
Maximum amount eligible for the component {0} exceeds {1},Jumlah maksimum yang layak untuk komponen {0} melebihi {1},
Maximum benefit amount of component {0} exceeds {1},Jumlah faedah maksimum komponen {0} melebihi {1},
Maximum benefit amount of employee {0} exceeds {1},Jumlah faedah maksimum pekerja {0} melebihi {1},
Maximum leave allowed in the leave type {0} is {1},Cuti maksimum dibenarkan dalam cuti jenis {0} adalah {1},
Medical,Perubatan,
Mode of payment is required to make a payment,Cara pembayaran adalah dikehendaki untuk membuat pembayaran,
More than one selection for {0} not allowed,Lebih daripada satu pilihan untuk {0} tidak dibenarkan,
Net Pay,Gaji bersih,
Net Pay cannot be less than 0,Pay bersih tidak boleh kurang daripada 0,
Net Salary Amount,Jumlah Gaji Bersih,
Net pay cannot be negative,Gaji bersih tidak boleh negatif,
No Employee Found,Tiada Pekerja Dijumpai,
No Salary Structure assigned for Employee {0} on given date {1},Tiada Struktur Gaji yang diberikan kepada Pekerja {0} pada tarikh yang diberikan {1},
No Staffing Plans found for this Designation,Tiada Pelan Kakitangan ditemui untuk Jawatan ini,
No active or default Salary Structure found for employee {0} for the given dates,Tiada Struktur aktif atau Gaji lalai dijumpai untuk pekerja {0} pada tarikh yang diberikan,
No more updates,Tiada lagi kemas kini,
No replies from,Tiada jawapan daripada,
No salary slip found to submit for the above selected criteria OR salary slip already submitted,Tiada slip gaji yang didapati mengemukakan untuk kriteria yang dipilih di atas ATAU slip gaji yang telah diserahkan,
Nothing to change,Tiada perubahan,
Notice Period,Tempoh notis,
Only Leave Applications with status 'Approved' and 'Rejected' can be submitted,Hanya Tinggalkan Permohonan dengan status &#39;diluluskan&#39; dan &#39;Telah&#39; boleh dikemukakan,
Optional Holiday List not set for leave period {0},Senarai Percutian Pilihan tidak ditetapkan untuk tempoh cuti {0},
Part-time,Sambilan,
Password policy for Salary Slips is not set,Dasar kata laluan untuk Slip Gaji tidak ditetapkan,
Payment Days,Hari Pembayaran,
Payment of {0} from {1} to {2},Pembayaran {0} dari {1} ke {2},
Payroll,Payroll,
Payroll Number,Nombor Gaji,
Piecework,Piecework,
Please add the remaining benefits {0} to any of the existing component,Sila tambahkan faedah yang tinggal {0} kepada mana-mana komponen sedia ada,
Please confirm once you have completed your training,Sila sahkan setelah anda menyelesaikan latihan anda,
Please enable default incoming account before creating Daily Work Summary Group,Sila aktifkan akaun masuk lalai sebelum membuat Kumpulan Ringkasan Kerja Harian,
Please select Company and Designation,Sila pilih Syarikat dan Jawatan,
Please select Employee,Sila pilih Pekerja,
Please select a csv file,Sila pilih fail csv,
Please set default template for Leave Approval Notification in HR Settings.,Sila tetapkan templat lalai untuk Pemberitahuan Kelulusan Cuti dalam Tetapan HR.,
Please set default template for Leave Status Notification in HR Settings.,Sila tetapkan templat lalai untuk Pemberitahuan Status Pemberitahuan dalam Tetapan HR.,
Please set the Company,Sila tetapkan Syarikat,
Please set the Date Of Joining for employee {0},Sila menetapkan Tarikh Of Menyertai untuk pekerja {0},
Please share your feedback to the training by clicking on 'Training Feedback' and then 'New',Sila maklumkan maklum balas anda ke latihan dengan mengklik &#39;Maklum Balas Latihan&#39; dan kemudian &#39;Baru&#39;,
Please update your status for this training event,Sila kemas kini status anda untuk acara latihan ini,
Present,Hadir,
Preview Salary Slip,Preview Slip Gaji,
Privilege Leave,Privilege Cuti,
Probation,Percubaan,
Probationary Period,Tempoh percubaan,
Property,Harta,
Property already added,Harta sudah ditambah,
Replies,Balasan,
Responsibilities,Tanggungjawab,
Role,Peranan,
Row {0}# Allocated amount {1} cannot be greater than unclaimed amount {2},Baris {0} # Jumlah yang diperuntukkan {1} tidak boleh melebihi jumlah yang tidak dituntut {2},
Row {0}# Paid Amount cannot be greater than requested advance amount,Baris {0} # Amaun Dibayar tidak boleh melebihi jumlah pendahuluan yang diminta,
Salary Slip ID,Slip Gaji ID,
Salary Slip of employee {0} already created for this period,Slip gaji pekerja {0} telah dicipta untuk tempoh ini,
Salary Slip of employee {0} already created for time sheet {1},Slip Gaji pekerja {0} telah dicipta untuk lembaran masa {1},
Salary Structure Assignment for Employee already exists,Penyerahan Struktur Gaji untuk Pekerja telah wujud,
Salary Structure Missing,Struktur Gaji Hilang,
Salary Structure not found for employee {0} and date {1},Struktur Gaji tidak dijumpai untuk pekerja {0} dan tarikh {1},
Salary Structure should have flexible benefit component(s) to dispense benefit amount,Struktur gaji sepatutnya mempunyai komponen faedah yang fleksibel untuk membebankan jumlah manfaat,
"Salary already processed for period between {0} and {1}, Leave application period cannot be between this date range.","Gaji sudah diproses untuk tempoh antara {0} dan {1}, Tinggalkan tempoh permohonan tidak boleh di antara julat tarikh ini.",
Sanctioned Amount cannot be greater than Claim Amount in Row {0}.,Amaun yang dibenarkan tidak boleh lebih besar daripada Tuntutan Jumlah dalam Row {0}.,
Score must be less than or equal to 5,Skor mesti kurang daripada atau sama dengan 5,
Select Property,Pilih Harta,
Select an employee to get the employee advance.,Pilih pekerja untuk mendapatkan pekerja terlebih dahulu.,
Service Expense,Perbelanjaan perkhidmatan,
Show Employee,Tunjukkan Pekerja,
Show Salary Slip,Show Slip Gaji,
Sick Leave,Cuti sakit,
"Skipping Salary Structure Assignment for the following employees, as Salary Structure Assignment records already exists against them. {0}","Melangkau Struktur Gaji Penyerahhakan bagi pekerja berikut, seperti rekod Penyerahan Struktur Gaji sudah wujud terhadap mereka. {0}",
Staffing Plan {0} already exist for designation {1},Rancangan Kakitangan {0} sudah wujud untuk penunjukan {1},
"Start and end dates not in a valid Payroll Period, cannot calculate {0}","Tarikh mula dan tamat tidak dalam Tempoh Penggajian yang sah, tidak dapat mengira {0}",
"Start and end dates not in a valid Payroll Period, cannot calculate {0}.","Tarikh mula dan tamat tidak dalam Tempoh Penggajian yang sah, tidak boleh mengira {0}.",
Stock Options,Pilihan Saham,
Structures have been assigned successfully,Struktur telah ditugaskan dengan jayanya,
Submit Proof,Hantar Bukti,
Submit Salary Slip,Hantar Slip Gaji,
Submit this to create the Employee record,Hantar ini untuk mencipta rekod Kakitangan,
Submitting Salary Slips...,Mengirim Slip Gaji ...,
Team Updates,Pasukan Terbaru,
Thank you,Terima kasih,
The day(s) on which you are applying for leave are holidays. You need not apply for leave.,Hari (s) di mana anda memohon cuti adalah cuti. Anda tidak perlu memohon cuti.,
There are more holidays than working days this month.,Terdapat lebih daripada cuti hari bekerja bulan ini.,
There is no leave period in between {0} and {1},Tiada tempoh cuti di antara {0} dan {1},
This is based on the attendance of this Employee,Ini adalah berdasarkan kepada kehadiran Pekerja ini,
This will submit Salary Slips and create accrual Journal Entry. Do you want to proceed?,Ini akan menghantar Slip Gaji dan membuat Penyertaan Jurnal akrual. Adakah anda mahu meneruskan?,
To date can not be equal or less than from date,Setakat ini tidak boleh sama atau kurang dari tarikh,
To date can not be less than from date,Setakat ini tidak boleh kurang dari tarikh,
To date can not greater than employee's relieving date,Setakat ini tidak boleh melebihi tarikh pelepasan pekerja,
Total Absent,Jumlah Tidak hadir,
Total Deduction,Jumlah Potongan,
Total Leaves,Jumlah Daun,
Total Present,Jumlah Hadir,
Total advance amount cannot be greater than total sanctioned amount,Jumlah jumlah pendahuluan tidak boleh lebih besar dari jumlah jumlah yang dibenarkan,
Total flexible benefit component amount {0} should not be less than max benefits {1},Jumlah komponen faedah fleksibel {0} tidak boleh kurang daripada faedah max {1},
Total leaves allocated is mandatory for Leave Type {0},Jumlah daun yang diperuntukkan adalah wajib untuk Jenis Tinggalkan {0},
Total working hours should not be greater than max working hours {0},Jumlah jam kerja tidak harus lebih besar daripada waktu kerja max {0},
Training,Latihan,
Training Event,Event Training,
Training Events,Peristiwa Latihan,
Training Feedback,Maklum balas latihan,
Training Result,Keputusan Latihan,
Travel,Perjalanan,
Update Response,Kemas kini Semula,
Value missing,Nilai hilang,
Variable,ubah,
Walk In,Berjalan Dalam,
Warning: Leave application contains following block dates,Amaran: Tinggalkan permohonan mengandungi tarikh blok berikut,
Website Listing,Penyenaraian Laman Web,
Work Summary for {0},Ringkasan Kerja untuk {0},
You are not authorized to approve leaves on Block Dates,Anda tiada kebenaran untuk meluluskan daun pada Tarikh Sekat,
You are not present all day(s) between compensatory leave request days,Anda tidak hadir sepanjang hari antara hari permintaan cuti pampasan,
You can only submit Leave Encashment for a valid encashment amount,Anda hanya boleh menyerahkan Tolak Encik untuk jumlah encashment yang sah,
{0} already allocated for Employee {1} for period {2} to {3},{0} telah diperuntukkan untuk pekerja {1} untuk tempoh {2} kepada {3},
{0} applicable after {1} working days,{0} terpakai selepas {1} hari bekerja,
{0} is not in Optional Holiday List,{0} tidak termasuk dalam Senarai Percutian Pilihan,
{0} is not in a valid Payroll Period,{0} tidak dalam Tempoh Gaji yang sah,
{0} must be submitted,{0} mesti dikemukakan,
"{0}: Employee email not found, hence email not sent","{0}: E-mel pekerja tidak dijumpai, maka e-mel tidak dihantar",
{0}: From {0} of type {1},{0}: Dari {0} dari jenis {1},
Conditions,Syarat-syarat,
Percent,Peratus,
Error in some rows,Ralat dalam beberapa baris,
Benefit,Manfaat,
Shift,Shift,
Importing {0} of {1},Mengimport {0} daripada {1},
'employee_field_value' and 'timestamp' are required.,&#39;employee_field_value&#39; dan &#39;cap waktu&#39; diperlukan.,
Allocation Expired!,Peruntukan Tamat Tempoh!,
Attendance Marked,Kehadiran ditandakan,
Attendance has been marked as per employee check-ins,Kehadiran telah ditandakan sebagai setiap daftar masuk pekerja,
Date Range,Julat tarikh,
Event Link,Pautan Acara,
Expire Allocation,Tamat Tempoh Alokasi,
Fuel Expense,Perbelanjaan Bahan Api,
Intermediate,Intermediate,
Leave application is linked with leave allocations {0}. Leave application cannot be set as leave without pay,Tinggalkan aplikasi dikaitkan dengan peruntukan cuti {0}. Cuti permohonan tidak boleh ditetapkan sebagai cuti tanpa gaji,
Log Type is required for check-ins falling in the shift: {0}.,Jenis Log diperlukan untuk daftar masuk dalam peralihan: {0}.,
No Employee found for the given employee field value. '{}': {},Tiada Pekerja yang didapati untuk nilai medan pekerja yang diberi. &#39;{}&#39;: {},
No Leaves Allocated to Employee: {0} for Leave Type: {1},Tiada Daun yang Dikeluarkan kepada Pekerja: {0} untuk Meninggalkan Jenis: {1},
Only expired allocation can be cancelled,Peruntukan yang luput sahaja boleh dibatalkan,
Only users with the {0} role can create backdated leave applications,Hanya pengguna dengan {0} peranan yang boleh membuat aplikasi cuti yang sudah dibina semula,
Password policy cannot contain spaces or simultaneous hyphens. The format will be restructured automatically,Dasar kata laluan tidak boleh mengandungi ruang atau tanda hubung serentak. Format akan disusun semula secara automatik,
Please enter the designation,Sila masukkan jawatan itu,
There are no vacancies under staffing plan {0},Tiada kekosongan di bawah pelan kakitangan {0},
This employee already has a log with the same timestamp.{0},Pekerja ini sudah mempunyai log dengan timestamp yang sama. {0},
Timing,Masa,
To date needs to be before from date,Setakat ini perlu sebelum dari tarikh,
Total Early Exits,Jumlah Keluar Awal,
Total Late Entries,Jumlah Penyertaan Lewat,
Training Event:,Acara Latihan:,
Unable to find Salary Component {0},Tidak dapat mencari Komponen Gaji {0},
Unmarked Attendance for days,Kehadiran yang tidak ditanda selama beberapa hari,
Vacancies cannot be lower than the current openings,Kekosongan tidak boleh lebih rendah daripada bukaan semasa,
{} is an invalid Attendance Status.,{} adalah Status Kehadiran yang tidak sah.,
Printed On,Printed On,
No employee found,Tiada pekerja didapati,
Please setup Employee Naming System in Human Resource > HR Settings,Sila persediaan Sistem Penamaan Pekerja dalam Sumber Manusia&gt; Tetapan HR,
Please setup numbering series for Attendance via Setup > Numbering Series,Sila persediaan siri penomboran untuk Kehadiran melalui Persediaan&gt; Penomboran Siri,
Current Odometer Value should be greater than Last Odometer Value {0},Nilai Odometer Semasa harus lebih besar daripada Nilai Odometer Terakhir {0},
No additional expenses has been added,Tidak ada perbelanjaan tambahan yang ditambahkan,
{0} already exists for employee {1} and period {2},{0} sudah ada untuk pekerja {1} dan tempoh {2},
Leaves Allocated,Daun diperuntukkan,
Leave Without Pay does not match with approved {} records,Cuti Tanpa Bayar tidak sepadan dengan rekod {} yang diluluskan,
Income Tax Slab not set in Salary Structure Assignment: {0},Slab Cukai Pendapatan tidak ditetapkan dalam Tugasan Struktur Gaji: {0},
Income Tax Slab: {0} is disabled,Slab Cukai Pendapatan: {0} dilumpuhkan,
Income Tax Slab must be effective on or before Payroll Period Start Date: {0},Slab Cukai Pendapatan mesti berkuatkuasa pada atau sebelum Tarikh Mula Tempoh Penggajian: {0},
No leave record found for employee {0} on {1},Tiada catatan cuti dijumpai untuk pekerja {0} pada {1},
Row {0}: {1} is required in the expenses table to book an expense claim.,Baris {0}: {1} diperlukan dalam jadual perbelanjaan untuk menempah tuntutan perbelanjaan.,
Set the default account for the {0} {1},Tetapkan akaun lalai untuk {0} {1},
(Half Day),(Setengah hari),
Income Tax Slab,Slab Cukai Pendapatan,
Row #{0}: Cannot set amount or formula for Salary Component {1} with Variable Based On Taxable Salary,Baris # {0}: Tidak dapat menetapkan jumlah atau formula untuk Gaji Komponen {1} dengan Pembolehubah Berdasarkan Gaji Cukai,
Repay From Salary can be selected only for term loans,Bayaran Balik Dari Gaji boleh dipilih hanya untuk pinjaman berjangka,
Salary Component Account,Akaun Komponen Gaji,
Default Bank / Cash account will be automatically updated in Salary Journal Entry when this mode is selected.,Lalai akaun Bank / Tunai akan secara automatik dikemaskini dalam Gaji Journal Kemasukan apabila mod ini dipilih.,
Result,Keputusan,
Total Score,Jumlah markah,
Joining Date,menyertai Tarikh,
Publish on website,Menerbitkan di laman web,
Application Status,Status permohonan,
IN,DALAM,
Remind Before,Ingatkan Sebelum,
Reminded,Diingatkan,
Additional Salary,Gaji tambahan,
HR-ADS-.YY.-.MM.-,HR-ADS -YY .-. MM.-,
Salary Component,Komponen gaji,
Overwrite Salary Structure Amount,Timpa Jumlah Struktur Gaji,
Deduct Full Tax on Selected Payroll Date,Potong Cukai Penuh pada Tarikh Penggajian Terpilih,
Payroll Date,Tarikh Gaji,
Salary Component Type,Jenis Komponen Gaji,
Appointment Letter,Surat temujanji,
Appointment Date,Tarikh Pelantikan,
Appointment Letter Template,Templat Surat Pelantikan,
Closing Notes,Nota Penutupan,
Appointment Letter content,Kandungan Surat Pelantikan,
Appraisal,Penilaian,
HR-APR-.YY.-.MM.,HR-APR-.YY.-.MM.,
For Employee Name,Nama Pekerja,
Goals,Matlamat,
Total Score (Out of 5),Jumlah Skor (Daripada 5),
"Any other remarks, noteworthy effort that should go in the records.","Sebarang kenyataan lain, usaha perlu diberi perhatian yang sepatutnya pergi dalam rekod.",
Appraisal Goal,Penilaian Matlamat,
Key Responsibility Area,Kawasan Tanggungjawab Utama,
Weightage (%),Wajaran (%),
Score (0-5),Score (0-5),
Score Earned,Skor Diperoleh,
Appraisal Template Title,Penilaian Templat Tajuk,
Appraisal Template Goal,Templat Penilaian Matlamat,
KRA,KRA,
Key Performance Area,Kawasan Prestasi Utama,
HR-ATT-.YYYY.-,HR-ATT-.YYYY.-,
On Leave,Bercuti,
Work From Home,Bekerja dari rumah,
Leave Application,Cuti Permohonan,
Attendance Date,Kehadiran Tarikh,
Attendance Request,Permintaan Kehadiran,
Late Entry,Entri lewat,
Early Exit,Keluar awal,
Half Day Date,Half Day Tarikh,
On Duty,On Duty,
Explanation,Penjelasan,
Compensatory Leave Request,Permintaan Cuti Pampasan,
Leave Allocation,Tinggalkan Peruntukan,
Worked On Holiday,Bekerja Semasa Percutian,
Work From Date,Kerja dari tarikh,
Work End Date,Tarikh Akhir Kerja,
Email Sent To,Email dihantar kepada,
Select Users,Pilih Pengguna,
Send Emails At,Menghantar e-mel di,
Reminder,Peringatan,
Daily Work Summary Group User,Pengguna Kumpulan Ringkasan Kerja Harian,
email,e-mel,
Department Approver,Pengendali Jabatan,
Approver,Pelulus,
Designation Skill,Kemahiran Penetapan,
Skill,Kemahiran,
Leave Policy,Tinggalkan Polisi,
Salary Details,Butiran Gaji,
HR-EAD-.YYYY.-,HR-EAD-.YYYY.-,
Claimed,Dikenakan,
Employee Attendance Tool,Pekerja Tool Kehadiran,
Unmarked Attendance,Kehadiran yang dinyahtandakan,
Employees HTML,pekerja HTML,
Marked Attendance,Kehadiran ketara,
Marked Attendance HTML,Kehadiran ketara HTML,
Employee Benefit Application,Permohonan Manfaat Pekerja,
Max Benefits (Yearly),Faedah Max (Tahunan),
Remaining Benefits (Yearly),Manfaat Remeh (Tahunan),
Payroll Period,Tempoh Gaji,
Dispensed Amount (Pro-rated),Jumlah yang diberikan (Pro-rated),
Employee Benefit Application Detail,Maklumat Permohonan Manfaat Pekerja,
Earning Component,Komponen Pendapatan,
Pay Against Benefit Claim,Bayar Tuntutan Manfaat Terhad,
Max Benefit Amount,Jumlah Faedah Maksima,
Employee Benefit Claim,Tuntutan Manfaat Pekerja,
Claim Date,Tarikh Tuntutan,
Claim Benefit For,Manfaat Tuntutan Untuk,
Max Amount Eligible,Jumlah Maksimum Layak,
Expense Proof,Bukti Perbelanjaan,
Employee Boarding Activity,Aktiviti Perjawatan Kakitangan,
Activity Name,Nama Aktiviti,
Required for Employee Creation,Diperlukan untuk Penciptaan Pekerja,
Applicable in the case of Employee Onboarding,Berkenaan dalam hal Pengangkut Pekerja,
Employee Checkin,Pemeriksa Pekerja,
Log Type,Jenis Log,
OUT,KELUAR,
Location / Device ID,ID Lokasi / Peranti,
Skip Auto Attendance,Langkau Kehadiran Auto,
Shift Start,Shift Start,
Shift End,Shift End,
Shift Actual Start,Shift Actual Start,
Shift Actual End,Shift Tamat Akhir,
Default Salary Structure,Struktur Gaji Default,
Employee Health Insurance,Insurans Kesihatan Pekerja,
Health Insurance Name,Nama Insurans Kesihatan,
Employee Incentive,Insentif Pekerja,
Incentive Amount,Jumlah Insentif,
Employee Onboarding,Onboarding Pekerja,
Notify users by email,Beritahu pengguna melalui e-mel,
Employee Onboarding Template,Template Onboarding Pekerja,
Employee Other Income,Pendapatan Lain Pekerja,
Employee Promotion,Promosi Pekerja,
Promotion Date,Tarikh Promosi,
Employee Promotion Details,Butiran Promosi Pekerja,
Employee Property History,Sejarah Harta Pekerja,
Employee Separation,Pemisahan Pekerja,
Employee Separation Template,Templat Pemisahan Pekerja,
Exit Interview Summary,Keluar daripada Ringkasan Temuduga,
Employee Skill,Kemahiran Pekerja,
Proficiency,Kemahiran,
Evaluation Date,Tarikh Penilaian,
Employee Skill Map,Peta Kemahiran Pekerja,
Employee Skills,Kemahiran Kakitangan,
Trainings,Latihan,
Employee Tax Exemption Category,Kategori Pengecualian Cukai Pekerja,
Max Exemption Amount,Jumlah Pengecualian Maksima,
Employee Tax Exemption Declaration,Pengisytiharan Pengecualian Cukai Pekerja,
Declarations,Deklarasi,
Total Declared Amount,Jumlah Jumlah Yang Diisytiharkan,
Total Exemption Amount,Jumlah Jumlah Pengecualian,
Employee Tax Exemption Declaration Category,Kategori Pengisytiharan Pengecualian Cukai Pekerja,
Exemption Sub Category,Kategori Sub Pengecualian,
Exemption Category,Kategori Pengecualian,
Maximum Exempted Amount,Jumlah Dikecualikan Maksimum,
Declared Amount,Jumlah yang diisytiharkan,
Employee Tax Exemption Proof Submission,Pengeluaran Bukti Pengecualian Cukai Pekerja,
Submission Date,Tarikh menghantar,
Tax Exemption Proofs,Bukti Pengecualian Cukai,
Total Actual Amount,Jumlah Jumlah Sebenar,
Employee Tax Exemption Proof Submission Detail,Butiran Penyerahan Bukti Pengecualian Cukai Pekerja,
Maximum Exemption Amount,Jumlah Pengecualian Maksimum,
Type of Proof,Jenis Bukti,
Actual Amount,Jumlah sebenar,
Employee Tax Exemption Sub Category,Subkategori Pengecualian Cukai Pekerja,
Tax Exemption Category,Kategori Pengecualian Cukai,
Employee Training,Latihan Pekerja,
Training Date,Tarikh Latihan,
Employee Transfer,Pemindahan Pekerja,
Transfer Date,Tarikh Pemindahan,
Employee Transfer Details,Butiran Transfer Pekerja,
Employee Transfer Detail,Maklumat Pemindahan Pekerja,
Re-allocate Leaves,Alihkan semula Daun,
Create New Employee Id,Buat Id Pekerja Baru,
New Employee ID,ID Kakitangan Baru,
HR-EXP-.YYYY.-,HR-EXP-.YYYY.-,
Expense Taxes and Charges,Cukai dan Caj Perbelanjaan,
Total Sanctioned Amount,Jumlah Diiktiraf,
Total Advance Amount,Jumlah Jumlah Pendahuluan,
Total Claimed Amount,Jumlah Jumlah Tuntutan,
Total Amount Reimbursed,Jumlah dibayar balik,
Vehicle Log,kenderaan Log,
Employees Email Id,Id Pekerja E-mel,
More Details,Maklumat lanjut,
Expense Claim Account,Akaun Perbelanjaan Tuntutan,
Expense Claim Advance,Pendahuluan Tuntutan Perbelanjaan,
Expense Claim Detail,Perbelanjaan Tuntutan Detail,
Expense Date,Perbelanjaan Tarikh,
Expense Claim Type,Perbelanjaan Jenis Tuntutan,
HR Settings,Tetapan HR,
Employee Settings,Tetapan pekerja,
Expense Approver Mandatory In Expense Claim,Pendakwa Perbelanjaan Mandatori Dalam Tuntutan Perbelanjaan,
Payroll Settings,Tetapan Gaji,
Leave,Tinggalkan,
Max working hours against Timesheet,Max jam bekerja terhadap Timesheet,
Include holidays in Total no. of Working Days,Termasuk bercuti di Jumlah no. Hari Kerja,
"If checked, Total no. of Working Days will include holidays, and this will reduce the value of Salary Per Day","Jika disemak, Jumlah no. Hari Kerja termasuk cuti, dan ini akan mengurangkan nilai Gaji Setiap Hari",
"If checked, hides and disables Rounded Total field in Salary Slips","Jika disemak, menyembunyikan dan melumpuhkan bidang Bulat Total dalam Gaji Slip",
The fraction of daily wages to be paid for half-day attendance,Sebahagian daripada gaji harian yang harus dibayar untuk kehadiran setengah hari,
Email Salary Slip to Employee,Email Slip Gaji kepada Pekerja,
Emails salary slip to employee based on preferred email selected in Employee,slip e-mel gaji kepada pekerja berdasarkan e-mel pilihan yang dipilih di pekerja,
Encrypt Salary Slips in Emails,Sulitkan Slip Gaji dalam E-mel,
"The salary slip emailed to the employee will be password protected, the password will be generated based on the password policy.","Slip gaji yang diemail kepada pekerja akan dilindungi kata laluan, kata laluan akan dihasilkan berdasarkan dasar kata laluan.",
Password Policy,Dasar Kata Laluan,
<b>Example:</b> SAL-{first_name}-{date_of_birth.year} <br>This will generate a password like SAL-Jane-1972,<b>Contoh:</b> SAL- {first_name} - {date_of_birth.year} <br> Ini akan menghasilkan kata laluan seperti SAL-Jane-1972,
Leave Approval Notification Template,Tinggalkan Templat Pemberitahuan Kelulusan,
Leave Status Notification Template,Tinggalkan Templat Pemberitahuan Status,
Role Allowed to Create Backdated Leave Application,Peranan Dibenarkan Buat Permohonan Cuti Backdated,
Leave Approver Mandatory In Leave Application,Tinggalkan Permohonan Mandat Masuk Pendahuluan,
Show Leaves Of All Department Members In Calendar,Tunjukkan Daun Semua Ahli Jabatan Dalam Kalendar,
Auto Leave Encashment,Auto Encashment Tinggalkan,
Hiring Settings,Menyusun Tetapan,
Check Vacancies On Job Offer Creation,Semak Kekosongan Mengenai Penciptaan Tawaran Kerja,
Identification Document Type,Jenis Dokumen Pengenalan,
Effective from,Berkuat kuasa dari,
Allow Tax Exemption,Benarkan Pengecualian Cukai,
"If enabled, Tax Exemption Declaration will be considered for income tax calculation.","Sekiranya diaktifkan, Pernyataan Pengecualian Cukai akan dipertimbangkan untuk pengiraan cukai pendapatan.",
Standard Tax Exemption Amount,Jumlah Pengecualian Cukai Standard,
Taxable Salary Slabs,Slab Gaji Cukai,
Taxes and Charges on Income Tax,Cukai dan Caj ke atas Cukai Pendapatan,
Other Taxes and Charges,Cukai dan Caj Lain,
Income Tax Slab Other Charges,Slab Cukai Pendapatan Caj Lain-lain,
Min Taxable Income,Pendapatan Cukai Min,
Max Taxable Income,Pendapatan Cukai Maksimum,
Applicant for a Job,Pemohon untuk pekerjaan yang,
Job Opening,Lowongan,
Cover Letter,Cover Letter,
Resume Attachment,resume Lampiran,
Job Applicant Source,Sumber Pemohon Kerja,
Applicant Email Address,Alamat E-mel Pemohon,
Awaiting Response,Menunggu Response,
Job Offer Terms,Syarat Tawaran Kerja,
Select Terms and Conditions,Pilih Terma dan Syarat,
Job Offer Term,Tempoh Tawaran Kerja,
Offer Term,Tawaran Jangka,
Value / Description,Nilai / Penerangan,
Description of a Job Opening,Keterangan yang Lowongan,
Staffing Plan,Pelan Kakitangan,
Planned number of Positions,Bilangan Jawatan yang dirancang,
"Job profile, qualifications required etc.","Profil kerja, kelayakan yang diperlukan dan lain-lain",
HR-LAL-.YYYY.-,HR-LAL-.YYYY.-,
New Leaves Allocated,Daun baru Diperuntukkan,
Add unused leaves from previous allocations,Tambahkan daun yang tidak digunakan dari peruntukan sebelum,
Unused leaves,Daun yang tidak digunakan,
Total Leaves Allocated,Jumlah Daun Diperuntukkan,
Total Leaves Encashed,Jumlah Daun Beracun,
Leave Period,Tempoh Cuti,
Carry Forwarded Leaves,Bawa Daun dikirim semula,
Apply / Approve Leaves,Sapukan / Meluluskan Daun,
HR-LAP-.YYYY.-,HR-LAP-.YYYY.-,
Leave Balance Before Application,Tinggalkan Baki Sebelum Permohonan,
Total Leave Days,Jumlah Hari Cuti,
Leave Approver Name,Tinggalkan nama Pelulus,
Follow via Email,Ikut melalui E-mel,
Block Holidays on important days.,Sekat Cuti pada hari-hari penting.,
Leave Block List Name,Tinggalkan Nama Sekat Senarai,
Applies to Company,Terpakai kepada Syarikat,
"If not checked, the list will have to be added to each Department where it has to be applied.","Jika tidak disemak, senarai itu perlu ditambah kepada setiap Jabatan di mana ia perlu digunakan.",
Block Days,Hari blok,
Stop users from making Leave Applications on following days.,Menghentikan pengguna daripada membuat Permohonan Cuti pada hari-hari berikut.,
Leave Block List Dates,Tinggalkan Tarikh Sekat Senarai,
Allow Users,Benarkan Pengguna,
Allow the following users to approve Leave Applications for block days.,Membenarkan pengguna berikut untuk meluluskan Permohonan Cuti untuk hari blok.,
Leave Block List Allowed,Tinggalkan Sekat Senarai Dibenarkan,
Leave Block List Allow,Tinggalkan Sekat Senarai Benarkan,
Allow User,Benarkan pengguna,
Leave Block List Date,Tinggalkan Sekat Senarai Tarikh,
Block Date,Sekat Tarikh,
Leave Control Panel,Tinggalkan Panel Kawalan,
Employment Type (optional),Jenis Pekerjaan (pilihan),
Branch (optional),Cawangan (pilihan),
Department (optional),Jabatan (pilihan),
Designation (optional),Jawatan (pilihan),
Employee Grade (optional),Gred pekerja (pilihan),
Employee (optional),Pekerja (opsyen),
Allocate Leaves,Alihkan Daun,
Carry Forward,Carry Forward,
Please select Carry Forward if you also want to include previous fiscal year's balance leaves to this fiscal year,Sila pilih Carry Forward jika anda juga mahu termasuk baki tahun fiskal yang lalu daun untuk tahun fiskal ini,
New Leaves Allocated (In Days),Daun baru Diperuntukkan (Dalam Hari),
Leave Balance,Tinggalkan Baki,
Encashable days,Hari-hari yang boleh ditanggalkan,
Encashment Amount,Jumlah Encasment,
Leave Ledger Entry,Meninggalkan Entry Lejar,
Transaction Name,Nama Transaksi,
Is Carry Forward,Apakah Carry Forward,
Is Expired,Sudah tamat,
Is Leave Without Pay,Apakah Tinggalkan Tanpa Gaji,
Holiday List for Optional Leave,Senarai Percutian untuk Cuti Opsional,
Leave Allocations,Tinggalkan Alokasi,
Leave Policy Details,Tinggalkan Butiran Dasar,
Leave Policy Detail,Tinggalkan Butiran Dasar,
Annual Allocation,Peruntukan Tahunan,
Leave Type Name,Tinggalkan Nama Jenis,
Applicable After (Working Days),Berkenaan Selepas (Hari Kerja),
Is Optional Leave,Adakah Cuti Opsional,
Allow Negative Balance,Benarkan Baki negatif,
Include holidays within leaves as leaves,Termasuk cuti dalam daun daun,
Is Compensatory,Adakah Pampasan,
Maximum Carry Forwarded Leaves,Daun yang Dikeluarkan Maksimum,
Expire Carry Forwarded Leaves (Days),Tamat Tempoh Meninggalkan Daun Dikenali (Hari),
Calculated in days,Dikira dalam hari,
Encashment,Encsment,
Allow Encashment,Benarkan Encasmasi,
Encashment Threshold Days,Hari Penimbasan Ambang,
Earned Leave,Caj Perolehan,
Is Earned Leave,Dibeli Cuti,
Earned Leave Frequency,Frekuensi Cuti Earned,
Rounding,Pusingan,
Payroll Employee Detail,Butiran Pekerja Penggajian,
Payroll Frequency,Kekerapan Payroll,
Fortnightly,setiap dua minggu,
Bimonthly,dua bulan sekali,
Employees,pekerja,
Number Of Employees,Bilangan Pekerja,
Employee Details,Butiran Pekerja,
Validate Attendance,Mengesahkan Kehadiran,
Salary Slip Based on Timesheet,Slip Gaji Berdasarkan Timesheet,
Deduct Tax For Unclaimed Employee Benefits,Cukai Potongan Bagi Manfaat Pekerja yang Tidak Dituntut,
Deduct Tax For Unsubmitted Tax Exemption Proof,Cukai Potongan Bagi Bukti Pengecualian Cukai Tidak Dimasukkan,
Select Payment Account to make Bank Entry,Pilih Akaun Pembayaran untuk membuat Bank Kemasukan,
Salary Slips Created,Slip Gaji Dibuat,
Salary Slips Submitted,Slip Gaji Dihantar,
Payroll Periods,Tempoh gaji,
Payroll Period Date,Tarikh Tempoh Gaji,
Purpose of Travel,Tujuan perjalanan,
Retention Bonus,Bonus Pengekalan,
Bonus Payment Date,Tarikh Pembayaran Bonus,
Bonus Amount,Jumlah Bonus,
Depends on Payment Days,Bergantung pada Hari Bayaran,
Is Tax Applicable,Adakah Cukai Berkenaan,
Variable Based On Taxable Salary,Variabel Berdasarkan Gaji Boleh Dituntut,
Exempted from Income Tax,Dikecualikan dari Cukai Pendapatan,
Round to the Nearest Integer,Pusingan ke Integer Hampir,
Statistical Component,Komponen statistik,
"If selected, the value specified or calculated in this component will not contribute to the earnings or deductions. However, it's value can be referenced by other components that can be added or deducted. ","Jika dipilih, nilai yang ditentukan atau dikira dalam komponen ini tidak akan menyumbang kepada pendapatan atau potongan. Walau bagaimanapun, ia nilai yang boleh dirujuk oleh komponen lain yang boleh ditambah atau ditolak.",
Do Not Include in Total,Jangan Sertakan Secara Keseluruhan,
Flexible Benefits,Manfaat Fleksibel,
Is Flexible Benefit,Adakah Faedah Fleksibel,
Max Benefit Amount (Yearly),Jumlah Faedah Maksimum (Tahunan),
Only Tax Impact (Cannot Claim But Part of Taxable Income),Hanya Impak Cukai (Tidak Boleh Tuntut Tetapi Sebahagian Pendapatan Boleh Dituntut),
Create Separate Payment Entry Against Benefit Claim,Buat Entri Pembayaran Terhad Mengatasi Tuntutan Manfaat,
Amount based on formula,Jumlah berdasarkan formula,
Formula,formula,
Salary Detail,Detail gaji,
Component,komponen,
Do not include in total,Tidak termasuk dalam jumlah,
Default Amount,Jumlah Default,
Additional Amount,Jumlah Tambahan,
Tax on flexible benefit,Cukai ke atas faedah yang fleksibel,
Tax on additional salary,Cukai ke atas gaji tambahan,
Salary Structure,Struktur gaji,
Working Days,Hari Bekerja,
Salary Slip Timesheet,Slip Gaji Timesheet,
Earnings,Pendapatan,
Deductions,Potongan,
Total in words,Jumlah dalam perkataan,
Salary Component for timesheet based payroll.,Komponen gaji untuk gaji berdasarkan timesheet.,
Leave Encashment Amount Per Day,Tinggalkan Encasment Amaun Setiap Hari,
Max Benefits (Amount),Faedah Max (Amaun),
Salary breakup based on Earning and Deduction.,Perpecahan gaji berdasarkan Pendapatan dan Potongan.,
Total Earning,Jumlah Pendapatan,
Salary Structure Assignment,Penugasan Struktur Gaji,
Shift Assignment,Tugasan Shift,
Shift Type,Jenis Shift,
Shift Request,Permintaan Shift,
Enable Auto Attendance,Dayakan Auto Kehadiran,
Mark attendance based on 'Employee Checkin' for Employees assigned to this shift.,Kehadiran markah berdasarkan &#39;Pemeriksaan Pekerja&#39; untuk Pekerja yang ditugaskan untuk peralihan ini.,
Auto Attendance Settings,Tetapan Kehadiran Auto,
Determine Check-in and Check-out,Tentukan daftar masuk dan daftar keluar,
Alternating entries as IN and OUT during the same shift,Penyertaan berganti seperti IN dan OUT semasa peralihan yang sama,
Strictly based on Log Type in Employee Checkin,Ketat berdasarkan Jenis Log dalam Checkin Pekerja,
Working Hours Calculation Based On,Pengiraan Jam Kerja Berdasarkan,
First Check-in and Last Check-out,Daftar Masuk Pertama dan Daftar Keluar Terakhir,
Every Valid Check-in and Check-out,Setiap Daftar Masuk Sah dan Daftar Keluar,
Begin check-in before shift start time (in minutes),Mulakan masuk sebelum masa mula peralihan (dalam minit),
The time before the shift start time during which Employee Check-in is considered for attendance.,Masa sebelum waktu mula peralihan semasa Pemeriksaan Kakitangan dianggap untuk kehadiran.,
Allow check-out after shift end time (in minutes),Izinkan daftar keluar selepas masa akhir perpindahan (dalam minit),
Time after the end of shift during which check-out is considered for attendance.,Masa selepas tamat peralihan semasa daftar keluar dianggap untuk kehadiran.,
Working Hours Threshold for Half Day,Ambang Waktu Kerja untuk Hari Setengah,
Working hours below which Half Day is marked. (Zero to disable),Waktu kerja di bawah yang Separuh Hari ditandakan. (Sifar untuk mematikan),
Working Hours Threshold for Absent,Ambang Waktu Bekerja untuk Absen,
Working hours below which Absent is marked. (Zero to disable),Waktu kerja di bawah yang Absen ditandakan. (Sifar untuk mematikan),
Process Attendance After,Kehadiran Proses Selepas,
Attendance will be marked automatically only after this date.,Kehadiran akan ditandakan secara automatik hanya selepas tarikh ini.,
Last Sync of Checkin,Penyegerakan Semula Terakhir,
Last Known Successful Sync of Employee Checkin. Reset this only if you are sure that all Logs are synced from all the locations. Please don't modify this if you are unsure.,Sinkronisasi Terakhir Pemeriksaan Pekerja yang terakhir diketahui. Tetapkan semula ini hanya jika anda pasti bahawa semua Log diselaraskan dari semua lokasi. Tolong jangan ubah suai ini sekiranya anda tidak pasti.,
Grace Period Settings For Auto Attendance,Pengaturan Tempoh Grace untuk Kehadiran Auto,
Enable Entry Grace Period,Dayakan Tempoh Pemberian Kemasukan,
Late Entry Grace Period,Tempoh Grace Late Entry,
The time after the shift start time when check-in is considered as late (in minutes).,Masa selepas masa mula peralihan apabila daftar masuk dianggap lewat (dalam minit).,
Enable Exit Grace Period,Dayakan Tempoh Keluar Grace,
Early Exit Grace Period,Jangka Masa Keluar Awal,
The time before the shift end time when check-out is considered as early (in minutes).,Masa sebelum masa akhir perpindahan semasa daftar keluar dianggap awal (dalam minit).,
Skill Name,Nama kemahiran,
Staffing Plan Detail,Detail Pelan Kakitangan,
Total Estimated Budget,Jumlah Anggaran Anggaran,
Vacancies,Kekosongan,
Estimated Cost Per Position,Anggaran Kos Setiap Posisi,
Total Estimated Cost,Jumlah Anggaran Kos,
Current Count,Bilangan Semasa,
Current Openings,Terbuka semasa,
Number Of Positions,Bilangan Jawatan,
Taxable Salary Slab,Slab Gaji Cukai,
From Amount,Daripada Jumlah,
To Amount,Kepada Jumlah,
Percent Deduction,Potongan Percukaian,
Training Program,Program Latihan,
Event Status,Status event,
Has Certificate,Mempunyai Sijil,
Seminar,Seminar,
Theory,teori,
Workshop,bengkel,
Conference,persidangan,
Exam,peperiksaan,
Internet,Internet,
Self-Study,Belajar sendiri,
Advance,Advance,
Trainer Name,Nama Trainer,
Trainer Email,Trainer Email,
Attendees,hadirin,
Employee Emails,E-mel Pekerja,
Training Event Employee,Training Event pekerja,
Invited,dijemput,
Feedback Submitted,Maklumbalas Dihantar,
Training Result Employee,Keputusan Latihan Pekerja,
Travel Itinerary,Perjalanan Perjalanan,
Travel From,Perjalanan Dari,
Travel To,Mengembara ke,
Mode of Travel,Mod Perjalanan,
Flight,Penerbangan,
Train,Melatih,
Taxi,Teksi,
Rented Car,Kereta yang disewa,
Meal Preference,Pilihan Makanan,
Vegetarian,Vegetarian,
Non-Vegetarian,Bukan vegetarian,
Gluten Free,Bebas gluten,
Non Diary,Bukan Diari,
Travel Advance Required,Pelancongan Perjalanan Diperlukan,
Departure Datetime,Tarikh Berlepas,
Arrival Datetime,Tarikh Dataran Ketibaan,
Lodging Required,Penginapan Diperlukan,
Preferred Area for Lodging,Kawasan Pilihan untuk Penginapan,
Check-in Date,Tarikh daftar masuk,
Check-out Date,Tarikh Keluar,
Travel Request,Permintaan Perjalanan,
Travel Type,Jenis Perjalanan,
Domestic,Domestik,
International,Antarabangsa,
Travel Funding,Pembiayaan Perjalanan,
Require Full Funding,Memerlukan Pembiayaan Penuh,
Fully Sponsored,Penuh Disokong,
"Partially Sponsored, Require Partial Funding","Sebahagian ditaja, Memerlukan Pembiayaan Separa",
Copy of Invitation/Announcement,Salinan Jemputan / Pengumuman,
"Details of Sponsor (Name, Location)","Butiran Penaja (Nama, Lokasi)",
Identification Document Number,Nombor Dokumen Pengenalan,
Any other details,Sebarang butiran lain,
Costing Details,Butiran Kos,
Event Details,Butiran Acara,
Name of Organizer,Nama Penganjur,
Address of Organizer,Alamat Penganjur,
Travel Request Costing,Kos Permintaan Perjalanan,
Expense Type,Jenis Belanja,
Sponsored Amount,Jumlah yang ditaja,
Funded Amount,Amaun Dibiayai,
Upload Attendance,Naik Kehadiran,
Attendance From Date,Kehadiran Dari Tarikh,
Attendance To Date,Kehadiran Untuk Tarikh,
Get Template,Dapatkan Template,
Import Attendance,Import Kehadiran,
Upload HTML,Naik HTML,
HR-VLOG-.YYYY.-,HR-VLOG-.YYYY.-,
Odometer Reading,Reading odometer,
Current Odometer value ,Nilai semasa odometer,
Refuelling Details,Refuelling Butiran,
Invoice Ref,invois Ref,
Service Details,Maklumat perkhidmatan,
Vehicle Service,Perkhidmatan kenderaan,
Service Item,perkhidmatan Item,
Brake Oil,Brek Minyak,
Brake Pad,Alas brek,
Clutch Plate,Plate Clutch,
Engine Oil,Minyak enjin,
Oil Change,Tukar minyak,
Inspection,pemeriksaan,
Mileage,Jarak tempuh,
Salary Slip Loan,Pinjaman Slip Gaji,
Loan Repayment Entry,Kemasukan Bayaran Balik Pinjaman,
May,Boleh,
June,Jun,
July,Julai,
Bank Remittance,Penghantaran Bank,
Daily Work Summary Replies,Balasan Ringkasan Kerja Harian,
Employee Advance Summary,Ringkasan Majikan Pekerja,
Employees working on a holiday,Kakitangan yang bekerja pada hari cuti,
Monthly Attendance Sheet,Lembaran Kehadiran Bulanan,
Salary Register,gaji Daftar,
Unpaid Expense Claim,Tidak dibayar Perbelanjaan Tuntutan,
Payment Account is mandatory,Akaun Pembayaran adalah wajib,
"If checked, the full amount will be deducted from taxable income before calculating income tax without any declaration or proof submission.","Sekiranya diperiksa, jumlah penuh akan dikurangkan dari pendapatan bercukai sebelum mengira cukai pendapatan tanpa pengakuan atau penyerahan bukti.",
In Time,Dalam masa,
Out Time,Masa Keluar,
Is Recurring,Berulang,
HRA Exemption,Pengecualian HRA,
Monthly House Rent,Sewa Rumah Bulanan,
Rented in Metro City,Disewa di Metro City,
HRA as per Salary Structure,HRA mengikut Struktur Gaji,
Annual HRA Exemption,Pengecualian HRA Tahunan,
Monthly HRA Exemption,Pengecualian HRA Bulanan,
House Rent Payment Amount,Jumlah Bayaran Sewa Rumah,
Rented From Date,Disewa Dari Tarikh,
Rented To Date,Disewa Sehingga Kini,
Monthly Eligible Amount,Jumlah Layak Bulanan,
Total Eligible HRA Exemption,Jumlah Pengecualian HRA yang Layak,
Validating Employee Attendance...,Mengesahkan Kehadiran Pekerja ...,
Submitting Salary Slips and creating Journal Entry...,Mengemukakan Slip Gaji dan membuat Entri Jurnal ...,
Calculate Payroll Working Days Based On,Hitung Hari Kerja Gaji Berdasarkan,
Consider Unmarked Attendance As,Pertimbangkan Kehadiran Tidak Ditanda Sebagai,
Fraction of Daily Salary for Half Day,Pecahan Gaji Harian untuk Separuh Hari,
Component Type,Jenis Komponen,
Provident Fund,kumpulan Wang Simpanan,
Additional Provident Fund,Kumpulan Wang Simpanan Tambahan,
Provident Fund Loan,Pinjaman Kumpulan Wang Simpanan,
Professional Tax,Cukai Profesional,
Is Income Tax Component,Adakah Komponen Cukai Pendapatan,
Component properties and references ,Sifat dan rujukan komponen,
Additional Salary ,Gaji Tambahan,
Unmarked days,Hari tanpa tanda,
Absent Days,Hari yang tidak hadir,
Conditions and Formula variable and example,Keadaan dan pemboleh ubah Formula dan contoh,
Income Tax Deductions,Potongan Cukai Pendapatan,
Income Tax Component,Komponen Cukai Pendapatan,
Income Tax Amount,Amaun Cukai Pendapatan,
Unmarked Days,Hari Tanpa Tanda,
Jan,Jan,
Feb,Feb.,
Mar,Mac,
Apr,Apr.,
Aug,Ogos,
Sep,Sep,
Oct,Okt.,
Nov,Nov,
Dec,Dis,
Summarized View,Ringkasan Pandangan,
Professional Tax Deductions,Potongan Cukai Profesional,
Provident Fund Deductions,Potongan Dana Provident,
Recruitment Analytics,Analisis Pengambilan,
Applicant name,Nama pemohon,
Job Offer status,Status Tawaran Kerja,
On Date,Pada tarikh,
Salary Payments Based On Payment Mode,Pembayaran Gaji Berdasarkan Kaedah Pembayaran,
Salary Payments via ECS,Pembayaran Gaji melalui ECS,
Account No,Nombor akaun,
IFSC,IFSC,
MICR,MICR,
PF Account,Akaun PF,
PF Amount,Jumlah PF,
Additional PF,PF tambahan,
PF Loan,Pinjaman PF,
Duplicate Entry,Pendua Pendua,
Please select Employee first.,Sila pilih Pekerja terlebih dahulu.,
To Date should be greater than From Date,Sehingga Tarikh hendaklah lebih besar daripada Dari Tarikh,
Job Offer: {0} is already for Job Applicant: {1},Tawaran Pekerjaan: {0} sudah ada untuk Pemohon Pekerjaan: {1},
Only Shift Request with status 'Approved' and 'Rejected' can be submitted,Hanya Permintaan Shift dengan status &#39;Diluluskan&#39; dan &#39;Ditolak&#39; yang dapat dikirimkan,
Shift Assignment: {0} created for Employee: {1},Tugasan Shift: {0} dibuat untuk Pekerja: {1},
You can not request for your Default Shift: {0},Anda tidak boleh meminta Peralihan Lalai: {0},
Only Approvers can Approve this Request.,Hanya Pelulus yang dapat Meluluskan Permintaan ini,
Please set Payroll based on in Payroll settings,Sila tetapkan Payroll berdasarkan dalam tetapan Payroll,
Additional Salary: {0} already exist for Salary Component: {1} for period {2} and {3},Gaji Tambahan: {0} sudah ada untuk Komponen Gaji: {1} untuk tempoh {2} dan {3},
Payroll date can not be less than employee's joining date.,Tarikh gaji tidak boleh kurang dari tarikh penyertaan pekerja.,
From date can not be less than employee's joining date.,Dari tarikh tidak boleh kurang dari tarikh penyertaan pekerja.,
To date can not be greater than employee's relieving date.,Sehingga kini tidak boleh lebih besar daripada tarikh melegakan pekerja.,
Payroll date can not be greater than employee's relieving date.,Tarikh gaji tidak boleh lebih besar daripada tarikh pelepasan pekerja.,
Condition and formula,Keadaan dan formula,
Available Leaves,Daun yang disediakan,
IFSC Code,Kod IFSC,
Others,Lain,
Total Allocated Leaves,Jumlah Dikelilingi Daun,
Used Leaves,Daun yang digunakan,
PAN Number,Nombor PAN,
Expired Leaves,Daun Tamat Tempoh,
