) for {0},) {0} များအတွက်,
A {0} exists between {1} and {2} (,တစ်ဦးက {0} ({1} နှင့် {2} အကြားတည်ရှိ,
Absent,မရှိသော,
Accrual Journal Entry for salaries from {0} to {1},{0} {1} မှလစာများအတွက်တိုးပွားလာသောဂျာနယ် Entry &#39;,
Add to Details,အသေးစိတ်ပေါင်းထည့်ရန်,
Added to details,အသေးစိတျမှ Added,
All Jobs,အားလုံးဂျော့ဘ်,
Allocated Leaves,ခွဲဝေအရွက်,
Annual Salary,နှစ်ပတ်လည်လစာ,
Application period cannot be across two allocation records,လျှောက်လွှာကာလနှစ်ခုခွဲဝေမှတ်တမ်းများကိုဖြတ်ပြီးမဖွစျနိုငျ,
Application period cannot be outside leave allocation period,ပလီကေးရှင်းကာလအတွင်းပြင်ပမှာခွင့်ခွဲဝေကာလအတွင်းမဖွစျနိုငျ,
Apply Now,အခုဆိုရင် Apply,
Apprentice,အလုပ်သင်သူ,
Approval Status,ခွင့်ပြုချက်နဲ့ Status,
Approval Status must be 'Approved' or 'Rejected',ခွင့်ပြုချက်နဲ့ Status &#39;&#39; Approved &#39;သို့မဟုတ်&#39; &#39;ငြင်းပယ်&#39; &#39;ရမည်,
As per your assigned Salary Structure you cannot apply for benefits,သင့်ရဲ့တာဝန်ပေးလစာဖွဲ့စည်းပုံနှုန်းသကဲ့သို့သင်တို့အကျိုးခံစားခွင့်များအတွက်လျှောက်ထားလို့မရပါဘူး,
Assign,သတ်မှတ်,
Assign Salary Structure,လစာဖွဲ့စည်းပုံ assign,
Assign to Employees,ဝန်ထမ်းများမှ assign,
Assigning Structures...,သတ်မှတ်ခြင်း structures များ ...,
Attendance,သွားရောက်ရှိနေခြင်း,
Attendance From Date and Attendance To Date is mandatory,နေ့စွဲရန်နေ့စွဲနှင့်တက်ရောက် မှစ. တက်ရောက်သူမသင်မနေရ,
Attendance for employee {0} is already marked for this day,ဝန်ထမ်းများအတွက်တက်ရောက်သူ {0} ပြီးသားဤသည်နေ့ရက်သည်မှတ်သားသည်,
Attendance not submitted for {0} as it is a Holiday.,တက်ရောက်သူ {0} ကအားလပ်ရက်ဖြစ်သကဲ့သို့အဘို့တင်ပြခဲ့ဘူး။,
Bank Entries,ဘဏ်မှ Entries,
Base,base,
Beginner,အစပြုသူ,
Birthday Reminder,မွေးနေ့သတိပေးချက်,
Bonus Payment Date cannot be a past date,အပိုဆုငွေပေးချေမှုရမည့်နေ့စွဲတစ်အတိတ်နေ့စွဲမဖွစျနိုငျ,
Calls,ဖုန်းခေါ်ဆိုမှု,
Cannot find active Leave Period,တက်ကြွခွင့်ကာလကိုမတှေ့နိုငျ,
Casual Leave,ကျပန်းထွက်ခွာ,
Claimed Amount,အခိုင်အမာငွေပမာဏ,
Compensatory Off,ပိတ် Compensatory,
Contact Number,ဆက်သွယ်ရန်ဖုန်းနံပါတ်,
Course,သင်တန်း,
Create Disbursement Entry,ငွေပေးချေ Entry &#39;Create,
Create Salary Slip,လစာစလစ်ဖြတ်ပိုင်းပုံစံ Create,
Create Salary Slips,လစာစလစ် Create,
Creating Payment Entries......,ငွေပေးချေမှုရမည့် Entries Creating ......,
Creating Salary Slips...,လစာစလစ်ဖန်တီးနေ ...,
Current,ယခု,
Current Job Openings,လက်ရှိယောဘသည်င့်,
Daily Work Summary,Daily သတင်းစာလုပ်ငန်းခွင်အကျဉ်းချုပ်,
Daily Work Summary Group,နေ့စဉ်လုပ်ငန်းခွင်အနှစ်ချုပ် Group မှ,
Date is repeated,နေ့စွဲထပ်ခါတလဲလဲဖြစ်ပါတယ်,
Debit A/C Number,debit A / C အရေအတွက်,
Deduction,သဘောအယူအဆ,
Document Status,စာရွက်စာတမ်းနဲ့ Status,
Earning,ဝင်ငွေ,
Employee A/C Number,ဝန်ထမ်းတစ်ဦးက A / C အရေအတွက်,
Employee Benefits,ဝန်ထမ်းအကျိုးကျေးဇူးများ,
Employee Grade,ဝန်ထမ်းအဆင့်,
Employee Referral,ဝန်ထမ်းလွှဲပြောင်း,
Employee relieved on {0} must be set as 'Left',{0} &#39;&#39; လက်ဝဲ &#39;အဖြစ်သတ်မှတ်ရမည်အပေါ်စိတ်သက်သာရာန်ထမ်း,
Employee {0} already submited an apllication {1} for the payroll period {2},ဝန်ထမ်း {0} ပြီးသားလုပ်ခလစာကာလ {2} တစ်ခု apllication {1} ကိုတင်ပြီး,
Employee {0} has no maximum benefit amount,ဝန်ထမ်း {0} မျှအကျိုးအမြတ်အများဆုံးပမာဏကိုရှိပါတယ်,
Employee {0} is not active or does not exist,ဝန်ထမ်း {0} တက်ကြွမဟုတ်ပါဘူးသို့မဟုတ်မတည်ရှိပါဘူး,
Employee {0} is on Leave on {1},ဝန်ထမ်း {0} {1} အပေါ်ခွင့်အပေါ်ဖြစ်ပါသည်,
Employee {0} on Half day on {1},{1} အပေါ်တစ်ဝက်နေ့၌ဝန်ထမ်း {0},
End time cannot be before start time,အဆုံးအချိန်စတင်ချိန်မတိုင်မီမဖွစျနိုငျ,
Evaluation,အကဲဖြတ်,
Event Location,ဖြစ်ရပ်တည်နေရာ,
Event Name,အဖြစ်အပျက်အမည်,
Expense Claim for Vehicle Log {0},ယာဉ် Log in ဝင်ရန် {0} ဘို့စရိတ်တိုင်ကြား,
Expense Claim {0} already exists for the Vehicle Log,စရိတ်တိုင်ကြား {0} ရှိပြီးသားယာဉ် Log in ဝင်ရန်အဘို့တည်ရှိ,
Fill the form and save it,ပုံစံဖြည့်ခြင်းနှင့်ကယ်,
Filter Employees By (Optional),Filter န်ထမ်းအားဖြင့် (Optional),
Fiscal Year {0} not found,ဘဏ္ဍာရေးနှစ်တစ်နှစ်တာ {0} မတွေ့ရှိ,
Food,အစာ,
For Employee,န်ထမ်းများအတွက်,
From Date {0} cannot be after employee's relieving Date {1},နေ့စွဲကနေ {0} ဝန်ထမ်းရဲ့စိတ်သက်သာရာနေ့စွဲ {1} ပြီးနောက်မဖွစျနိုငျ,
From Date {0} cannot be before employee's joining Date {1},နေ့စွဲကနေ {0} ဝန်ထမ်းရဲ့ပူးပေါင်းနေ့စွဲ {1} မတိုင်မီမဖွစျနိုငျ,
From date can not be less than employee's joining date,နေ့စွဲကနေန်ထမ်းရဲ့ပူးပေါင်းရက်စွဲထက်လျော့နည်းမဖွစျနိုငျ,
Fuel Price,လောင်စာစျေးနှုန်း,
Fuel Qty,လောင်စာအရည်အတွက်,
Full-time,အချိန်ပြည့်,
Future dates not allowed,အနာဂတ်ရက်စွဲများခွင့်မပြု,
Get Details From Declaration,ကြေညာစာတမ်းကနေအသေးစိတ် Get,
Get Employees,ဝန်ထမ်းများ get,
Gross Pay,gross Pay ကို,
Guest,ဧည့်သည်,
Half Day,တစ်ဝက်နေ့,
Half Day Date is mandatory,ဝက်နေ့နေ့စွဲမဖြစ်မနေဖြစ်ပါသည်,
Half Day Date should be between From Date and To Date,ဝက်နေ့နေ့စွဲနေ့စွဲ မှစ. နှင့်နေ့စွဲစေရန်အကြားဖြစ်သင့်တယ်,
Half Day Date should be in between Work From Date and Work End Date,ဝက်နေ့နေ့စွဲနေ့စွဲ မှစ. လုပ်ငန်းခွင်နှင့်လုပ်ငန်းပြီးဆုံးရက်စွဲအကြား၌ဖြစ်သင့်ပါတယ်,
Half day date should be in between from date and to date,ဝက်နေ့ကနေ့စွဲရက်စွဲမှယနေ့အထိအကြား၌ဖြစ်သင့်ပါတယ်,
Hello,ဟလို,
House rent paid days overlapping with {0},{0} နှင့်အတူထပ်အိမ်ငှားပေးဆောင်ရက်ပေါင်း,
House rented dates required for exemption calculation,အိမ်ကင်းလွတ်ခွင့်တွက်ချက်မှုအဘို့လိုအပ်ရက်စွဲများငှားရမ်းထားသော,
House rented dates should be atleast 15 days apart,အိမ်ရက်စွဲများဆိတ်ကွယ်ရာ atleast 15 ရက်ဖြစ်သင့်ငှားရမ်းထားသော,
Interest Amount,အကျိုးစီးပွားငွေပမာဏ,
Intern,အလုပ်သင်ဆရာဝန်,
Job Description,လုပ်ငန်းတာဝန်သတ်မှတ်ချက်,
Job Offer,ယောဘသည်ကမ်းလှမ်းချက်,
Jobs,ဂျော့ဘ်,
Leave Approval Notification,အတည်ပြုချက်သတိပေးချက် Leave,
Leave Blocked,Leave Blocked,
Leave Encashment,Encashment Leave,
Leave Status Notification,အခြေအနေသတိပေးချက် Leave,
Leave Type,Type Leave,
Leave Type is madatory,ခွင့်အမျိုးအစား madatory ဖြစ်ပါသည်,
Leave Type {0} cannot be allocated since it is leave without pay,အမျိုးအစား {0} Leave ကြောင့်လစာမပါဘဲထွက်သွားသည်ကတည်းကခွဲဝေမရနိုငျ,
Leave Type {0} cannot be carry-forwarded,{0} သယ်-forward နိုင်သည်မရနိုင်ပါ Type နေရာမှာ Leave,
Leave Type {0} is not encashable,အမျိုးအစား {0} Leave encashable မဟုတ်ပါဘူး,
Leave Without Pay,Pay ကိုမရှိရင် Leave,
"Leave cannot be allocated before {0}, as leave balance has already been carry-forwarded in the future leave allocation record {1}","ခွင့်ချိန်ခွင်လျှာထားပြီးအနာဂတ်ခွင့်ခွဲဝေစံချိန် {1} အတွက် PPP ဖြင့်ချဉ်းကပ်-forward နိုင်သည်သိရသည်အဖြစ် Leave, {0} မီကခွဲဝေမရနိုငျ",
"Leave cannot be applied/cancelled before {0}, as leave balance has already been carry-forwarded in the future leave allocation record {1}","ခွင့်ချိန်ခွင်လျှာထားပြီးအနာဂတ်ခွင့်ခွဲဝေစံချိန် {1} အတွက် PPP ဖြင့်ချဉ်းကပ်-forward နိုင်သည်သိရသည်အဖြစ် Leave, {0} မီကကိုဖျက်သိမ်း / လျှောက်ထားမရနိုင်ပါ",
Leave of type {0} cannot be longer than {1},{0} တော့ဘူး {1} ထက်မဖွစျနိုငျအမျိုးအစား Leave,
Leaves,အရွက်,
Leaves Allocated Successfully for {0},{0} သည်အောင်မြင်စွာကျင်းပပြီးစီးခွဲဝေရွက်,
Leaves per Year,တစ်နှစ်တာနှုန်းအရွက်,
Lifecycle,ဘဝဖြစ်စဥ်,
Mark Attendance,မာကုတက်ရောက်,
Max Exemption Amount cannot be greater than maximum exemption amount {0} of Tax Exemption Category {1},မက်စ်ကင်းလွတ်ခွင့်ငွေပမာဏ {0} {1} အခွန်ကင်းလွတ်ခွင့်အမျိုးအစားအများဆုံးကင်းလွတ်ခွင့်ငွေပမာဏထက် သာ. ကြီးမြတ်မဖွစျနိုငျ,
Max benefits should be greater than zero to dispense benefits,မက်စ်အကျိုးခံစားခွင့်အကျိုးခံစားခွင့် dispense မှသုညထက်ကြီးမြတ်ဖြစ်သင့်,
Maximum amount eligible for the component {0} exceeds {1},အဆိုပါအစိတ်အပိုင်း {0} များအတွက်အရည်အချင်းပြည့်မီအများဆုံးပမာဏကို {1} ထက်ကျော်လွန်,
Maximum benefit amount of component {0} exceeds {1},အစိတ်အပိုင်းအများဆုံးအကျိုးကျေးဇူးငွေပမာဏ {0} {1} ထက်ကျော်လွန်,
Maximum benefit amount of employee {0} exceeds {1},ဝန်ထမ်းအများဆုံးအကျိုးရှိငွေပမာဏ {0} {1} ထက်ကျော်လွန်,
Maximum leave allowed in the leave type {0} is {1},အရွက်အမျိုးအစား {0} အတွက်ခွင့်ပြုအများဆုံးခွင့် {1} ဖြစ်ပါသည်,
Medical,ဆေးဘက်ဆိုင်ရာ,
Mode of payment is required to make a payment,ငွေပေးချေမှု၏ Mode ကိုငွေပေးချေရန်လိုအပ်ပါသည်,
More than one selection for {0} not allowed,{0} ခွင့်မပြုဘို့တစ်ဦးထက်ပိုရွေးချယ်ရေး,
Net Pay,net က Pay ကို,
Net Pay cannot be less than 0,Net က Pay ကို 0 င်ထက်လျော့နည်းမဖွစျနိုငျ,
Net Salary Amount,Net ကလစာပမာဏ,
Net pay cannot be negative,Net ကအခပေးအနုတ်လက္ခဏာမဖြစ်နိုင်,
No Employee Found,ထမ်းတွေ့သည်အဘယ်သူမျှမ,
No Salary Structure assigned for Employee {0} on given date {1},ပေးထားသည့်ရက်စွဲ {1} အပေါ်ထမ်း {0} ဘို့တာဝန်ပေးအပ်ခြင်းမရှိပါလစာဖွဲ့စည်းပုံ,
No Staffing Plans found for this Designation,ဒီဒီဇိုင်းအတွက်မျှမတွေ့ Staffing စီမံကိန်းများကို,
No active or default Salary Structure found for employee {0} for the given dates,ပေးထားသောရက်စွဲများအတွက်ဝန်ထမ်း {0} ဘို့မျှမတွေ့တက်ကြွသို့မဟုတ် default အနေနဲ့လစာဖွဲ့စည်းပုံ,
No more updates,အဘယ်သူမျှမကပို updates များကို,
No replies from,မှအဘယ်သူမျှမဖြေကြားမှုများ,
No salary slip found to submit for the above selected criteria OR salary slip already submitted,ပြီးသားတင်သွင်းအထက်ပါရွေးချယ်ထားသည့်စံနှုန်းများ OR လစာစလစ်ဘို့တင်ပြမျှမတွေ့လစာစလစ်,
Nothing to change,ပြောင်းလဲပစ်ရန်အဘယ်အရာကိုမျှ,
Notice Period,သတိပေးချက်ကာလ,
Only Leave Applications with status 'Approved' and 'Rejected' can be submitted,&#39;&#39; Approved &#39;နဲ့&#39; ငြင်းပယ် &#39;&#39; တင်သွင်းနိုင်ပါသည် status ကိုအတူ Applications ကိုသာလျှင် Leave,
Optional Holiday List not set for leave period {0},ခွင့်ကာလ {0} ဘို့မသတ်မှတ် optional အားလပ်ရက်များစာရင်း,
Part-time,အချိန်ပိုင်း,
Password policy for Salary Slips is not set,လစာစလစ်ဘို့ Password ကိုမူဝါဒကိုသတ်မှတ်မထား,
Payment Days,ငွေပေးချေမှုရမည့်ကာလသ,
Payment of {0} from {1} to {2},{2} မှ {1} ကနေ {0} ၏ငွေပေးချေမှုရမည့်,
Payroll,အခစာရင်း,
Payroll Number,လစာအရေအတွက်,
Piecework,Piecework,
Please add the remaining benefits {0} to any of the existing component,လက်ရှိအစိတ်အပိုင်းမဆိုရန်ကျန်ရှိအကျိုးကျေးဇူးများကို {0} add ပေးပါ,
Please confirm once you have completed your training,သင်သည်သင်၏လေ့ကျင့်ရေးပြီးစီးခဲ့ပါပြီတစ်ကြိမ်အတည်ပြုပေးပါ,
Please enable default incoming account before creating Daily Work Summary Group,နေ့စဉ်လုပ်ငန်းခွင်အနှစ်ချုပ် Group မှမဖန်တီးခင်က default ဝင်လာသောအကောင့်ကို enable ပေးပါ,
Please select Company and Designation,ကုမ္ပဏီနှင့်ဒီဇိုင်းကိုရွေးချယ်ပါ ကျေးဇူးပြု.,
Please select Employee,ထမ်းကို select ပေးပါ,
Please select a csv file,တစ် CSV ဖိုင်ကိုရွေးပေးပါ,
Please set default template for Leave Approval Notification in HR Settings.,HR က Settings ထဲမှာခွင့်အတည်ပြုချက်သတိပေးချက်များအတွက် default အ template ကိုသတ်မှတ်ထားပေးပါ။,
Please set default template for Leave Status Notification in HR Settings.,HR က Settings ထဲမှာခွင့်အခြေအနေသတိပေးချက်များအတွက် default အ template ကိုသတ်မှတ်ထားပေးပါ။,
Please set the Company,ကုမ္ပဏီသတ်မှတ်ပေးပါ,
Please set the Date Of Joining for employee {0},ဝန်ထမ်း {0} အဘို့အချိတ်တွဲ၏နေ့စွဲသတ်မှတ်ပေးပါ,
Please share your feedback to the training by clicking on 'Training Feedback' and then 'New',&#39;&#39; သင်တန်းတုံ့ပြန်ချက် &#39;&#39; ကိုနှိပ်ခြင်းအားဖြင့်လေ့ကျင့်ရေးမှသင့်ရဲ့တုံ့ပြန်ချက်ဝေမျှပြီးတော့ &#39;&#39; နယူး &#39;&#39; ကျေးဇူးပြု.,
Please update your status for this training event,ဒီလေ့ကျင့်ရေးအဖြစ်အပျက်အဘို့သင့် status ကိုအပ်ဒိတ်လုပ် ကျေးဇူးပြု.,
Present,လက်ဆောင်,
Preview Salary Slip,ကို Preview လစာစလစ်ဖြတ်ပိုင်းပုံစံ,
Privilege Leave,အခွင့်ထူးထွက်ခွာ,
Probation,အစမ်းထား,
Probationary Period,Probationary Period,
Property,အိမ်ခြံမြေ,
Property already added,အိမ်ခြံမြေပြီးသားကဆက်ပြောသည်,
Replies,ပြန်စာများ,
Responsibilities,တာဝန်ဝတ္တရားများ,
Role,အခန်းက္ပ,
Row {0}# Allocated amount {1} cannot be greater than unclaimed amount {2},အတန်း {0} # ခွဲဝေငွေပမာဏ {1} သည့်အရေးမဆိုထားသောငွေပမာဏ {2} ထက် သာ. ကြီးမြတ်မဖွစျနိုငျ,
Row {0}# Paid Amount cannot be greater than requested advance amount,အတန်း {0} # Paid ငွေပမာဏမေတ္တာရပ်ခံကြိုတင်ပြီးငွေပမာဏထက် သာ. ကြီးမြတ်မဖွစျနိုငျ,
Salary Slip ID,လစာစလစ်ဖြတ်ပိုင်းပုံစံ ID ကို,
Salary Slip of employee {0} already created for this period,ဝန်ထမ်း၏လစာစလစ်ဖြတ်ပိုင်းပုံစံ {0} ပြီးသားဤကာလအဘို့ဖန်တီး,
Salary Slip of employee {0} already created for time sheet {1},ဝန်ထမ်း၏လစာစလစ်ဖြတ်ပိုင်းပုံစံ {0} ပြီးသားအချိန်စာရွက် {1} ဖန်တီး,
Salary Structure Assignment for Employee already exists,ထမ်းများအတွက်လစာဖွဲ့စည်းပုံတာဝန်ရှိပြီးဖြစ်၏,
Salary Structure Missing,လစာဖွဲ့စည်းပုံပျောက်ဆုံး,
Salary Structure not found for employee {0} and date {1},လစာဖွဲ့စည်းပုံဝန်ထမ်း {0} နှင့်ရက်စွဲ {1} ဘို့မတွေ့ရှိ,
Salary Structure should have flexible benefit component(s) to dispense benefit amount,လစာဖွဲ့စည်းပုံအကျိုးအတွက်ငွေပမာဏ dispense မှပြောင်းလွယ်ပြင်လွယ်အကျိုးအတွက်အစိတ်အပိုင်း (s) ကိုရှိသင့်,
"Salary already processed for period between {0} and {1}, Leave application period cannot be between this date range.","လစာပြီးသားဤရက်စွဲအကွာအဝေးအကြားမဖွစျနိုငျ {0} အကြားကာလအတွက်လုပ်ငန်းများ၌နှင့် {1}, လျှောက်လွှာကာလချန်ထားပါ။",
Sanctioned Amount cannot be greater than Claim Amount in Row {0}.,ပိတ်ဆို့ငွေပမာဏ Row {0} အတွက်တောင်းဆိုမှုများငွေပမာဏထက် သာ. ကြီးမြတ်မဖြစ်နိုင်။,
Score must be less than or equal to 5,ရမှတ်ထက်လျော့နည်းသို့မဟုတ် 5 မှတန်းတူဖြစ်ရမည်,
Select Property,အိမ်ခြံမြေကို Select လုပ်ပါ,
Select an employee to get the employee advance.,အလုပျသမားကြိုတင်မဲရဖို့တစ်ခုဝန်ထမ်းရွေးချယ်ပါ။,
Service Expense,ဝန်ဆောင်မှုကုန်ကျစရိတ်,
Show Employee,Show ကိုထမ်း,
Show Salary Slip,Show ကိုလစာစလစ်ဖြတ်ပိုင်းပုံစံ,
Sick Leave,နေမကောင်းထွက်ခွာ,
"Skipping Salary Structure Assignment for the following employees, as Salary Structure Assignment records already exists against them. {0}","လစာဖွဲ့စည်းပုံတာဝန်မှတ်တမ်းများပြီးသားသူတို့တဘက်၌တည်ရှိသကဲ့သို့, အောက်ပါန်ထမ်းများအတွက်လစာဖွဲ့စည်းပုံတာဝန်ခုန်ကျော်သွားသကဲ့သို့ဖြစ်ရသည်။ {0}",
Staffing Plan {0} already exist for designation {1},ဝန်ထမ်းများအစီအစဉ် {0} ပြီးသားသတ်မှတ်ရေး {1} များအတွက်တည်ရှိ,
"Start and end dates not in a valid Payroll Period, cannot calculate {0}","Start နဲ့အဆုံးခိုင်လုံသောလစာကာလ၌မကျစတငျရ, {0} တွက်ချက်လို့မရဘူး",
"Start and end dates not in a valid Payroll Period, cannot calculate {0}.","Start နဲ့အဆုံးခိုင်လုံသောလစာကာလ၌မကျစတငျရ, {0} တွက်ချက်လို့မရပါဘူး။",
Stock Options,စတော့အိတ် Options ကို,
Structures have been assigned successfully,အဆောက်အဦကိုအောင်မြင်စွာတာဝန်ပေးပြီ,
Submit Proof,သက်သေပြချက် Submit,
Submit Salary Slip,လစာစလစ်ဖြတ်ပိုင်းပုံစံ Submit,
Submit this to create the Employee record,အဆိုပါထမ်းစံချိန်ကိုဖန်တီးရန်ဒီ Submit,
Submitting Salary Slips...,လစာစလစ်တင်သွင်းနေ ...,
Team Updates,အသင်းကိုအပ်ဒိတ်များ,
Thank you,ကျေးဇူးတင်ပါသည်,
The day(s) on which you are applying for leave are holidays. You need not apply for leave.,သငျသညျခွင့်များအတွက်လျှောက်ထားထားတဲ့နေ့ (သို့) အားလပ်ရက်ဖြစ်ကြ၏။ သငျသညျခွင့်လျှောက်ထားစရာမလိုပေ။,
There are more holidays than working days this month.,ယခုလအလုပ်လုပ်ရက်ပတ်လုံးထက်ပိုပြီးအားလပ်ရက်ရှိပါသည်။,
There is no leave period in between {0} and {1},အဘယ်သူမျှမချန်ကာလ {0} နှင့် {1} ကြား၌ရှိပါသည်,
This is based on the attendance of this Employee,ဒီထမ်းများ၏တက်ရောက်သူအပေါ်အခြေခံသည်,
This will submit Salary Slips and create accrual Journal Entry. Do you want to proceed?,ဤသည်လစာစလစ်တင်ပြရန်နှင့်တိုးပွားလာသောဂျာနယ် Entry ဖန်တီးပါလိမ့်မယ်။ သငျသညျဆက်လက်ဆောင်ရွက်ချင်ပါသလား?,
To date can not be equal or less than from date,ရက်စွဲကိုညီမျှသို့မဟုတ်နေ့မှထက်လျော့နည်းမဖွစျနိုငျ,
To date can not be less than from date,ယနေ့အထိနေ့မှထက်လျော့နည်းမဖွစျနိုငျ,
To date can not greater than employee's relieving date,ယနေ့အထိန်ထမ်းရဲ့စိတ်သက်သာရာရက်စွဲထက်မသာနိုင်,
Total Absent,စုစုပေါင်းပျက်ကွက်,
Total Deduction,စုစုပေါင်းထုတ်ယူ,
Total Leaves,စုစုပေါင်းအရွက်,
Total Present,စုစုပေါင်းလက်ရှိ,
Total advance amount cannot be greater than total sanctioned amount,စုစုပေါင်းကြိုတင်မဲငွေပမာဏစုစုပေါင်းပိတ်ဆို့အရေးယူငွေပမာဏထက် သာ. ကြီးမြတ်မဖွစျနိုငျ,
Total flexible benefit component amount {0} should not be less than max benefits {1},စုစုပေါင်းပြောင်းလွယ်ပြင်လွယ်အကျိုးအတွက်အစိတ်အပိုင်းငွေပမာဏ {0} max ကိုအကျိုးခံစားခွင့် {1} ထက်လျော့နည်းမဖြစ်သင့်,
Total leaves allocated is mandatory for Leave Type {0},ခွဲဝေစုစုပေါင်းအရွက်ခွင့်အမျိုးအစား {0} တွေအတွက်မဖြစ်မနေဖြစ်ပါသည်,
Total working hours should not be greater than max working hours {0},စုစုပေါင်းအလုပ်ချိန်နာရီ {0} အလုပ်လုပ် max ကိုထက် သာ. ကြီးမြတ်မဖြစ်သင့်ပါဘူး,
Training,လေ့ကျင့်ရေး,
Training Event,လေ့ကျင့်ရေးပွဲ,
Training Events,လေ့ကျင့်ရေးအဖွဲ့တွေ,
Training Feedback,လေ့ကျင့်ရေးတုံ့ပြန်ချက်,
Training Result,လေ့ကျင့်ရေးရလဒ်,
Travel,ခရီးသွား,
Update Response,တုံ့ပြန်မှုကိုအပ်ဒိတ်လုပ်,
Value missing,value ကိုပျောက်ဆုံး,
Variable,ပွောငျးလဲတတျသော,
Walk In,ခုနှစ်တွင် Walk,
Warning: Leave application contains following block dates,သတိပေးချက်: Leave ပလီကေးရှင်းအောက်ပါလုပ်ကွက်ရက်စွဲများင်,
Website Listing,ဝက်ဘ်ဆိုက်အိမ်ခန်းနှင့်,
Work Summary for {0},{0} များအတွက်အလုပ်အနှစ်ချုပ်,
You are not authorized to approve leaves on Block Dates,သငျသညျ Block ကိုနေ့အပေါ်အရွက်အတည်ပြုခွင့်ကြသည်မဟုတ်,
You are not present all day(s) between compensatory leave request days,သငျသညျအစားထိုးခွင့်တောင်းဆိုမှုကိုရက်ပေါင်းအကြားတနေ့လုံး (s) ကိုတင်ပြကြသည်မဟုတ်,
You can only submit Leave Encashment for a valid encashment amount,သင်သာခိုင်လုံသော encashment ငွေပမာဏအဘို့အခွင့် Encashment တင်ပြနိုင်ပါတယ်,
{0} already allocated for Employee {1} for period {2} to {3},{0} ပြီးသားကာလထမ်း {1} များအတွက်ခွဲဝေ {2} {3} မှ,
{0} applicable after {1} working days,{0} {1} အလုပ်လုပ်ရက်အကြာမှာသက်ဆိုင်သော,
{0} is not in Optional Holiday List,{0} Optional အားလပ်ရက်စာရင်းမ,
{0} is not in a valid Payroll Period,{0} ခိုင်လုံသောလစာကာလ၌မကျဖြစ်ပါသည်,
{0} must be submitted,{0} တင်သွင်းရမည်ဖြစ်သည်,
"{0}: Employee email not found, hence email not sent","{0}: ဤအရပ်အီးမေးလ်ပို့မပို့နိုင်မတွေ့ရှိထမ်းအီးမေးလ်,",
{0}: From {0} of type {1},{0}: {1} အမျိုးအစား {0} မှစ.,
Conditions,အခြေအနေများ,
Percent,ရာခိုင်နှုန်း,
Error in some rows,အချို့သောအတန်းများတွင်မှားယွင်းနေသည်,
Benefit,အကျိုး,
Shift,အဆိုင်း,
Importing {0} of {1},တင်သွင်းခြင်း {0} {1} ၏,
'employee_field_value' and 'timestamp' are required.,&#39;&#39; employee_field_value &#39;နဲ့&#39; Timestamp ကို &#39;&#39; လိုအပ်ပါသည်။,
Allocation Expired!,ခွဲဝေ Expired!,
Attendance Marked,တက်ရောက်သူမှတ်သားရန်,
Attendance has been marked as per employee check-ins,တက်ရောက်သူဝန်ထမ်းစစ်ဆေးမှုများ-ins နှုန်းအဖြစ်မှတ်သားထားပြီး,
Date Range,နေ့စွဲ Range,
Event Link,အဖြစ်အပျက် Link ကို,
Expire Allocation,ခွဲဝေသက်တမ်းကုန်ဆုံး,
Fuel Expense,လောင်စာဆီသုံးစွဲမှု,
Intermediate,ကြားဖြစ်သော,
Leave application is linked with leave allocations {0}. Leave application cannot be set as leave without pay,လျှောက်လွှာခွင့်ခွဲတမ်း {0} နှင့်အတူဆက်စပ်ချန်ထားပါ။ လစာမပါဘဲခွင့်အဖြစ်သတ်မှတ်ထားမရနိုင် application ကိုစွန့်ခွာ,
Log Type is required for check-ins falling in the shift: {0}.,{0}: log အမျိုးအစားကတော့ပြောင်းကုန်ပြီအတွက်ကျသွားစစ်ဆေးမှုများ-ins ဘို့လိုအပ်ပါသည်။,
No Employee found for the given employee field value. '{}': {},ပေးထားသောဝန်ထမ်းလယ်ကွင်းတန်ဖိုးကိုရှာမတွေ့န်ထမ်း။ &#39;&#39; {} &#39;: {},
No Leaves Allocated to Employee: {0} for Leave Type: {1},၀ န်ထမ်းအားခွဲတမ်းချန်ထားခြင်းမရှိပါ - {0} Leave အမျိုးအစားအတွက် {1},
Only expired allocation can be cancelled,သာသက်တမ်းကုန်ဆုံးခွဲဝေဖျက်သိမ်းနိုင်ပါတယ်,
Only users with the {0} role can create backdated leave applications,{0} အခန်းကဏ္ with ရှိအသုံးပြုသူများသာနောက်ခံခွင့်လျှောက်လွှာများကိုဖန်တီးနိုင်သည်,
Password policy cannot contain spaces or simultaneous hyphens. The format will be restructured automatically,Password ကိုရေးမူဝါဒနေရာများသို့မဟုတ်တစ်ပြိုင်နက်ကို hyphens ဆံ့မခံနိုင်သည်။ ပုံစံအလိုအလြောကျ restructured ပါလိမ့်မည်,
Please enter the designation,အဆိုပါသတ်မှတ်ရေးရိုက်ထည့်ပေးပါ,
There are no vacancies under staffing plan {0},ဝန်ထမ်းများအစီအစဉ် {0} အောက်မှာအဘယ်သူမျှမနေရာလွတ်ရှိပါတယ်,
This employee already has a log with the same timestamp.{0},ဒီအလုပျသမားပြီးသားအတူတူ Timestamp ကိုအတူမှတ်တမ်းရှိပါတယ်။ {0},
Timing,အချိန်ကောင်း,
To date needs to be before from date,ယနေ့အထိနေ့မှမတိုင်မီဖြစ်ရန်လိုအပ်သည်,
Total Early Exits,စုစုပေါင်းအစောပိုင်းထွက်ပေါက်,
Total Late Entries,စုစုပေါင်းနှောင်းပိုင်း Entries,
Training Event:,လေ့ကျင့်ရေးပွဲ:,
Unable to find Salary Component {0},လစာစိတျအပိုငျး {0} ကိုရှာဖွေနိုင်ခြင်း,
Unmarked Attendance for days,ရက်များအတွက်အမှတ်မထင်တက်ရောက်သူ,
Vacancies cannot be lower than the current openings,နေရာလွတ်ဟာလက်ရှိအဖွင့်ထက်နိမ့်မဖွစျနိုငျ,
{} is an invalid Attendance Status.,{} တစ်ခုမမှန်ကန်တဲ့တက်ရောက်အခြေအနေဖြစ်ပါတယ်။,
Printed On,တွင်ပုံနှိပ်,
No employee found,ထမ်းတွေ့သည်အဘယ်သူမျှမ,
Please setup Employee Naming System in Human Resource > HR Settings,ကျေးဇူးပြု၍ ၀ န်ထမ်းအမည်ပေးခြင်းစနစ်ကိုလူ့စွမ်းအားအရင်းအမြစ်&gt; HR ဆက်တင်တွင်ထားပါ,
Please setup numbering series for Attendance via Setup > Numbering Series,ကျေးဇူးပြု၍ Setup&gt; Numbering Series မှတက်ရောက်လိုသူများအတွက်နံပါတ်စဉ်ဆက်တင်များကိုပြင်ဆင်ပါ,
Current Odometer Value should be greater than Last Odometer Value {0},လက်ရှိ Odometer Value သည်နောက်ဆုံး Odometer တန်ဖိုး {0} ထက်ကြီးသင့်သည်။,
No additional expenses has been added,အပိုဆောင်းကုန်ကျစရိတ်များထည့်သွင်းထားသည်,
{0} already exists for employee {1} and period {2},{0} သည် ၀ န်ထမ်း {1} နှင့်အချိန်ကာလ {2} အတွက်ရှိပြီးဖြစ်သည်။,
Leaves Allocated,အရွက်ခွဲဝေ,
Leave Without Pay does not match with approved {} records,Leave Without Pay သည်အတည်ပြု {} မှတ်တမ်းများနှင့်မကိုက်ညီပါ,
Income Tax Slab not set in Salary Structure Assignment: {0},လစာဖွဲ့စည်းပုံတာ ၀ န်သတ်မှတ်ချက်တွင်မပါ ၀ င်သည့်အခွန်ပြားကို {0},
Income Tax Slab: {0} is disabled,၀ င်ငွေခွန်စည်းမျဉ်း: {0} ကိုပိတ်ထားသည်,
Income Tax Slab must be effective on or before Payroll Period Start Date: {0},၀ င်ငွေခွန်စည်းစိမ်သည်လစာကာလမတိုင်မှီတွင်ထိရောက်ရမည်။ {0},
No leave record found for employee {0} on {1},{1} တွင် ၀ န်ထမ်း {0} အတွက်ခွင့်ခွင့်မှတ်တမ်းမရှိပါ။,
Row {0}: {1} is required in the expenses table to book an expense claim.,အတန်း {0}: {1} တစ်ကုန်ကျစရိတ်တောင်းဆိုချက်ကိုစာအုပ်ဆိုင်ဖို့ကုန်ကျစရိတ်စားပွဲပေါ်မှာအတွက်လိုအပ်သည်။,
Set the default account for the {0} {1},{0} {1} အတွက်မူလအကောင့်ကိုသတ်မှတ်ပါ။,
(Half Day),(နေ့တစ်ဝက်),
Income Tax Slab,ဝင်ငွေခွန်,
Row #{0}: Cannot set amount or formula for Salary Component {1} with Variable Based On Taxable Salary,အတန်း # {0} - အခွန်လစာအပေါ် အခြေခံ၍ Variable ဖြင့်လစာအစိတ်အပိုင်း - {1} အတွက်ငွေပမာဏသို့မဟုတ်ပုံသေနည်းကိုမသတ်မှတ်နိုင်ပါ။,
Repay From Salary can be selected only for term loans,လစာမှငွေပြန်အမ်းငွေကိုကာလရှည်ချေးငွေအတွက်သာရွေးချယ်နိုင်သည်,
Salary Component Account,လစာစိတျအပိုငျးအကောင့်,
Default Bank / Cash account will be automatically updated in Salary Journal Entry when this mode is selected.,ဒီ mode ကိုရှေးခယျြထားသညျ့အခါ default ဘဏ် / ငွေအကောင့်ကိုအလိုအလျောက်လစာဂျာနယ် Entry အတွက် update လုပ်ပါလိမ့်မည်။,
Result,ရလဒ်ကတော့,
Total Score,စုစုပေါင်းရမှတ်,
Joining Date,နေ့စွဲလာရောက်ပူးပေါင်း,
Publish on website,website တွင် Publish,
Application Status,လျှောက်လွှာအခြေအနေ,
IN,IN,
Remind Before,မတိုင်မှီသတိပေး,
Reminded,သတိပေး,
Additional Salary,အပိုဆောင်းလစာ,
HR-ADS-.YY.-.MM.-,HR-Ads-.YY .- ။ MM.-,
Salary Component,လစာစိတျအပိုငျး,
Overwrite Salary Structure Amount,လစာဖွဲ့စည်းပုံငွေပမာဏ Overwrite,
Deduct Full Tax on Selected Payroll Date,Selected လစာနေ့စွဲအပေါ်အပြည့်အဝအခွန်နုတ်,
Payroll Date,လစာနေ့စွဲ,
Salary Component Type,လစာစိတျအပိုငျးအမျိုးအစား,
Appointment Letter,ရက်ချိန်းပေးစာ,
Appointment Date,ရက်ချိန်းရက်,
Appointment Letter Template,ရက်ချိန်းပေးစာပုံစံ,
Closing Notes,မှတ်စုများပိတ်ခြင်း,
Appointment Letter content,ရက်ချိန်းပေးစာပါအကြောင်းအရာ,
Appraisal,တန်ဖိုးခြင်း,
HR-APR-.YY.-.MM.,HR-APR-.YY.-.MM ။,
For Employee Name,န်ထမ်းနာမတော်အဘို့,
Goals,ရည်မှန်းချက်များ,
Total Score (Out of 5),(5 ထဲက) စုစုပေါင်းရမှတ်,
"Any other remarks, noteworthy effort that should go in the records.","အခြားမည်သည့်သဘောထားမှတ်ချက်, မှတ်တမ်းများအတွက်သွားသင့်ကြောင်းမှတ်သားဖွယ်အားထုတ်မှု။",
Appraisal Goal,စိစစ်ရေးဂိုး,
Key Responsibility Area,Key ကိုတာဝန်သိမှုဧရိယာ,
Weightage (%),Weightage (%),
Score (0-5),ရမှတ် (0-5),
Score Earned,ရမှတ်ရရှိခဲ့သည်,
Appraisal Template Title,စိစစ်ရေး Template: ခေါင်းစဉ်မရှိ,
Appraisal Template Goal,စိစစ်ရေး Template: Goal,
KRA,Kra,
Key Performance Area,Key ကိုစွမ်းဆောင်ရည်ဧရိယာ,
HR-ATT-.YYYY.-,HR-AT &amp; T-.YYYY.-,
On Leave,Leave တွင်,
Work From Home,မူလစာမျက်နှာ မှစ. လုပ်ငန်းခွင်,
Leave Application,လျှောက်လွှာ Leave,
Attendance Date,တက်ရောက်သူနေ့စွဲ,
Attendance Request,တက်ရောက်သူတောင်းဆိုခြင်း,
Late Entry,နှောင်းပိုင်းတွင် Entry &#39;,
Early Exit,အစောပိုင်းမှထွက်ရန်,
Half Day Date,ဝက်နေ့နေ့စွဲ,
On Duty,Duty တွင်,
Explanation,ရှင်းလင်းချက်,
Compensatory Leave Request,အစားထိုးခွင့်တောင်းဆိုခြင်း,
Leave Allocation,ဖြန့်ဝေ Leave,
Worked On Holiday,အားလပ်ရက်တွင်အလုပ်လုပ်ခဲ့,
Work From Date,နေ့စွဲကနေအလုပ်,
Work End Date,လုပ်ငန်းခွင်ပြီးဆုံးရက်စွဲ,
Email Sent To,အီးမေးလ်ပို့ခဲ့သည်,
Select Users,အသုံးပြုသူများကို Select လုပ်ပါ,
Send Emails At,မှာထားတဲ့အီးမေးလ်ပို့ပါ,
Reminder,သတိပေးချက်,
Daily Work Summary Group User,နေ့စဉ်လုပ်ငန်းခွင်အနှစ်ချုပ် Group မှအသုံးပြုသူတို့၏,
email,အီးမေးလ်,
Department Approver,ဦးစီးဌာနသဘောတူညီချက်ပေး,
Approver,ခွင့်ပြုချက်,
Designation Skill,သတ်မှတ်ရေးကျွမ်းကျင်မှု,
Skill,ကျင်လည်ခြင်း,
Leave Policy,ပေါ်လစီ Leave,
Salary Details,လစာအသေးစိတ်,
HR-EAD-.YYYY.-,HR-EAD-.YYYY.-,
Claimed,ပြောဆိုထားသည်,
Employee Attendance Tool,ဝန်ထမ်းတက်ရောက် Tool ကို,
Unmarked Attendance,ထငျရှားတက်ရောက်,
Employees HTML,ဝန်ထမ်းများ HTML ကို,
Marked Attendance,တခုတ်တရတက်ရောက်,
Marked Attendance HTML,တခုတ်တရတက်ရောက် HTML ကို,
Employee Benefit Application,ဝန်ထမ်းအကျိုးခံစားခွင့်လျှောက်လွှာ,
Max Benefits (Yearly),မက်စ်အကျိုးကျေးဇူးများ (နှစ်စဉ်),
Remaining Benefits (Yearly),ကျန်ရှိသောအကျိုးကျေးဇူးများ (နှစ်စဉ်),
Payroll Period,လုပ်ခလစာကာလ,
Dispensed Amount (Pro-rated),ထုတ်ပေးငွေပမာဏ (Pro ကို-rated),
Employee Benefit Application Detail,ဝန်ထမ်းအကျိုးခံစားခွင့်လျှောက်လွှာအသေးစိတ်,
Earning Component,ဝင်ငွေအစိတ်အပိုင်း,
Pay Against Benefit Claim,အကျိုးခံစားခွင့်အရေးဆိုမှုဆန့်ကျင်ပေးဆောင်,
Max Benefit Amount,မက်စ်အကျိုးခံစားခွင့်ငွေပမာဏ,
Employee Benefit Claim,ဝန်ထမ်းအကျိုးခံစားခွင့်အရေးဆိုမှု,
Claim Date,အရေးဆိုသည့်ရက်စွဲ,
Claim Benefit For,သည်ပြောဆိုချက်ကိုအကျိုးခံစားခွင့်,
Max Amount Eligible,မက်စ်ငွေပမာဏသတ်မှတ်ချက်ပြည့်မီ,
Expense Proof,စရိတ်သက်သေပြချက်,
Employee Boarding Activity,ဝန်ထမ်းဘော်ဒါဆောင်လှုပ်ရှားမှု,
Activity Name,activity ကိုအမည်,
Required for Employee Creation,ထမ်းဖန်ဆင်းခြင်းများအတွက်လိုအပ်သော,
Applicable in the case of Employee Onboarding,ထမ်း onboard ၏အမှု၌သက်ဆိုင်သော,
Employee Checkin,ဝန်ထမ်းစာရင်းသွင်း,
Log Type,log အမျိုးအစား,
OUT,OUT,
Location / Device ID,တည်နေရာ / ကိရိယာ ID,
Skip Auto Attendance,အော်တိုတက်ရောက် Skip,
Shift Start,Start ကို Shift,
Shift End,shift အဆုံး,
Shift Actual Start,အမှန်တကယ် Start ကို Shift,
Shift Actual End,အမှန်တကယ် End Shift,
Default Salary Structure,default လစာဖွဲ့စည်းပုံ,
Employee Health Insurance,ဝန်ထမ်းကနျြးမာရေးအာမခံ,
Health Insurance Name,ကနျြးမာရေးအာမခံအမည်,
Employee Incentive,ဝန်ထမ်းယ့,
Incentive Amount,မက်လုံးပေးငွေပမာဏ,
Employee Onboarding,ဝန်ထမ်း onboard,
Notify users by email,အီးမေးလ်ဖြင့်အသုံးပြုသူများသည်အသိပေး,
Employee Onboarding Template,ဝန်ထမ်း onboard Template ကို,
Employee Other Income,၀ န်ထမ်းအခြားဝင်ငွေ,
Employee Promotion,ဝန်ထမ်းမြှင့်တင်ရေး,
Promotion Date,မြှင့်တင်ရေးနေ့စွဲ,
Employee Promotion Details,ဝန်ထမ်းမြှင့်တင်ရေးအသေးစိတ်,
Employee Property History,ဝန်ထမ်းအိမ်ခြံမြေသမိုင်း,
Employee Separation,ဝန်ထမ်း Separation,
Employee Separation Template,ဝန်ထမ်း Separation Template ကို,
Exit Interview Summary,Exit ကိုအင်တာဗျူးအကျဉ်းချုပ်,
Employee Skill,ဝန်ထမ်းကျွမ်းကျင်မှု,
Proficiency,ကျွမ်းကျင်မှု,
Evaluation Date,အကဲဖြတ်နေ့စွဲ,
Employee Skill Map,ဝန်ထမ်းကျွမ်းကျင်မှုမြေပုံ,
Employee Skills,ဝန်ထမ်းကျွမ်းကျင်မှု,
Trainings,သင်တန်းများ,
Employee Tax Exemption Category,ဝန်ထမ်းအခွန်ကင်းလွတ်ခွင့်အမျိုးအစား,
Max Exemption Amount,မက်စ်ကင်းလွတ်ခွင့်ပမာဏ,
Employee Tax Exemption Declaration,ဝန်ထမ်းအခွန်ကင်းလွတ်ခွင့်ကြေညာစာတမ်း,
Declarations,ကြေညာချက်များ,
Total Declared Amount,စုစုပေါင်းကြေငြာခြင်းပမာဏ,
Total Exemption Amount,စုစုပေါင်းကင်းလွတ်ခွင့်ပမာဏ,
Employee Tax Exemption Declaration Category,ဝန်ထမ်းအခွန်ကင်းလွတ်ခွင့်ကြေညာစာတမ်းအမျိုးအစား,
Exemption Sub Category,ကင်းလွတ်ခွင့် Sub Category:,
Exemption Category,ကင်းလွတ်ခွင့်အမျိုးအစား,
Maximum Exempted Amount,အများဆုံးကင်းလွတ်ခွင့်ရငွေပမာဏ,
Declared Amount,ကြေငြာငွေပမာဏ,
Employee Tax Exemption Proof Submission,ဝန်ထမ်းအခွန်ကင်းလွတ်ခွင့်အထောက်အထားတင်ပြမှု,
Submission Date,တင်သွင်းခဲ့တဲ့နေ့စွဲ,
Tax Exemption Proofs,အခွန်ကင်းလွတ်ခွင့်အထောက်အထား,
Total Actual Amount,စုစုပေါင်းအမှန်တကယ်ငွေပမာဏ,
Employee Tax Exemption Proof Submission Detail,ဝန်ထမ်းအခွန်ကင်းလွတ်ခွင့်အထောက်အထားတင်ပြမှုကိုအသေးစိတ်,
Maximum Exemption Amount,အများဆုံးကင်းလွတ်ခွင့်ပမာဏ,
Type of Proof,သက်သေပြချက်အမျိုးအစား,
Actual Amount,အမှန်တကယ်ငွေပမာဏ,
Employee Tax Exemption Sub Category,ဝန်ထမ်းအခွန်ကင်းလွတ်ခွင့် Sub Category:,
Tax Exemption Category,အခွန်ကင်းလွတ်ခွင့်အမျိုးအစား,
Employee Training,ဝန်ထမ်းသင်တန်း,
Training Date,လေ့ကျင့်ရေးနေ့စွဲ,
Employee Transfer,ဝန်ထမ်းလွှဲပြောင်း,
Transfer Date,လွှဲပြောင်းနေ့စွဲ,
Employee Transfer Details,ဝန်ထမ်းလွှဲပြောင်းအသေးစိတ်,
Employee Transfer Detail,ဝန်ထမ်းလွှဲပြောင်းအသေးစိတ်,
Re-allocate Leaves,re-ခွဲဝေချထားပေးရန်အရွက်,
Create New Employee Id,နယူးထမ်း Id Create,
New Employee ID,နယူးထမ်း ID ကို,
HR-EXP-.YYYY.-,HR-EXP-.YYYY.-,
Expense Taxes and Charges,ကုန်ကျစရိတ်အခွန်နှင့်စွပ်စွဲချက်,
Total Sanctioned Amount,စုစုပေါင်းပိတ်ဆို့ငွေပမာဏ,
Total Advance Amount,စုစုပေါင်းကြိုတင်ပမာဏ,
Total Claimed Amount,စုစုပေါင်းအခိုင်အမာငွေပမာဏ,
Total Amount Reimbursed,စုစုပေါင်းငွေပမာဏ Reimbursed,
Vehicle Log,ယာဉ် Log in ဝင်ရန်,
Employees Email Id,န်ထမ်းအီးမေးလ် Id,
More Details,အသေးစိတ်များ,
Expense Claim Account,စရိတ်တိုင်ကြားအကောင့်,
Expense Claim Advance,စရိတ်ဆိုနေကြိုတင်,
Expense Claim Detail,စရိတ်တောင်းဆိုမှုများ Detail,
Expense Date,စရိတ်နေ့စွဲ,
Expense Claim Type,စရိတ်တောင်းဆိုမှုများ Type,
HR Settings,HR Settings ကို,
Employee Settings,ဝန်ထမ်း Settings ကို,
Expense Approver Mandatory In Expense Claim,စရိတ်ဆိုနေခုနှစ်တွင်သဘောတူညီချက်ပေးမသင်မနေရစရိတ်,
Payroll Settings,လုပ်ခလစာ Settings ကို,
Leave,ထွက်ခွာမည်,
Max working hours against Timesheet,Timesheet ဆန့်ကျင် max အလုပ်ချိန်,
Include holidays in Total no. of Working Days,အဘယ်သူမျှမစုစုပေါင်းအတွက်အားလပ်ရက်ပါဝင်သည်။ အလုပ်အဖွဲ့ Days ၏,
"If checked, Total no. of Working Days will include holidays, and this will reduce the value of Salary Per Day","checked, စုစုပေါင်းမျှမပါ။ အလုပ်အဖွဲ့ Days ၏အားလပ်ရက်ပါဝင်ပါလိမ့်မယ်, ဒီလစာ Per နေ့၏တန်ဖိုးကိုလျော့ချလိမ့်မည်",
"If checked, hides and disables Rounded Total field in Salary Slips",Check လုပ်ပြီးပါကလစာဖြတ်ပိုင်းရှိ Rounded Total နေရာကိုဖုံးကွယ်ထားပါ,
The fraction of daily wages to be paid for half-day attendance,နေ့ဝက် ၀ င်ရောက်မှုအတွက်ပေးရမည့်နေ့စဉ်လုပ်ခလစာအနည်းငယ်,
Email Salary Slip to Employee,ထမ်းအီးမေးလ်လစာစလစ်ဖြတ်ပိုင်းပုံစံ,
Emails salary slip to employee based on preferred email selected in Employee,ထမ်းရွေးချယ်နှစ်သက်သောအီးမေးလ်ကိုအပေါ်အခြေခံပြီးန်ထမ်းရန်အီးမေးလ်များကိုလစာစလစ်,
Encrypt Salary Slips in Emails,အီးမေးလ်များအတွက်လစာစလစ် Encrypt,
"The salary slip emailed to the employee will be password protected, the password will be generated based on the password policy.","အလုပျသမားမှမေးလ်ပို့ပေးအဆိုပါလစာစလစ်စကားဝှက်စကားဝှက်ကိုရေးမူဝါဒအပေါ်အခြေခံပြီးထုတ်ပေးပါလိမ့်မည်, စကားဝှက်ဖြင့်ကာကွယ်ထားရလိမ့်မည်။",
Password Policy,Password ကိုပေါ်လစီ,
<b>Example:</b> SAL-{first_name}-{date_of_birth.year} <br>This will generate a password like SAL-Jane-1972,<b>ဥပမာ:</b> SAL- {FIRST_NAME} - {date_of_birth.year} <br> ဤသည် SAL-ဂျိန်း-1972 ကဲ့သို့ password ကို generate ပါလိမ့်မယ်,
Leave Approval Notification Template,အတည်ပြုချက်သတိပေးချက် Template: Leave,
Leave Status Notification Template,အခြေအနေသတိပေးချက် Template: Leave,
Role Allowed to Create Backdated Leave Application,Backdated Leave လျှောက်လွှာကိုဖန်တီးရန်ခွင့်ပြုအခန်းကဏ္။,
Leave Approver Mandatory In Leave Application,Leave လျှောက်လွှာခုနှစ်တွင်သဘောတူညီချက်ပေးမသင်မနေရ Leave,
Show Leaves Of All Department Members In Calendar,အားလုံးဦးစီးဌာနအဖွဲ့ဝင်များအနက် Show ကိုအရွက်ပြက္ခဒိန်မှာတော့,
Auto Leave Encashment,အော်တိုခွင့် Encashment,
Hiring Settings,Settings များဌားရမ်း,
Check Vacancies On Job Offer Creation,ယောဘသည်ကမ်းလှမ်းချက်ဖန်ဆင်းခြင်းတွင် VACANCY Check,
Identification Document Type,identification စာရွက်စာတမ်းအမျိုးအစား,
Effective from,ထိရောက်သော,
Allow Tax Exemption,အခွန်ကင်းလွတ်ခွင့်ခွင့်ပြုပါ,
"If enabled, Tax Exemption Declaration will be considered for income tax calculation.",ဖွင့်နိုင်ပါက ၀ င်ငွေခွန်တွက်ချက်ရန်အတွက်အခွန်ကင်းလွတ်ခွင့်ကြေညာစာတမ်းကိုစဉ်းစားလိမ့်မည်။,
Standard Tax Exemption Amount,စံအခွန်ကင်းလွတ်ခွင့်ပမာဏ,
Taxable Salary Slabs,Taxable လစာတစ်ခုလို့ဆိုရမှာပါ,
Taxes and Charges on Income Tax,ဝင်ငွေခွန်အပေါ်အခွန်နှင့်ကုန်ကျစရိတ်,
Other Taxes and Charges,အခြားအခွန်အခများ,
Income Tax Slab Other Charges,၀ င်ငွေခွန်တစ်ခု၏အခကြေးငွေ,
Min Taxable Income,min taxable ဝင်ငွေ,
Max Taxable Income,အများဆုံး taxable ဝင်ငွေ,
Applicant for a Job,တစ်ဦးယောဘသည်လျှောက်ထားသူ,
Job Opening,ယောဘသည်အဖွင့်ပွဲ,
Cover Letter,ပေးပို့သည့်အကြောင်းရင်းအားရှင်းပြသည့်စာ,
Resume Attachment,ကိုယ်ရေးမှတ်တမ်းတွယ်တာ,
Job Applicant Source,ယောဘသည်လျှောက်ထားသူနဲ့သက်ဆိုင်တဲ့ Source,
Applicant Email Address,လျှောက်ထားသူအီးမေးလ်လိပ်စာ,
Awaiting Response,စောင့်ဆိုင်းတုန့်ပြန်,
Job Offer Terms,ယောဘသည်ကမ်းလှမ်းချက်စည်းမျဉ်းစည်းကမ်းများ,
Select Terms and Conditions,စည်းကမ်းသတ်မှတ်ချက်များကိုရွေးပါ,
Job Offer Term,ယောဘသည်ကမ်းလှမ်းချက် Term,
Offer Term,ကမ်းလှမ်းမှုကို Term,
Value / Description,Value တစ်ခု / ဖော်ပြချက်များ,
Description of a Job Opening,တစ်ဦးယောဘဖွင့်ပွဲ၏ဖော်ပြချက်များ,
Staffing Plan,ဝန်ထမ်းများအစီအစဉ်,
Planned number of Positions,ရာထူး၏စီစဉ်ထားအရေအတွက်ကို,
"Job profile, qualifications required etc.","ယောဘသည် profile ကို, အရည်အချင်းများနှင့်ပြည့်စသည်တို့မလိုအပ်",
HR-LAL-.YYYY.-,HR-Lal-.YYYY.-,
New Leaves Allocated,ခွဲဝေနယူးရွက်,
Add unused leaves from previous allocations,ယခင်ခွဲတမ်းအနေဖြင့်အသုံးမပြုတဲ့အရွက် Add,
Unused leaves,အသုံးမပြုသောအရွက်,
Total Leaves Allocated,ခွဲဝေစုစုပေါင်းရွက်,
Total Leaves Encashed,Encashed စုစုပေါင်းအရွက်,
Leave Period,ကာလ Leave,
Carry Forwarded Leaves,forward မလုပ်ရွက်သယ်,
Apply / Approve Leaves,Apply / ရွက်အတည်ပြု,
HR-LAP-.YYYY.-,HR-ရင်ခွင်-.YYYY.-,
Leave Balance Before Application,လျှောက်လွှာခင်မှာ Balance Leave,
Total Leave Days,စုစုပေါင်းထွက်ခွာ Days,
Leave Approver Name,ခွင့်ပြုချက်အမည် Leave,
Follow via Email,အီးမေးလ်ကနေတဆင့် Follow,
Block Holidays on important days.,အရေးကြီးသောရက်အားလပ်ရက်ပိတ်ဆို့။,
Leave Block List Name,Block List ကိုအမည် Leave,
Applies to Company,ကုမ္ပဏီသက်ဆိုင်,
"If not checked, the list will have to be added to each Department where it has to be applied.","checked မလျှင်, စာရင်းကလျှောက်ထားခံရဖို့ရှိပါတယ်ရှိရာတစ်ဦးစီဦးစီးဌာနမှထည့်သွင်းရပါလိမ့်မယ်။",
Block Days,block Days,
Stop users from making Leave Applications on following days.,အောက်ပါရက်ထွက်ခွာ Applications ကိုအောင်ကနေအသုံးပြုသူများကိုရပ်တန့်။,
Leave Block List Dates,Block List ကိုနေ့ရက်များ Leave,
Allow Users,Allow အသုံးပြုသူများ,
Allow the following users to approve Leave Applications for block days.,အောက်ပါအသုံးပြုသူများလုပ်ကွက်နေ့ရက်ကာလအဘို့ထွက်ခွာ Applications ကိုအတည်ပြုခွင့်ပြုပါ။,
Leave Block List Allowed,Block List ကို Allowed Leave,
Leave Block List Allow,Allow Block List ကို Leave,
Allow User,အသုံးပြုသူ Allow,
Leave Block List Date,Block List ကိုနေ့စွဲ Leave,
Block Date,block နေ့စွဲ,
Leave Control Panel,Control Panel ကို Leave,
Employment Type (optional),အလုပ်အကိုင်အမျိုးအစား (optional),
Branch (optional),branch (optional),
Department (optional),ဦးစီးဌာန (optional),
Designation (optional),သတ်မှတ်ရေး (optional),
Employee Grade (optional),ဝန်ထမ်းအဆင့် (optional),
Employee (optional),ဝန်ထမ်း (optional),
Allocate Leaves,အရွက်ခွဲဝေချထားပေးရန်,
Carry Forward,Forward သယ်,
Please select Carry Forward if you also want to include previous fiscal year's balance leaves to this fiscal year,သင်တို့သည်လည်းယခင်ဘဏ္ဍာနှစ်ရဲ့ချိန်ခွင်လျှာဒီဘဏ္ဍာနှစ်မှပင်အရွက်ကိုထည့်သွင်းရန်လိုလျှင် Forward ပို့ကို select ကျေးဇူးပြု.,
New Leaves Allocated (In Days),(Days ခုနှစ်တွင်) ခွဲဝေနယူးရွက်,
Leave Balance,Balance Leave,
Encashable days,Encashable ရက်ပေါင်း,
Encashment Amount,Encashment ငွေပမာဏ,
Leave Ledger Entry,Ledger Entry &#39;Leave,
Transaction Name,ငွေသွင်းငွေထုတ်အမည်,
Is Carry Forward,Forward ယူသွားတာဖြစ်ပါတယ်,
Is Expired,Expired ဖြစ်ပါတယ်,
Is Leave Without Pay,Pay ကိုမရှိရင် Leave ဖြစ်ပါတယ်,
Holiday List for Optional Leave,မလုပ်မဖြစ်ခွင့်များအတွက်အားလပ်ရက်များစာရင်း,
Leave Allocations,ခွဲဝေ Leave,
Leave Policy Details,ပေါ်လစီအသေးစိတ် Leave,
Leave Policy Detail,ပေါ်လစီအသေးစိတ် Leave,
Annual Allocation,နှစ်စဉ်ခွဲဝေ,
Leave Type Name,Type အမည် Leave,
Applicable After (Working Days),(အလုပ်အဖွဲ့နေ့ရက်များ) ပြီးနောက်သက်ဆိုင်သော,
Is Optional Leave,မလုပ်မဖြစ်ခွင့် Is,
Allow Negative Balance,အပြုသဘောမဆောင်သော Balance Allow,
Include holidays within leaves as leaves,အရွက်အဖြစ်အရွက်အတွင်းအားလပ်ရက် Include,
Is Compensatory,အစားထိုး Is,
Maximum Carry Forwarded Leaves,အများဆုံး Carry တစ်ဆင့်အရွက်,
Expire Carry Forwarded Leaves (Days),သက်တမ်းကုန်ဆုံး Carry တစ်ဆင့်အရွက် (နေ့ရက်များ),
Calculated in days,နေ့ရက်ကာလ၌တွက်ချက်,
Encashment,Encashment,
Allow Encashment,Encashment Allow,
Encashment Threshold Days,Encashment Threshold နေ့ရက်များ,
Earned Leave,Leave ရရှိခဲ့,
Is Earned Leave,Leave ရရှိခဲ့တာဖြစ်ပါတယ်,
Earned Leave Frequency,ရရှိခဲ့သည် Leave ကြိမ်နှုန်း,
Rounding,ရှာနိုင်ပါတယ်,
Payroll Employee Detail,လုပ်ခလစာထမ်းအသေးစိတ်,
Payroll Frequency,လစာကြိမ်နှုန်း,
Fortnightly,နှစ်ပတ်တ,
Bimonthly,Bimonthly,
Employees,န်ထမ်း,
Number Of Employees,အလုပ်သမားအရေအတွက်,
Employee Details,ဝန်ထမ်းအသေးစိတ်,
Validate Attendance,တက်ရောက်ကိုအတည်ပြုပြီး,
Salary Slip Based on Timesheet,Timesheet အပေါ်အခြေခံပြီးလစာစလစ်ဖြတ်ပိုင်းပုံစံ,
Deduct Tax For Unclaimed Employee Benefits,ပိုင်ရှင်မပေါ်သောသွင်းထမ်းအကျိုးကျေးဇူးများသည်အခွန်နုတ်,
Deduct Tax For Unsubmitted Tax Exemption Proof,သက်သေပြချက်အခွန်သည် Unsubmitted အခွန်ကင်းလွတ်ခွင့်နုတ်,
Select Payment Account to make Bank Entry,ဘဏ်မှ Entry စေရန်ငွေပေးချေမှုရမည့်အကောင့်ကို Select လုပ်ပါ,
Salary Slips Created,Created လစာစလစ်,
Salary Slips Submitted,Submitted လစာစလစ်,
Payroll Periods,လုပ်ခလစာအချိန်ကာလများ,
Payroll Period Date,လုပ်ခလစာကာလနေ့စွဲ,
Purpose of Travel,ခရီးသွား၏ရည်ရွယ်ချက်,
Retention Bonus,retention အပိုဆု,
Bonus Payment Date,အပိုဆုငွေပေးချေမှုရမည့်နေ့စွဲ,
Bonus Amount,အပိုဆုငွေပမာဏ,
Depends on Payment Days,ငွေပေးချေမှုရမည့်နေ့ရက်များအပေါ်မူတည်,
Is Tax Applicable,အခွန် application ဖြစ်ပါတယ်,
Variable Based On Taxable Salary,Taxable လစာတွင် အခြေခံ. variable,
Exempted from Income Tax,ဝင်ငွေခွန်မှကင်းလွတ်ခွင့်,
Round to the Nearest Integer,အနီးဆုံး Integer မှ round,
Statistical Component,စာရင်းအင်းစိတျအပိုငျး,
"If selected, the value specified or calculated in this component will not contribute to the earnings or deductions. However, it's value can be referenced by other components that can be added or deducted. ","မရွေးလိုလျှင်, ဒီအစိတ်အပိုင်းအတွက်သတ်မှတ်ထားသောသို့မဟုတ်တွက်ချက်တန်ဖိုးအတွက်ဝင်ငွေသို့မဟုတ်ဖြတ်တောက်ရန်အထောက်အကူဖြစ်စေမည်မဟုတ်။ သို့ရာတွင်ထိုသို့တန်ဖိုးကိုဆက်ပြောသည်သို့မဟုတ်နုတ်ယူနိုင်ပါတယ်အခြားအစိတ်အပိုင်းများအားဖြင့်ရည်ညွှန်းနိုင်ပါသည်ပါပဲ။",
Do Not Include in Total,စုစုပေါင်းတွင်မပါဝင်ပါနဲ့,
Flexible Benefits,ပြောင်းလွယ်ပြင်လွယ်အကျိုးကျေးဇူးများ,
Is Flexible Benefit,Flexible အကျိုးခံစားခွင့်ဖြစ်ပါသည်,
Max Benefit Amount (Yearly),(နှစ်စဉ်) မက်စ်အကျိုးခံစားခွင့်ငွေပမာဏ,
Only Tax Impact (Cannot Claim But Part of Taxable Income),သာအခွန်သက်ရောက်မှု (Taxable ဝင်ငွေခွန်၏သို့သော်အပိုင်းတိုင်ကြားပါလို့မရပါ),
Create Separate Payment Entry Against Benefit Claim,အကျိုးခံစားခွင့်အရေးဆိုမှုဆန့်ကျင်သီးခြားငွေပေးချေမှုရမည့် Entry &#39;Create,
Amount based on formula,ဖော်မြူလာအပေါ်အခြေခံပြီးပမာဏ,
Formula,နည်း,
Salary Detail,လစာ Detail,
Component,component,
Do not include in total,စုစုပေါင်းမပါဝင်ပါနဲ့,
Default Amount,default ငွေပမာဏ,
Additional Amount,အပိုဆောင်းငွေပမာဏ,
Tax on flexible benefit,ပြောင်းလွယ်ပြင်လွယ်အကျိုးကျေးဇူးအပေါ်အခွန်,
Tax on additional salary,အပိုဆောင်းလစာအပေါ်အခွန်,
Salary Structure,လစာဖွဲ့စည်းပုံ,
Working Days,အလုပ်လုပ် Days,
Salary Slip Timesheet,လစာစလစ်ဖြတ်ပိုင်းပုံစံ Timesheet,
Earnings,င်ငွေ,
Deductions,ဖြတ်ငွေများ,
Total in words,စကားစုစုပေါင်း,
Salary Component for timesheet based payroll.,timesheet အခြေစိုက်လုပ်ခလစာများအတွက်လစာစိတျအပိုငျး။,
Leave Encashment Amount Per Day,Encashment ငွေပမာဏ Per နေ့ Leave,
Max Benefits (Amount),မက်စ်အကျိုးကျေးဇူးများ (ငွေပမာဏ),
Salary breakup based on Earning and Deduction.,ဝင်ငွေနဲ့ထုတ်ယူအပေါ်အခြေခံပြီးလစာအဖြစ်ခွဲထုတ်။,
Total Earning,စုစုပေါင်းဝင်ငွေ,
Salary Structure Assignment,လစာဖွဲ့စည်းပုံတာဝန်,
Shift Assignment,shift တာဝန်,
Shift Type,shift အမျိုးအစား,
Shift Request,shift တောင်းဆိုခြင်း,
Enable Auto Attendance,အော်တိုတက်ရောက် Enable,
Mark attendance based on 'Employee Checkin' for Employees assigned to this shift.,မာကုတက်ရောက်သူဤပြောင်းလဲမှုမှာတာဝန်ကျဝန်ထမ်းများအဘို့ &#39;&#39; န်ထမ်းစာရင်းသွင်း &#39;&#39; အပေါ်အခြေခံပါတယ်။,
Auto Attendance Settings,အော်တိုတက်ရောက် Settings များ,
Determine Check-in and Check-out,Check-in ကိုဆုံးဖြတ်ရန်နှင့် Check-out,
Alternating entries as IN and OUT during the same shift,တူညီသောပြောင်းကုန်ပြီစဉ်အတွင်း IN နှင့် OUT အဖြစ် entries တွေကိုပြောင်း,
Strictly based on Log Type in Employee Checkin,တင်းကြပ်စွာထမ်းစာရင်းသွင်းအတွက် Log in ဝင်ရန်အမျိုးအစားပေါ်အခြေခံပြီး,
Working Hours Calculation Based On,အလုပ်လုပ်နာရီတွက်ချက်မှုတွင် အခြေခံ.,
First Check-in and Last Check-out,ပထမဦးစွာ Check-In နှင့်နောက်ဆုံးစစ်ဆေးမှုထွက်,
Every Valid Check-in and Check-out,တိုင်းသက်တမ်းရှိ check-in များနှင့် Check-out,
Begin check-in before shift start time (in minutes),စစ်ဆေး-in ကိုပြောင်းကုန်ပြီမတိုင်မီ Begin (မိနစ်) အချိန်ကိုစတင်ရန်,
The time before the shift start time during which Employee Check-in is considered for attendance.,အဆိုပါပြောင်းကုန်ပြီရှေ့တော်၌ထိုအချိန်ထမ်းစစ်ဆေးမှု-in ကိုတက်ရောက်သူဘို့စဉ်းစားသောကာလအတွင်းအချိန်ကိုစတင်ပါ။,
Allow check-out after shift end time (in minutes),Check-ထွက် (မိနစ်) ပြောင်းကုန်ပြီဆုံးအချိန်ကိုအပြီး Allow,
Time after the end of shift during which check-out is considered for attendance.,Check-ထွက်တက်ရောက်သူဘို့စဉ်းစားသောကာလအတွင်းပြောင်းကုန်ပြီ၏အဆုံးပြီးနောက်အချိန်။,
Working Hours Threshold for Half Day,တစ်ဝက်နေ့အလုပ်လုပ်နာရီ Threshold,
Working hours below which Half Day is marked. (Zero to disable),တစ်ဝက်နေ့မှတ်သားသောအောက်တွင်ဖော်ပြထားသောနာရီအလုပ်လုပ်။ (သုညကို disable လုပ်ဖို့),
Working Hours Threshold for Absent,ဒူးယောင်အလုပ်လုပ်နာရီ Threshold,
Working hours below which Absent is marked. (Zero to disable),ဒူးယောင်မှတ်သားသောအောက်တွင်ဖော်ပြထားသောအလုပ်လုပ်ကိုင်နာရီ။ (သုညကို disable လုပ်ဖို့),
Process Attendance After,ပြီးနောက်လုပ်ငန်းစဉ်အားတက်ရောက်,
Attendance will be marked automatically only after this date.,တက်ရောက်သူသာဤရက်စွဲပြီးနောက်အလိုအလျှောက်မှတ်သားပါလိမ့်မည်။,
Last Sync of Checkin,စာရင်းသွင်း၏နောက်ဆုံး Sync ကို,
Last Known Successful Sync of Employee Checkin. Reset this only if you are sure that all Logs are synced from all the locations. Please don't modify this if you are unsure.,ထမ်းစာရင်းသွင်း၏နောက်ဆုံးလူသိများအောင်မြင် Sync ကို။ သင်တို့ရှိသမျှမှတ်တမ်းများအပေါငျးတို့သနေရာများကနေတစ်ပြိုင်တည်းချိန်ကိုက်ဖြစ်ကြောင်းသေချာမှသာလျှင်ဤ Reset ။ သငျသညျမသေချာလျှင်ဒီပြုပြင်မွမ်းမံကြဘူးပါ။,
Grace Period Settings For Auto Attendance,အော်တိုတက်ရောက်သည်ကျေးဇူးတော်ရှိစေသတည်းကာလက Settings,
Enable Entry Grace Period,Entry &#39;ကျေးဇူးတော်ရှိစေသတည်းကာလ Enable,
Late Entry Grace Period,နှောင်းပိုင်းတွင် Entry &#39;ကျေးဇူးတော်ရှိစေသတည်းကာလ,
The time after the shift start time when check-in is considered as late (in minutes).,check-in (မိနစ်) နှောင်းပိုင်းတွင်အဖြစ်စဉ်းစားသည်အခါပြောင်းကုန်ပြီပြီးနောက်အချိန်အချိန်ကိုစတင်ပါ။,
Enable Exit Grace Period,Exit ကိုကျေးဇူးတော်ရှိစေသတည်းကာလ Enable,
Early Exit Grace Period,အစောပိုင်း Exit ကိုကျေးဇူးတော်ရှိစေသတည်းကာလ,
The time before the shift end time when check-out is considered as early (in minutes).,Check-ထွက် (မိနစ်) အစောပိုင်းအဖြစ်စဉ်းစားသည်အခါပြောင်းကုန်ပြီဆုံးအချိန်မတိုင်မီအချိန်။,
Skill Name,ကျွမ်းကျင်မှုအမည်,
Staffing Plan Detail,ဝန်ထမ်းများအစီအစဉ်အသေးစိတ်,
Total Estimated Budget,စုစုပေါင်းခန့်မှန်းဘတ်ဂျက်,
Vacancies,လစ်လပ်သောနေရာ,
Estimated Cost Per Position,ရာထူး Per ခန့်မှန်းခြေကုန်ကျစရိတ်,
Total Estimated Cost,စုစုပေါင်းခန့်မှန်းကုန်ကျစရိတ်,
Current Count,လက်ရှိအရေအတွက်,
Current Openings,လက်ရှိပွင့်,
Number Of Positions,ရာထူးနံပါတ်,
Taxable Salary Slab,Taxable လစာတစ်ခုလို့ဆိုရမှာပါ,
From Amount,ငွေပမာဏကနေ,
To Amount,ငွေပမာဏမှ,
Percent Deduction,ရာခိုင်နှုန်းကိုထုတ်ယူ,
Training Program,လေ့ကျင့်ရေးအစီအစဉ်,
Event Status,အဖြစ်အပျက်အခြေအနေ,
Has Certificate,လက်မှတ်ရှိပါတယ်,
Seminar,ညှိနှိုငျးဖလှယျပှဲ,
Theory,သဘောတရား,
Workshop,အလုပ်ရုံ,
Conference,အစည်းအဝေး,
Exam,စာမေးပွဲ,
Internet,အင်တာနက်ကို,
Self-Study,self-လေ့လာ,
Advance,ကြိုတင်မဲ,
Trainer Name,သင်တန်းပေးသူအမည်,
Trainer Email,သင်တန်းပေးတဲ့အီးမေးလ်ဂ,
Attendees,တက်ရောက်,
Employee Emails,ဝန်ထမ်းအီးမေးလ်များ,
Training Event Employee,လေ့ကျင့်ရေးပွဲထမ်း,
Invited,ဖိတ်ကြားခဲ့,
Feedback Submitted,တုံ့ပြန်ချက် Submitted,
Training Result Employee,လေ့ကျင့်ရေးရလဒ်ထမ်း,
Travel Itinerary,ခရီးသွားခရီးစဉ်,
Travel From,မှစ. ခရီးသွား,
Travel To,ရန်ခရီးသွားခြင်း,
Mode of Travel,ခရီးသွား၏ Mode ကို,
Flight,လေယာဉ်ခရီးစဉ်,
Train,မီးရထား,
Taxi,အငှါးကား,
Rented Car,ငှားရမ်းထားသောကား,
Meal Preference,မုန့်ညက်ဦးစားပေးမှု,
Vegetarian,သတ်သတ်လွတ်,
Non-Vegetarian,non-သတ်သတ်လွတ်,
Gluten Free,ဂလူတန်ဓာတ်ကင်းစင်သော,
Non Diary,non ဒိုင်ယာရီ,
Travel Advance Required,ခရီးသွားကြိုတင်လိုအပ်ပါသည်,
Departure Datetime,ထွက်ခွာ DATETIME,
Arrival Datetime,ဆိုက်ရောက်ဗီဇာ DATETIME,
Lodging Required,တည်းခိုခန်းတောင်းဆိုနေတဲ့,
Preferred Area for Lodging,တည်းခိုခန်းများအတွက်ဦးစားပေးဧရိယာ,
Check-in Date,Check-In နေ့စွဲ,
Check-out Date,Check-out နေ့စွဲ,
Travel Request,ခရီးသွားတောင်းဆိုခြင်း,
Travel Type,ခရီးသွားအမျိုးအစား,
Domestic,နိုင်ငံတွင်း,
International,အပြည်ပြည်ဆိုင်ရာ,
Travel Funding,ခရီးသွားရန်ပုံငွေရှာခြင်း,
Require Full Funding,အပြည့်အဝရန်ပုံငွေရှာခြင်းလိုအပ်,
Fully Sponsored,အပြည့်အဝထောက်ပံ့ထား,
"Partially Sponsored, Require Partial Funding","တစ်စိတ်တစ်ပိုင်း, တစိတ်တပိုင်းရန်ပုံငွေရှာခြင်းလိုအပ်စပွန်ဆာ",
Copy of Invitation/Announcement,ဖိတ်ကြားလွှာ / ကြေညာချက်၏မိတ္တူ,
"Details of Sponsor (Name, Location)","စပွန်ဆာအသေးစိတ် (အမည်, တည်နေရာ)",
Identification Document Number,identification စာရွက်စာတမ်းအရေအတွက်,
Any other details,အခြားမည်သည့်အသေးစိတ်အချက်အလက်များကို,
Costing Details,အသေးစိတ်ကုန်ကျ,
Event Details,အဖြစ်အပျက်အသေးစိတ်,
Name of Organizer,စည်းရုံးသူအမည်,
Address of Organizer,စည်းရုံးရေးမှူးများ၏လိပ်စာ,
Travel Request Costing,ခရီးသွားတောင်းဆိုခြင်းကုန်ကျ,
Expense Type,ကုန်ကျစရိတ်အမျိုးအစား,
Sponsored Amount,စပွန်ဆာငွေပမာဏ,
Funded Amount,ရန်ပုံငွေပမာဏ,
Upload Attendance,တက်ရောက် upload,
Attendance From Date,နေ့စွဲ မှစ. တက်ရောက်,
Attendance To Date,နေ့စွဲရန်တက်ရောက်,
Get Template,Template: Get,
Import Attendance,သွင်းကုန်တက်ရောက်,
Upload HTML,HTML ကို upload,
HR-VLOG-.YYYY.-,HR-ရုပ်ရှင်ဘလော့ဂ်-.YYYY.-,
Odometer Reading,Odometer စာဖတ်ခြင်း,
Current Odometer value ,လက်ရှိ Odometer တန်ဖိုး,
Refuelling Details,ဆီဖြည့အသေးစိတ်,
Invoice Ref,ငွေတောင်းခံလွှာ Ref,
Service Details,ဝန်ဆောင်မှုအသေးစိတ်,
Vehicle Service,ယာဉ်ဝန်ဆောင်မှု,
Service Item,Service ကို Item,
Brake Oil,ဘရိတ်ရေနံ,
Brake Pad,ဘရိတ် Pad,
Clutch Plate,clutch ပြား,
Engine Oil,အင်ဂျင်ပါဝါရေနံ,
Oil Change,ရေနံပြောင်းလဲခြင်း,
Inspection,ကြည့်ရှုစစ်ဆေးခြင်း,
Mileage,မိုင်အကွာအဝေး,
Salary Slip Loan,လစာစလစ်ဖြတ်ပိုင်းပုံစံချေးငွေ,
Loan Repayment Entry,ချေးငွေပြန်ပေးရေး Entry,
May,မေ,
June,ဇွန်လ,
July,ဇူလိုင်လ,
Bank Remittance,ဘဏ်ငွေလွှဲလုပ်ငန်း,
Daily Work Summary Replies,နေ့စဉ်လုပ်ငန်းခွင်အနှစ်ချုပ်ပြန်စာများ,
Employee Advance Summary,ဝန်ထမ်းကြိုတင်အနှစ်ချုပ်,
Employees working on a holiday,တစ်အားလပ်ရက်တွင်လုပ်ကိုင်န်ထမ်းများ,
Monthly Attendance Sheet,လစဉ်တက်ရောက် Sheet,
Salary Register,လစာမှတ်ပုံတင်မည်,
Unpaid Expense Claim,မရတဲ့သုံးစွဲမှုဆိုနေ,
Payment Account is mandatory,ငွေပေးချေမှုအကောင့်မဖြစ်မနေဖြစ်ပါတယ်,
"If checked, the full amount will be deducted from taxable income before calculating income tax without any declaration or proof submission.",စစ်ဆေးမှုရှိပါကကြေငြာချက်သို့မဟုတ်သက်သေအထောက်အထားမပါဘဲ ၀ င်ငွေခွန်ကိုမတွက်ချက်မီအခွန် ၀ င်ငွေမှနုတ်ယူလိမ့်မည်။,
In Time,အချိန်မီ,
Out Time,အချိန်,
Is Recurring,ထပ်တလဲလဲ,
HRA Exemption,HRA ကင်းလွတ်ခွင့်,
Monthly House Rent,လစဉ်ငှားရမ်းခ,
Rented in Metro City,Metro City တွင်ငှားသည်,
HRA as per Salary Structure,လစာဖွဲ့စည်းပုံနှုန်းအတိုင်း HRA,
Annual HRA Exemption,နှစ်စဉ် HRA ကင်းလွတ်ခွင့်,
Monthly HRA Exemption,လစဉ် HRA ကင်းလွတ်ခွင့်,
House Rent Payment Amount,အိမ်ငှားခငွေပမာဏ,
Rented From Date,နေ့စွဲမှငှားရမ်း,
Rented To Date,နေ့စွဲငှားရမ်း,
Monthly Eligible Amount,လစဉ်သတ်မှတ်ထားသောငွေပမာဏ,
Total Eligible HRA Exemption,စုစုပေါင်းအရည်အချင်းပြည့်မီ HRA ကင်းလွတ်ခွင့်,
Validating Employee Attendance...,၀ င်ရောက်မှုအားအတည်ပြုခြင်း ...,
Submitting Salary Slips and creating Journal Entry...,လစာစာရွက်စာတမ်းများတင်ပြခြင်းနှင့်ဂျာနယ်ဝင်ခွင့်ကိုဖန်တီးခြင်း။,
Calculate Payroll Working Days Based On,အပေါ်အခြေခံပြီးလုပ်ခလစာလုပ်ငန်းခွင်နေ့ရက်များကိုတွက်ချက်ပါ,
Consider Unmarked Attendance As,အမှတ်အသားမပါသောတက်ရောက်သူအဖြစ်စဉ်းစားပါ,
Fraction of Daily Salary for Half Day,တစ်ဝက်နေ့အတွက်နေ့စဉ်လစာ၏အပိုင်းအစ,
Component Type,အစိတ်အပိုင်းအမျိုးအစား,
Provident Fund,Provident ရန်ပုံငွေ,
Additional Provident Fund,အပိုဆောင်း Provident ရန်ပုံငွေအဖွဲ့,
Provident Fund Loan,Provident ရန်ပုံငွေချေးငွေ,
Professional Tax,Professional Tax,
Is Income Tax Component,ဝင်ငွေခွန်အစိတ်အပိုင်းဖြစ်သည်,
Component properties and references ,အစိတ်အပိုင်းဂုဏ်သတ္တိများနှင့်ကိုးကား,
Additional Salary ,အပိုလစာ,
Unmarked days,အမှတ်အသားပြုထားသည့်နေ့ရက်များ,
Absent Days,ပျက်ကွက်ရက်များ,
Conditions and Formula variable and example,အခြေအနေများနှင့်ဖော်မြူလာ variable ကိုနှင့်ဥပမာ,
Income Tax Deductions,ဝင်ငွေခွန်ဖြတ်တောက်,
Income Tax Component,ဝင်ငွေခွန်ကဏ္on,
Income Tax Amount,ဝင်ငွေခွန်ပမာဏ,
Unmarked Days,မှတ်သားမရသောနေ့များ,
Jan,ဇန်နဝါရီ,
Feb,ဖေဖော်ဝါရီ,
Mar,မတ်,
Apr,.ပြီလ,
Aug,Augဂုတ်,
Sep,စက်တင်ဘာ,
Oct,အောက်တိုဘာ,
Nov,နိုဝင်ဘာ,
Dec,ဒီဇင်ဘာ,
Summarized View,ကြည့်ရန်အကျဉ်းချုပ်,
Professional Tax Deductions,Professional ကအခွန်ဖြတ်တောက်,
Provident Fund Deductions,Provident ရန်ပုံငွေဖြတ်တောက်,
Recruitment Analytics,စုဆောင်းမှု Analytics မှ,
Applicant name,လျှောက်ထားသူအမည်,
Job Offer status,အလုပ်ကမ်းလှမ်းမှုအခြေအနေ,
On Date,နေ့စွဲ,
Salary Payments Based On Payment Mode,ငွေပေးချေမှု mode ကိုအပေါ်အခြေခံပြီးလစာငွေပေးချေမှု,
Salary Payments via ECS,ECS မှတဆင့်လစာငွေပေးချေမှု,
Account No,အကောင့်နံပါတ်,
IFSC,IFSC,
MICR,MICR,
PF Account,PF အကောင့်,
PF Amount,PF ပမာဏ,
Additional PF,အပိုဆောင်း PF,
PF Loan,PF ချေးငွေ,
Duplicate Entry,ပုံတူပွား,
Please select Employee first.,ကျေးဇူးပြု၍ ၀ န်ထမ်းကိုအရင်ရွေးပါ,
To Date should be greater than From Date,နေ့စွဲမှနေ့စွဲထက်သာ။ ကြီးမြတ်ဖြစ်သင့်သည်,
Job Offer: {0} is already for Job Applicant: {1},အလုပ်ကမ်းလှမ်းချက် - {0} သည်အလုပ်လျှောက်ထားသူအတွက်ရှိပြီးသား - {1},
Only Shift Request with status 'Approved' and 'Rejected' can be submitted,Shift Request ကို“ Approved” နှင့်“ Rejected” status များဖြင့်သာတင်သွင်းနိုင်သည်,
Shift Assignment: {0} created for Employee: {1},Shift Assignment: {0} ၀ န်ထမ်းအတွက်ဖန်တီးထားသည်။ {1},
You can not request for your Default Shift: {0},သင်၏ပုံမှန် Shift ကိုတောင်းခံ။ မရပါ။ {0},
Only Approvers can Approve this Request.,ခွင့်ပြုချက်သာလျှင်ဤတောင်းဆိုမှုကိုအတည်ပြုနိုင်သည်။,
Please set Payroll based on in Payroll settings,ကျေးဇူးပြု၍ လုပ်ခလစာချိန်ညှိချက်များကို အခြေခံ၍ လစာကိုသတ်မှတ်ပေးပါ,
Additional Salary: {0} already exist for Salary Component: {1} for period {2} and {3},အပိုဆောင်းလစာ - {0} လစာအစိတ်အပိုင်းအတွက် {{}} ကာလ {2} နှင့် {3} အတွက်ရှိပြီးသား,
Payroll date can not be less than employee's joining date.,လစာရမည့်နေ့ရက်သည် ၀ န်ထမ်း၏ ၀ င်ရောက်သည့်နေ့ထက်မနည်းပါ။,
From date can not be less than employee's joining date.,နေ့မှစ၍ ၀ န်ထမ်း၏ ၀ င်ရောက်သည့်နေ့ထက်နည်းလိမ့်မည်မဟုတ်ပါ။,
To date can not be greater than employee's relieving date.,ယနေ့အထိ ၀ န်ထမ်းမှသက်သာရာရသည့်နေ့ထက် ပို၍ မကြီးနိုင်ပါ။,
Payroll date can not be greater than employee's relieving date.,လုပ်ခလစာသည် ၀ န်ထမ်းအားသက်သာခွင့်ပေးသည့်နေ့ထက်မကြီးနိုင်ပါ။,
Condition and formula,အခြေအနေနှင့်ပုံသေနည်း,
Available Leaves,ရရှိနိုင်အရွက်,
IFSC Code,IFSC Code ကို,
Others,အခြားသူများ,
Total Allocated Leaves,စုစုပေါင်းခွဲဝေအရွက်,
Used Leaves,တပတ်ရစ်အရွက်,
PAN Number,PAN နံပါတ်,
Expired Leaves,သက်တမ်းကုန်ဆုံးသောအရွက်,
