) for {0},) voor {0},
A {0} exists between {1} and {2} (,Een {0} bestaat tussen {1} en {2} (,
Absent,Afwezig,
Accrual Journal Entry for salaries from {0} to {1},Inschrijvingsboekingang voor salarissen van {0} tot {1},
Add to Details,Toevoegen aan details,
Added to details,Toegevoegd aan details,
All Jobs,alle vacatures,
Allocated Leaves,Toegewezen bladeren,
Annual Salary,Jaarsalaris,
Application period cannot be across two allocation records,De toepassingsperiode kan niet over twee toewijzingsrecords lopen,
Application period cannot be outside leave allocation period,Aanvraagperiode kan buiten verlof toewijzingsperiode niet,
Apply Now,Nu toepassen,
Apprentice,Leerling,
Approval Status,Goedkeuringsstatus,
Approval Status must be 'Approved' or 'Rejected',Goedkeuring Status moet worden ' goedgekeurd ' of ' Afgewezen ',
As per your assigned Salary Structure you cannot apply for benefits,Vanaf uw toegewezen Salarisstructuur kunt u geen voordelen aanvragen,
Assign,Toewijzen,
Assign Salary Structure,Salarisstructuur toewijzen,
Assign to Employees,Toewijzen aan werknemers,
Assigning Structures...,Structuren toewijzen ...,
Attendance,Aanwezigheid,
Attendance From Date and Attendance To Date is mandatory,Aanwezigheid Van Datum en Aanwezigheid Tot Datum zijn verplicht.,
Attendance for employee {0} is already marked for this day,Attendance voor personeelsbeloningen {0} is al gemarkeerd voor deze dag,
Attendance not submitted for {0} as it is a Holiday.,Aanwezigheid niet ingediend voor {0} omdat het een feestdag is.,
Bank Entries,Bank Gegevens,
Base,Baseren,
Beginner,Beginner,
Birthday Reminder,Verjaardag Herinnering,
Bonus Payment Date cannot be a past date,Bonus Betalingsdatum kan geen datum in het verleden zijn,
Calls,Oproepen,
Cannot find active Leave Period,Actieve verlofperiode niet te vinden,
Casual Leave,Casual Leave,
Claimed Amount,Geclaimd bedrag,
Compensatory Off,compenserende Off,
Contact Number,Contact nummer,
Course,Cursus,
Create Disbursement Entry,Creëer uitbetalingsvermelding,
Create Salary Slip,Maak loonstrook,
Create Salary Slips,Salarisbrieven maken,
Creating Payment Entries......,Betaling invoeren ......,
Creating Salary Slips...,Salarisbrieven maken ...,
Current,Actueel,
Current Job Openings,Huidige vacatures,
Daily Work Summary,Dagelijks Werk Samenvatting,
Daily Work Summary Group,Daily Work Summary Group,
Date is repeated,Datum wordt herhaald,
Debit A/C Number,Debit A / C nummer,
Deduction,Aftrek,
Document Status,Document Status,
Earning,verdienen,
Employee A/C Number,A / C-nummer werknemer,
Employee Benefits,Employee Benefits,
Employee Grade,Werknemersrang,
Employee Referral,Employee Referral,
Employee relieved on {0} must be set as 'Left',Werknemer ontslagen op {0} moet worden ingesteld als 'Verlaten',
Employee {0} already submited an apllication {1} for the payroll period {2},Werknemer {0} heeft al een aanvraag ingediend {1} voor de loonperiode {2},
Employee {0} has no maximum benefit amount,Werknemer {0} heeft geen maximale uitkering,
Employee {0} is not active or does not exist,Werknemer {0} is niet actief of bestaat niet,
Employee {0} is on Leave on {1},Werknemer {0} staat op Verlof op {1},
Employee {0} on Half day on {1},Employee {0} op een halve dag op {1},
End time cannot be before start time,Eindtijd kan niet eerder zijn dan starttijd,
Evaluation,evaluatie,
Event Location,Gebeurtenis Locatie,
Event Name,Evenement naam,
Expense Claim for Vehicle Log {0},Declaratie voor voertuig Inloggen {0},
Expense Claim {0} already exists for the Vehicle Log,Declaratie {0} bestaat al voor de Vehicle Log,
Fill the form and save it,Vul het formulier in en sla het op,
Filter Employees By (Optional),Werknemers filteren op (optioneel),
Fiscal Year {0} not found,Boekjaar {0} niet gevonden,
Food,Voeding,
For Employee,Voor werknemer,
From Date {0} cannot be after employee's relieving Date {1},Vanaf datum {0} kan niet worden na ontlastingsdatum van medewerker {1},
From Date {0} cannot be before employee's joining Date {1},Van datum {0} kan niet vóór de indiensttreding van de werknemer zijn Date {1},
From date can not be less than employee's joining date,Vanaf datum kan niet minder zijn dan de toetredingsdatum van de werknemer,
Fuel Price,Fuel Price,
Fuel Qty,brandstof Aantal,
Full-time,Full-time,
Future dates not allowed,Toekomstige data niet toegestaan,
Get Details From Declaration,Krijg details van de verklaring,
Get Employees,Krijg medewerkers,
Gross Pay,Brutoloon,
Guest,Gast,
Half Day,Halve dag,
Half Day Date is mandatory,Halve dag datum is verplicht,
Half Day Date should be between From Date and To Date,Halve dag datum moet zijn tussen Van Datum en To Date,
Half Day Date should be in between Work From Date and Work End Date,Halve dag moet tussen werk na datum en einddatum werken zijn,
Half day date should be in between from date and to date,Een datum van een halve dag moet tussen de datum en de datum liggen,
Hello,Hallo,
House rent paid days overlapping with {0},Huizenhuur betaalde dagen overlappend met {0},
House rented dates required for exemption calculation,Huis gehuurde data vereist voor vrijstellingsberekening,
House rented dates should be atleast 15 days apart,Huis gehuurde datums moeten ten minste 15 dagen uit elkaar liggen,
Interest Amount,Interestbedrag,
Intern,Intern,
Job Description,Functiebeschrijving,
Job Offer,Vacature,
Jobs,Jobs,
Leave Approval Notification,Laat goedkeuringskennisgeving achter,
Leave Blocked,Verlof Geblokkeerd,
Leave Encashment,Laat Inning,
Leave Status Notification,Laat statusmelding achter,
Leave Type,Verlof Type,
Leave Type is madatory,Verlof Type is maganorie,
Leave Type {0} cannot be allocated since it is leave without pay,Laat Type {0} kan niet worden toegewezen omdat het te verlaten zonder te betalen,
Leave Type {0} cannot be carry-forwarded,Verlaat Type {0} kan niet worden doorgestuurd dragen-,
Leave Type {0} is not encashable,Verloftype {0} is niet ingesloten,
Leave Without Pay,Onbetaald verlof,
"Leave cannot be allocated before {0}, as leave balance has already been carry-forwarded in the future leave allocation record {1}","Verlof kan niet eerder worden toegewezen {0}, als verlof balans al-carry doorgestuurd in de toekomst toewijzing verlof record is {1}",
"Leave cannot be applied/cancelled before {0}, as leave balance has already been carry-forwarded in the future leave allocation record {1}","Verlaat niet kan worden toegepast / geannuleerd voordat {0}, als verlof balans al-carry doorgestuurd in de toekomst toewijzing verlof record is {1}",
Leave of type {0} cannot be longer than {1},Verlof van type {0} kan niet langer zijn dan {1},
Leaves,bladeren,
Leaves Allocated Successfully for {0},Verlof succesvol toegewezen aan {0},
Leaves per Year,Verlaat per jaar,
Lifecycle,Levenscyclus,
Mark Attendance,Mark Attendance,
Max Exemption Amount cannot be greater than maximum exemption amount {0} of Tax Exemption Category {1},Max. Vrijstellingsbedrag mag niet groter zijn dan het maximale vrijstellingsbedrag {0} van belastingvrijstellingscategorie {1},
Max benefits should be greater than zero to dispense benefits,Maximale voordelen moeten groter zijn dan nul om voordelen te bieden,
Maximum amount eligible for the component {0} exceeds {1},Het maximumbedrag dat in aanmerking komt voor het onderdeel {0} overschrijdt {1},
Maximum benefit amount of component {0} exceeds {1},Maximale voordeelhoeveelheid van component {0} overschrijdt {1},
Maximum benefit amount of employee {0} exceeds {1},Maximaal voordeelbedrag van werknemer {0} overschrijdt {1},
Maximum leave allowed in the leave type {0} is {1},Maximaal verlof toegestaan in het verloftype {0} is {1},
Medical,Medisch,
Mode of payment is required to make a payment,Wijze van betaling is vereist om een betaling te doen,
More than one selection for {0} not allowed,Meer dan één selectie voor {0} niet toegestaan,
Net Pay,Nettoloon,
Net Pay cannot be less than 0,Nettoloon kan niet lager zijn dan 0,
Net Salary Amount,Netto salarisbedrag,
Net pay cannot be negative,Nettoloon kan niet negatief zijn,
No Employee Found,Geen werknemer gevonden,
No Salary Structure assigned for Employee {0} on given date {1},Geen salarisstructuur toegewezen voor werknemer {0} op opgegeven datum {1},
No Staffing Plans found for this Designation,Geen personeelsplanning gevonden voor deze aanwijzing,
No active or default Salary Structure found for employee {0} for the given dates,Geen actieve of default salarisstructuur gevonden voor werknemer {0} de uitgekozen datum,
No more updates,Niet meer updates,
No replies from,Geen antwoorden van,
No salary slip found to submit for the above selected criteria OR salary slip already submitted,Geen salarisstrook gevonden om in te dienen voor de hierboven geselecteerde criteria OF salarisstrook al ingediend,
Nothing to change,Niets om te veranderen,
Notice Period,Opzegtermijn,
Only Leave Applications with status 'Approved' and 'Rejected' can be submitted,Alleen verlofaanvragen met de status &#39;Goedgekeurd&#39; en &#39;Afgewezen&#39; kunnen worden ingediend,
Optional Holiday List not set for leave period {0},Optionele vakantielijst niet ingesteld voor verlofperiode {0},
Part-time,Deeltijds,
Password policy for Salary Slips is not set,Wachtwoordbeleid voor salarisstroken is niet ingesteld,
Payment Days,Betaling dagen,
Payment of {0} from {1} to {2},Betaling van {0} van {1} tot {2},
Payroll,Loonlijst,
Payroll Number,Loonnummer,
Piecework,stukwerk,
Please add the remaining benefits {0} to any of the existing component,Voeg de resterende voordelen {0} toe aan een van de bestaande onderdelen,
Please confirm once you have completed your training,Bevestig alstublieft nadat u uw opleiding hebt voltooid,
Please enable default incoming account before creating Daily Work Summary Group,Schakel standaard inkomende account in voordat u Daily Work Summary Group maakt,
Please select Company and Designation,Selecteer Bedrijf en Aanwijzing,
Please select Employee,Selecteer werknemer,
Please select a csv file,Selecteer een csv-bestand,
Please set default template for Leave Approval Notification in HR Settings.,Stel de standaardsjabloon voor toestemming voor vertrekauthenticatie in HR-instellingen in.,
Please set default template for Leave Status Notification in HR Settings.,Stel de standaardsjabloon in voor Verlofstatusmelding in HR-instellingen.,
Please set the Company,Stel het bedrijf alstublieft in,
Please set the Date Of Joining for employee {0},Stel de datum van aansluiting in voor werknemer {0},
Please share your feedback to the training by clicking on 'Training Feedback' and then 'New',Deel alstublieft uw feedback aan de training door op &#39;Training Feedback&#39; te klikken en vervolgens &#39;New&#39;,
Please update your status for this training event,Update uw status voor dit trainingsevenement,
Present,Presenteer,
Preview Salary Slip,Voorbeschouwing loonstrook,
Privilege Leave,Bijzonder Verlof,
Probation,Proeftijd,
Probationary Period,Proeftijd,
Property,Eigendom,
Property already added,Property is al toegevoegd,
Replies,Antwoorden,
Responsibilities,verantwoordelijkheden,
Role,Rol,
Row {0}# Allocated amount {1} cannot be greater than unclaimed amount {2},Rij {0} # Toegewezen hoeveelheid {1} kan niet groter zijn dan het niet-opgeëiste bedrag {2},
Row {0}# Paid Amount cannot be greater than requested advance amount,Rij {0} # Het betaalde bedrag kan niet groter zijn dan het gevraagde voorschotbedrag,
Salary Slip ID,Loonstrook ID,
Salary Slip of employee {0} already created for this period,Loonstrook van de werknemer {0} al gemaakt voor deze periode,
Salary Slip of employee {0} already created for time sheet {1},Loonstrook van de werknemer {0} al gemaakt voor urenregistratie {1},
Salary Structure Assignment for Employee already exists,Salarisstructuurtoewijzing voor werknemer bestaat al,
Salary Structure Missing,Salarisstructuur Missing,
Salary Structure not found for employee {0} and date {1},Salarisstructuur niet gevonden voor werknemer {0} en datum {1},
Salary Structure should have flexible benefit component(s) to dispense benefit amount,Salarisstructuur moet een flexibele uitkeringscomponent (en) hebben om de uitkering af te dragen,
"Salary already processed for period between {0} and {1}, Leave application period cannot be between this date range.","Salaris al verwerkt voor de periode tussen {0} en {1}, Laat aanvraagperiode kan niet tussen deze periode.",
Sanctioned Amount cannot be greater than Claim Amount in Row {0}.,Gesanctioneerde bedrag kan niet groter zijn dan Claim Bedrag in Row {0}.,
Score must be less than or equal to 5,Score moet lager dan of gelijk aan 5 zijn,
Select Property,Selecteer Eigenschap,
Select an employee to get the employee advance.,Selecteer een medewerker om de werknemer voor te bereiden.,
Service Expense,dienst Expense,
Show Employee,Werknemer tonen,
Show Salary Slip,Show loonstrook,
Sick Leave,Ziekteverlof,
"Skipping Salary Structure Assignment for the following employees, as Salary Structure Assignment records already exists against them. {0}","Salarisstructuurtoewijzing overslaan voor de volgende werknemers, omdat er al een salarisstructuurtoewijzingsrecord tegen hen bestaat. {0}",
Staffing Plan {0} already exist for designation {1},Personeelsplan {0} bestaat al voor aanwijzing {1},
"Start and end dates not in a valid Payroll Period, cannot calculate {0}","Begin- en einddatums niet in een geldige loonperiode, kunnen {0} niet berekenen",
"Start and end dates not in a valid Payroll Period, cannot calculate {0}.","Start- en einddatums niet in een geldige Payroll-periode, kunnen {0} niet berekenen.",
Stock Options,Aandelenopties,
Structures have been assigned successfully,Structuren zijn succesvol toegewezen,
Submit Proof,Bewijs indienen,
Submit Salary Slip,Indienen salarisstrook,
Submit this to create the Employee record,Dien dit in om het werknemersrecord te creëren,
Submitting Salary Slips...,Salarisbrieven indienen ...,
Team Updates,Team Updates,
Thank you,Dankjewel,
The day(s) on which you are applying for leave are holidays. You need not apply for leave.,De dag (en) waarop je solliciteert verlof zijn vakantie. U hoeft niet voor verlof.,
There are more holidays than working days this month.,Er zijn meer vakanties dan werkdagen deze maand .,
There is no leave period in between {0} and {1},Er is geen verlofperiode tussen {0} en {1},
This is based on the attendance of this Employee,Dit is gebaseerd op de aanwezigheid van deze werknemer,
This will submit Salary Slips and create accrual Journal Entry. Do you want to proceed?,Dit zal loonstrookjes indienen en een periodedagboek aanmaken. Wil je doorgaan?,
To date can not be equal or less than from date,Tot op heden kan niet gelijk of kleiner zijn dan van datum,
To date can not be less than from date,Tot op heden kan niet minder dan van datum zijn,
To date can not greater than employee's relieving date,Tot op heden kan niet groter zijn dan ontlastingsdatum van de werknemer,
Total Absent,Totaal afwezig,
Total Deduction,Totaal Aftrek,
Total Leaves,Totaal Leaves,
Total Present,Totaal Present,
Total advance amount cannot be greater than total sanctioned amount,Het totale voorschotbedrag kan niet hoger zijn dan het totale gesanctioneerde bedrag,
Total flexible benefit component amount {0} should not be less than max benefits {1},Het totale bedrag van de flexibele uitkeringscomponent {0} mag niet minder zijn dan de maximale uitkeringen {1},
Total leaves allocated is mandatory for Leave Type {0},Totaal aantal toegewezen verlof is verplicht voor verloftype {0},
Total working hours should not be greater than max working hours {0},Totaal aantal werkuren mag niet groter zijn dan max werktijden {0},
Training,Opleiding,
Training Event,training Event,
Training Events,Trainingsevenementen,
Training Feedback,training Terugkoppeling,
Training Result,training Resultaat,
Travel,Reizen,
Update Response,Update reactie,
Value missing,Waarde ontbreekt,
Variable,Variabele,
Walk In,Walk In,
Warning: Leave application contains following block dates,Waarschuwing: Verlof applicatie bevat volgende blok data,
Website Listing,Website Listing,
Work Summary for {0},Werkoverzicht voor {0},
You are not authorized to approve leaves on Block Dates,U bent niet bevoegd om afwezigheid goed te keuren op Block Dates,
You are not present all day(s) between compensatory leave request days,U bent niet de hele dag (en) aanwezig tussen compenserende verlofdagen,
You can only submit Leave Encashment for a valid encashment amount,U kunt verlofcasus alleen indienen voor een geldig incassotaalbedrag,
{0} already allocated for Employee {1} for period {2} to {3},{0} reeds toegewezen voor Employee {1} voor periode {2} te {3},
{0} applicable after {1} working days,{0} van toepassing na {1} werkdagen,
{0} is not in Optional Holiday List,{0} staat niet in de optionele vakantielijst,
{0} is not in a valid Payroll Period,{0} bevindt zich niet in een geldige Payroll-periode,
{0} must be submitted,{0} moet worden ingediend,
"{0}: Employee email not found, hence email not sent","{0}: Employee e-mail niet gevonden, dus geen e-mail verzonden",
{0}: From {0} of type {1},{0}: Van {0} van type {1},
Conditions,Voorwaarden,
Percent,Percentage,
Error in some rows,Fout in sommige rijen,
Benefit,Voordeel,
Shift,Verschuiving,
Importing {0} of {1},{0} van {1} importeren,
'employee_field_value' and 'timestamp' are required.,&#39;employee_field_value&#39; en &#39;timestamp&#39; zijn verplicht.,
Allocation Expired!,Toekenning verlopen!,
Attendance Marked,Aanwezigheid gemarkeerd,
Attendance has been marked as per employee check-ins,Aanwezigheid is gemarkeerd als per werknemer check-ins,
Date Range,Datumbereik,
Event Link,Evenementlink,
Expire Allocation,Verlopen toewijzing,
Fuel Expense,Brandstofkosten,
Intermediate,tussen-,
Leave application is linked with leave allocations {0}. Leave application cannot be set as leave without pay,Verlofaanvraag is gekoppeld aan verloftoekenningen {0}. Verlofaanvraag kan niet worden ingesteld als verlof zonder betaling,
Log Type is required for check-ins falling in the shift: {0}.,Logtype is vereist voor check-ins die in de dienst vallen: {0}.,
No Employee found for the given employee field value. '{}': {},Geen medewerker gevonden voor de gegeven veldwaarde voor de medewerker. &#39;{}&#39;: {},
No Leaves Allocated to Employee: {0} for Leave Type: {1},Geen bladeren toegewezen aan werknemer: {0} voor verloftype: {1},
Only expired allocation can be cancelled,Alleen verlopen toewijzing kan worden geannuleerd,
Only users with the {0} role can create backdated leave applications,Alleen gebruikers met de rol {0} kunnen backdated verloftoepassingen maken,
Password policy cannot contain spaces or simultaneous hyphens. The format will be restructured automatically,Wachtwoordbeleid mag geen spaties of gelijktijdige koppeltekens bevatten. Het formaat wordt automatisch geherstructureerd,
Please enter the designation,Voer de benaming in,
There are no vacancies under staffing plan {0},Er zijn geen vacatures onder personeelsplan {0},
This employee already has a log with the same timestamp.{0},Deze werknemer heeft al een logboek met hetzelfde tijdstempel. {0},
Timing,Timing,
To date needs to be before from date,Tot datum moet vóór datum zijn,
Total Early Exits,Totaal vroege uitgangen,
Total Late Entries,Totaal aantal late inzendingen,
Training Event:,Trainingsevenement:,
Unable to find Salary Component {0},Kan salariscomponent niet vinden {0},
Unmarked Attendance for days,Dagen zonder markering,
Vacancies cannot be lower than the current openings,Vacatures kunnen niet lager zijn dan de huidige openingen,
{} is an invalid Attendance Status.,{} is een ongeldige aanwezigheidsstatus.,
Printed On,Gedrukt op,
No employee found,Geen werknemer gevonden,
Please setup Employee Naming System in Human Resource > HR Settings,Stel het naamgevingssysteem voor werknemers in via Human Resource&gt; HR-instellingen,
Please setup numbering series for Attendance via Setup > Numbering Series,Stel nummeringseries in voor Aanwezigheid via Setup&gt; Nummeringsseries,
Current Odometer Value should be greater than Last Odometer Value {0},Huidige kilometertellerwaarde moet groter zijn dan laatste kilometertellerwaarde {0},
No additional expenses has been added,Er zijn geen extra kosten toegevoegd,
{0} already exists for employee {1} and period {2},{0} bestaat al voor werknemer {1} en periode {2},
Leaves Allocated,Bladeren toegewezen,
Leave Without Pay does not match with approved {} records,Leave Without Pay komt niet overeen met goedgekeurde {} records,
Income Tax Slab not set in Salary Structure Assignment: {0},Inkomstenbelastingplaat niet ingesteld in toewijzing salarisstructuur: {0},
Income Tax Slab: {0} is disabled,Inkomstenbelastingplaat: {0} is uitgeschakeld,
Income Tax Slab must be effective on or before Payroll Period Start Date: {0},De inkomstenbelastingplaat moet van kracht zijn op of vóór de startdatum van de loonperiode: {0},
No leave record found for employee {0} on {1},Geen verlofrecord gevonden voor werknemer {0} op {1},
Row {0}: {1} is required in the expenses table to book an expense claim.,Rij {0}: {1} is vereist in de onkostentabel om een onkostendeclaratie te boeken.,
Set the default account for the {0} {1},Stel het standaardaccount in voor de {0} {1},
(Half Day),(Halve dag),
Income Tax Slab,Inkomstenbelastingplaat,
Row #{0}: Cannot set amount or formula for Salary Component {1} with Variable Based On Taxable Salary,Rij # {0}: kan bedrag of formule niet instellen voor salariscomponent {1} met variabele gebaseerd op belastbaar salaris,
Repay From Salary can be selected only for term loans,Terugbetaling van salaris kan alleen worden geselecteerd voor termijnleningen,
Salary Component Account,Salaris Component Account,
Default Bank / Cash account will be automatically updated in Salary Journal Entry when this mode is selected.,Default Bank / Cash account wordt automatisch bijgewerkt in Salaris Journal Entry als deze modus wordt geselecteerd.,
Result,Resultaat,
Total Score,Totale score,
Joining Date,Datum indiensttreding,
Publish on website,Publiceren op de website,
Application Status,Application Status,
IN,IN,
Remind Before,Herinner je alvast,
Reminded,herinnerd,
Additional Salary,Extra salaris,
HR-ADS-.YY.-.MM.-,HR-ADS-.yy .-. MM.-,
Salary Component,salaris Component,
Overwrite Salary Structure Amount,Overschrijf salarisstructuurbedrag,
Deduct Full Tax on Selected Payroll Date,Volledige belasting aftrekken op geselecteerde loondatum,
Payroll Date,Payroll-datum,
Salary Component Type,Salaris Component Type,
Appointment Letter,Afspraakbrief,
Appointment Date,Benoemingsdatum,
Appointment Letter Template,Afspraak briefsjabloon,
Closing Notes,Slotopmerkingen,
Appointment Letter content,Inhoud afspraakbrief,
Appraisal,Beoordeling,
HR-APR-.YY.-.MM.,HR-APR-.YY.-.MM.,
For Employee Name,Voor Naam werknemer,
Goals,Doelen,
Total Score (Out of 5),Totale Score (van de 5),
"Any other remarks, noteworthy effort that should go in the records.","Eventuele andere opmerkingen, noemenswaardig voor in de boekhouding,",
Appraisal Goal,Beoordeling Doel,
Key Responsibility Area,Key verantwoordelijkheid Area,
Weightage (%),Weging (%),
Score (0-5),Score (0-5),
Score Earned,Verdiende Score,
Appraisal Template Title,Beoordeling Template titel,
Appraisal Template Goal,Beoordeling Sjabloon Doel,
KRA,KRA,
Key Performance Area,Key Performance Area,
HR-ATT-.YYYY.-,HR-ATT-.YYYY.-,
On Leave,Met verlof,
Work From Home,Werk vanuit huis,
Leave Application,Verlofaanvraag,
Attendance Date,Aanwezigheid Datum,
Attendance Request,Aanwezigheidsaanvraag,
Late Entry,Late toegang,
Early Exit,Vroege exit,
Half Day Date,Halve dag datum,
On Duty,In functie,
Explanation,Uitleg,
Compensatory Leave Request,Compenserend verlofaanvraag,
Leave Allocation,Verlof Toewijzing,
Worked On Holiday,Werkte aan vakantie,
Work From Date,Werk vanaf datum,
Work End Date,Einddatum van het werk,
Email Sent To,Email verzonden naar,
Select Users,Selecteer gebruikers,
Send Emails At,Stuur e-mails,
Reminder,Herinnering,
Daily Work Summary Group User,Daily Work Summary Group User,
email,e-mail,
Department Approver,Afdelingsmedewerker,
Approver,Goedkeurder,
Designation Skill,Benaming Vaardigheid,
Skill,bekwaamheid,
Leave Policy,Leave Policy,
Salary Details,Salarisgegevens,
HR-EAD-.YYYY.-,HR-EAD-.YYYY.-,
Claimed,beweerde,
Employee Attendance Tool,Employee Attendance Tool,
Unmarked Attendance,Ongemerkte aanwezigheid,
Employees HTML,medewerkers HTML,
Marked Attendance,Gemarkeerde Attendance,
Marked Attendance HTML,Marked Attendance HTML,
Employee Benefit Application,Employee Benefit Application,
Max Benefits (Yearly),Max. Voordelen (jaarlijks),
Remaining Benefits (Yearly),Resterende voordelen (jaarlijks),
Payroll Period,Payroll-periode,
Dispensed Amount (Pro-rated),Beschikbaar bedrag (pro-rated),
Employee Benefit Application Detail,Employee Benefit Application Detail,
Earning Component,Component verdienen,
Pay Against Benefit Claim,Betalen tegen uitkeringsaanspraak,
Max Benefit Amount,Maximaal voordeelbedrag,
Employee Benefit Claim,Employee Benefit Claim,
Claim Date,Claimdatum,
Claim Benefit For,Claim voordeel voor,
Max Amount Eligible,Max bedrag komt in aanmerking,
Expense Proof,Expense Proof,
Employee Boarding Activity,Employee Boarding Activity,
Activity Name,Activiteit naam,
Required for Employee Creation,Vereist voor het maken van werknemers,
Applicable in the case of Employee Onboarding,Van toepassing in het geval van Onboarding van werknemers,
Employee Checkin,Werknemer Checkin,
Log Type,Type logboek,
OUT,UIT,
Location / Device ID,Locatie / apparaat-ID,
Skip Auto Attendance,Auto-aanwezigheid overslaan,
Shift Start,Shift Start,
Shift End,Shift End,
Shift Actual Start,Shift werkelijke start,
Shift Actual End,Verschuiving feitelijk einde,
Default Salary Structure,Standaard salarisstructuur,
Employee Health Insurance,Ziektekostenverzekering voor werknemers,
Health Insurance Name,Ziekteverzekeringsnaam,
Employee Incentive,Employee Incentive,
Incentive Amount,Incentive Bedrag,
Employee Onboarding,Medewerker aan boord,
Notify users by email,Gebruikers op de hoogte stellen via e-mail,
Employee Onboarding Template,Medewerker Onboarding-sjabloon,
Employee Other Income,Werknemer overige inkomsten,
Employee Promotion,Werknemersbevordering,
Promotion Date,Promotiedatum,
Employee Promotion Details,Gegevens over werknemersbevordering,
Employee Property History,Geschiedenis van werknemerseigendom,
Employee Separation,Werknemersscheiding,
Employee Separation Template,Werknemersscheidingssjabloon,
Exit Interview Summary,Sluit de samenvatting van het interview af,
Employee Skill,Vaardigheden van werknemers,
Proficiency,bekwaamheid,
Evaluation Date,Evaluatie datum,
Employee Skill Map,Werknemersvaardigheden,
Employee Skills,Vaardigheden van werknemers,
Trainings,trainingen,
Employee Tax Exemption Category,Categorie werknemersbelastingvrijstelling,
Max Exemption Amount,Max. Vrijstellingsbedrag,
Employee Tax Exemption Declaration,Verklaring belastingvrijstelling werknemer,
Declarations,verklaringen,
Total Declared Amount,Totaal aangegeven bedrag,
Total Exemption Amount,Totale vrijstellingsbedrag,
Employee Tax Exemption Declaration Category,Belastingvrijstellingsverklaring Categorie voor werknemers,
Exemption Sub Category,Vrijstelling Subcategorie,
Exemption Category,Uitzonderingscategorie,
Maximum Exempted Amount,Maximaal vrijgesteld bedrag,
Declared Amount,Opgegeven bedrag,
Employee Tax Exemption Proof Submission,Vrijstelling van werknemersbelasting Bewijsverzending,
Submission Date,Termijn van inzending,
Tax Exemption Proofs,Belastingvrijstellingsbewijs,
Total Actual Amount,Totaal werkelijk bedrag,
Employee Tax Exemption Proof Submission Detail,Werknemersbelasting vrijstelling Bewijs voor inzending van bewijs,
Maximum Exemption Amount,Maximaal vrijstellingsbedrag,
Type of Proof,Type bewijs,
Actual Amount,Werkelijke bedrag,
Employee Tax Exemption Sub Category,Belastingvrijstelling werknemer Subcategorie,
Tax Exemption Category,Categorie BTW-vrijstelling,
Employee Training,Werknemerstraining,
Training Date,Trainingsdatum,
Employee Transfer,Overdracht van werknemers,
Transfer Date,Datum van overdracht,
Employee Transfer Details,Overdracht van werknemers details,
Employee Transfer Detail,Overdrachtdetail medewerker,
Re-allocate Leaves,Bladeren opnieuw toewijzen,
Create New Employee Id,Maak een nieuwe werknemer-ID,
New Employee ID,Nieuwe medewerker-ID,
HR-EXP-.YYYY.-,HR-EXP-.YYYY.-,
Expense Taxes and Charges,Kosten en heffingen,
Total Sanctioned Amount,Totaal Goedgekeurd Bedrag,
Total Advance Amount,Totaal voorschotbedrag,
Total Claimed Amount,Totaal gedeclareerd bedrag,
Total Amount Reimbursed,Totaal bedrag terug!,
Vehicle Log,Voertuig log,
Employees Email Id,Medewerkers E-mail ID,
More Details,Meer details,
Expense Claim Account,Declaratie Account,
Expense Claim Advance,Onkostendeclaratie doorvoeren,
Expense Claim Detail,Kostendeclaratie Detail,
Expense Date,Kosten Datum,
Expense Claim Type,Kostendeclaratie Type,
HR Settings,HR-instellingen,
Employee Settings,Werknemer Instellingen,
Expense Approver Mandatory In Expense Claim,Expense Approver Verplicht in onkostendeclaratie,
Payroll Settings,Loonadministratie Instellingen,
Leave,Laten staan,
Max working hours against Timesheet,Max werkuren tegen Timesheet,
Include holidays in Total no. of Working Days,Feestdagen opnemen in totaal aantal werkdagen.,
"If checked, Total no. of Working Days will include holidays, and this will reduce the value of Salary Per Day","Indien aangevinkt, Totaal niet. van Werkdagen zal omvatten feestdagen, en dit zal de waarde van het salaris per dag te verminderen",
"If checked, hides and disables Rounded Total field in Salary Slips","Indien aangevinkt, verbergt en schakelt het veld Afgerond totaal in salarisstroken uit",
The fraction of daily wages to be paid for half-day attendance,Het gedeelte van het dagloon dat moet worden betaald voor aanwezigheid van een halve dag,
Email Salary Slip to Employee,E-mail loonstrook te Employee,
Emails salary slip to employee based on preferred email selected in Employee,Emails loonstrook van medewerkers op basis van de voorkeur e-mail geselecteerd in Employee,
Encrypt Salary Slips in Emails,Versleutel loonstroken in e-mails,
"The salary slip emailed to the employee will be password protected, the password will be generated based on the password policy.","De salarisstrook die per e-mail naar de werknemer wordt verzonden, is beveiligd met een wachtwoord, het wachtwoord wordt gegenereerd op basis van het wachtwoordbeleid.",
Password Policy,Wachtwoord beleid,
<b>Example:</b> SAL-{first_name}-{date_of_birth.year} <br>This will generate a password like SAL-Jane-1972,<b>Voorbeeld:</b> SAL- {first_name} - {date_of_birth.year} <br> Dit genereert een wachtwoord zoals SAL-Jane-1972,
Leave Approval Notification Template,Laat goedkeuringsmeldingssjabloon achter,
Leave Status Notification Template,Verlof status notificatiesjabloon,
Role Allowed to Create Backdated Leave Application,Rol toegestaan om backdated verloftoepassing te maken,
Leave Approver Mandatory In Leave Application,Verlaat Approver Verplicht in verlof applicatie,
Show Leaves Of All Department Members In Calendar,Bladeren van alle afdelingsleden weergeven in de agenda,
Auto Leave Encashment,Auto Verlaten inkapseling,
Hiring Settings,Huurinstellingen,
Check Vacancies On Job Offer Creation,Bekijk vacatures bij het creëren van vacatures,
Identification Document Type,Identificatie documenttype,
Effective from,Effectief vanaf,
Allow Tax Exemption,Belastingvrijstelling toestaan,
"If enabled, Tax Exemption Declaration will be considered for income tax calculation.","Indien ingeschakeld, wordt aangifte van belastingvrijstelling in aanmerking genomen voor de berekening van de inkomstenbelasting.",
Standard Tax Exemption Amount,Standaard belastingvrijstellingsbedrag,
Taxable Salary Slabs,Belastbare salarisplaten,
Taxes and Charges on Income Tax,Belastingen en heffingen op inkomstenbelasting,
Other Taxes and Charges,Overige belastingen en heffingen,
Income Tax Slab Other Charges,Inkomstenbelastingplaat Andere kosten,
Min Taxable Income,Min. Belastbaar inkomen,
Max Taxable Income,Max. Belastbaar inkomen,
Applicant for a Job,Aanvrager van een baan,
Job Opening,Vacature,
Cover Letter,Voorblad,
Resume Attachment,Resume Attachment,
Job Applicant Source,Sollicitant Bron,
Applicant Email Address,E-mailadres aanvrager,
Awaiting Response,Wachten op antwoord,
Job Offer Terms,Biedingsvoorwaarden,
Select Terms and Conditions,Select Voorwaarden,
Job Offer Term,Biedingsperiode,
Offer Term,Aanbod Term,
Value / Description,Waarde / Beschrijving,
Description of a Job Opening,Omschrijving van een Vacature,
Staffing Plan,Personeelsplan,
Planned number of Positions,Gepland aantal posities,
"Job profile, qualifications required etc.","Functieprofiel, benodigde kwalificaties enz.",
HR-LAL-.YYYY.-,HR-LAL-.YYYY.-,
New Leaves Allocated,Nieuwe Verloven Toegewezen,
Add unused leaves from previous allocations,Voeg ongebruikte bladeren van de vorige toewijzingen,
Unused leaves,Ongebruikte afwezigheden,
Total Leaves Allocated,Totaal Verlofdagen Toegewezen,
Total Leaves Encashed,Total Leaves Encashed,
Leave Period,Verlofperiode,
Carry Forwarded Leaves,Carry Doorgestuurd Bladeren,
Apply / Approve Leaves,Toepassing / Goedkeuren Leaves,
HR-LAP-.YYYY.-,HR-LAP-.YYYY.-,
Leave Balance Before Application,Verlofsaldo voor aanvraag,
Total Leave Days,Totaal verlofdagen,
Leave Approver Name,Verlaat Goedkeurder Naam,
Follow via Email,Volg via e-mail,
Block Holidays on important days.,Blokkeer vakantie op belangrijke dagen.,
Leave Block List Name,Laat Block List Name,
Applies to Company,Geldt voor Bedrijf,
"If not checked, the list will have to be added to each Department where it has to be applied.","Indien niet gecontroleerd, wordt de lijst worden toegevoegd aan elk Department waar het moet worden toegepast.",
Block Days,Blokeer Dagen,
Stop users from making Leave Applications on following days.,Weerhoud gebruikers van het maken van verlofaanvragen op de volgende dagen.,
Leave Block List Dates,Laat Block List Data,
Allow Users,Gebruikers toestaan,
Allow the following users to approve Leave Applications for block days.,Laat de volgende gebruikers te keuren Verlof Aanvragen voor blok dagen.,
Leave Block List Allowed,Laat toegestaan Block List,
Leave Block List Allow,Laat Block List Laat,
Allow User,Door gebruiker toestaan,
Leave Block List Date,Laat Block List Datum,
Block Date,Blokeer Datum,
Leave Control Panel,Verlof Configuratiescherm,
Employment Type (optional),Type werk (optioneel),
Branch (optional),Branch (optioneel),
Department (optional),Afdeling (optioneel),
Designation (optional),Benaming (optioneel),
Employee Grade (optional),Medewerkerscijfer (optioneel),
Employee (optional),Werknemer (optioneel),
Allocate Leaves,Wijs bladeren toe,
Carry Forward,Carry Forward,
Please select Carry Forward if you also want to include previous fiscal year's balance leaves to this fiscal year,Selecteer Carry Forward als u ook wilt opnemen vorige boekjaar uit balans laat dit fiscale jaar,
New Leaves Allocated (In Days),Nieuwe Verloven Toegewezen (in dagen),
Leave Balance,Verlofsaldo,
Encashable days,Aanpasbare dagen,
Encashment Amount,Aanhechtbedrag,
Leave Ledger Entry,Grootboekinvoer verlaten,
Transaction Name,Naam transactie,
Is Carry Forward,Is Forward Carry,
Is Expired,Is verlopen,
Is Leave Without Pay,Is onbetaald verlof,
Holiday List for Optional Leave,Vakantielijst voor optioneel verlof,
Leave Allocations,Verlof toewijzingen,
Leave Policy Details,Laat beleidsdetails achter,
Leave Policy Detail,Laat beleidsdetails achter,
Annual Allocation,Jaarlijkse toewijzing,
Leave Type Name,Verlof Type Naam,
Applicable After (Working Days),Van toepassing na (werkdagen),
Is Optional Leave,Is Optioneel Verlof,
Allow Negative Balance,Laat negatief saldo,
Include holidays within leaves as leaves,Inclusief vakantie binnen bladeren als bladeren,
Is Compensatory,Is compenserend,
Maximum Carry Forwarded Leaves,Maximaal doorgestuurde bladeren,
Expire Carry Forwarded Leaves (Days),Vervallen Carry Forwarded Leaves (dagen),
Calculated in days,Berekend in dagen,
Encashment,inning,
Allow Encashment,Toewijzing toestaan,
Encashment Threshold Days,Aanpak Drempel Dagen,
Earned Leave,Verdiend verlof,
Is Earned Leave,Is Earned Leave,
Earned Leave Frequency,Verdiende verloffrequentie,
Rounding,ronding,
Payroll Employee Detail,Loonwerknemersdetail,
Payroll Frequency,payroll Frequency,
Fortnightly,van twee weken,
Bimonthly,Tweemaandelijks,
Employees,werknemers,
Number Of Employees,Aantal werknemers,
Employee Details,Medewerker Details,
Validate Attendance,Bevestig aanwezigheid,
Salary Slip Based on Timesheet,Salarisstrook Op basis van Timesheet,
Deduct Tax For Unclaimed Employee Benefits,Belastingaftrek voor niet-geclaimde werknemersvoordelen,
Deduct Tax For Unsubmitted Tax Exemption Proof,Belastingaftrek voor niet-ingediende bewijs van belastingvrijstelling,
Select Payment Account to make Bank Entry,Selecteer Betaalrekening aan Bank Entry maken,
Salary Slips Created,Salarislippen aangemaakt,
Salary Slips Submitted,Salaris ingeleverd,
Payroll Periods,Payroll-perioden,
Payroll Period Date,Payroll Periode Datum,
Purpose of Travel,Doel van reizen,
Retention Bonus,Retentiebonus,
Bonus Payment Date,Bonus Betalingsdatum,
Bonus Amount,Bonusbedrag,
Depends on Payment Days,Hangt af van betalingsdagen,
Is Tax Applicable,Is belasting van toepassing,
Variable Based On Taxable Salary,Variabele op basis van belastbaar salaris,
Exempted from Income Tax,Vrijgesteld van inkomstenbelasting,
Round to the Nearest Integer,Rond naar het dichtstbijzijnde gehele getal,
Statistical Component,Statistische Component,
"If selected, the value specified or calculated in this component will not contribute to the earnings or deductions. However, it's value can be referenced by other components that can be added or deducted. ","Als geselecteerd, draagt de waarde die is opgegeven of berekend in dit onderdeel niet bij tot de winst of aftrek. De waarde ervan kan echter worden verwezen door andere componenten die kunnen worden toegevoegd of afgetrokken.",
Do Not Include in Total,Niet in totaal opnemen,
Flexible Benefits,Flexibele voordelen,
Is Flexible Benefit,Is flexibel voordeel,
Max Benefit Amount (Yearly),Max. Uitkering (jaarlijks),
Only Tax Impact (Cannot Claim But Part of Taxable Income),Alleen belastingimpact (kan niet worden geclaimd maar maakt deel uit van belastbaar inkomen),
Create Separate Payment Entry Against Benefit Claim,Maak een afzonderlijke betalingsingave tegen een voordeelclaim,
Amount based on formula,Bedrag op basis van de formule,
Formula,Formule,
Salary Detail,salaris Detail,
Component,bestanddeel,
Do not include in total,Neem niet alles mee,
Default Amount,Standaard Bedrag,
Additional Amount,Extra bedrag,
Tax on flexible benefit,Belasting op flexibel voordeel,
Tax on additional salary,Belasting op extra salaris,
Salary Structure,Salarisstructuur,
Working Days,Werkdagen,
Salary Slip Timesheet,Loonstrook Timesheet,
Earnings,Verdiensten,
Deductions,Inhoudingen,
Total in words,Totaal in woorden,
Salary Component for timesheet based payroll.,Salaris Component voor rooster gebaseerde payroll.,
Leave Encashment Amount Per Day,Verlaat het Inrichtingsbedrag per dag,
Max Benefits (Amount),Max. Voordelen (bedrag),
Salary breakup based on Earning and Deduction.,Salaris verbreken op basis Verdienen en Aftrek.,
Total Earning,Totale Winst,
Salary Structure Assignment,Salarisstructuurtoewijzing,
Shift Assignment,Shift-toewijzing,
Shift Type,Shift Type,
Shift Request,Shift Request,
Enable Auto Attendance,Automatische aanwezigheid inschakelen,
Mark attendance based on 'Employee Checkin' for Employees assigned to this shift.,Markeer aanwezigheid op basis van &#39;Medewerkers Checkin&#39; voor werknemers die zijn toegewezen aan deze dienst.,
Auto Attendance Settings,Instellingen voor automatische aanwezigheid,
Determine Check-in and Check-out,Bepaal het in- en uitchecken,
Alternating entries as IN and OUT during the same shift,Wisselende invoer als IN en UIT tijdens dezelfde dienst,
Strictly based on Log Type in Employee Checkin,Strikt gebaseerd op logtype bij het inchecken van werknemers,
Working Hours Calculation Based On,Werkurenberekening op basis van,
First Check-in and Last Check-out,Eerste check-in en laatste check-out,
Every Valid Check-in and Check-out,Elke geldige check-in en check-out,
Begin check-in before shift start time (in minutes),Begin met inchecken voor de starttijd van de dienst (in minuten),
The time before the shift start time during which Employee Check-in is considered for attendance.,De tijd vóór de starttijd van de dienst gedurende welke de werknemer incheckt voor aanwezigheid.,
Allow check-out after shift end time (in minutes),Afrekenen toestaan na eindtijd ploegendienst (in minuten),
Time after the end of shift during which check-out is considered for attendance.,Tijd na het einde van de dienst waarin uitchecken wordt overwogen.,
Working Hours Threshold for Half Day,Werkuren drempel voor halve dag,
Working hours below which Half Day is marked. (Zero to disable),Werkuren waaronder Halve dag is gemarkeerd. (Nul uit te schakelen),
Working Hours Threshold for Absent,Werkuren drempel voor afwezig,
Working hours below which Absent is marked. (Zero to disable),Werkuren waaronder Afwezig wordt gemarkeerd. (Nul uit te schakelen),
Process Attendance After,Procesbezoek na,
Attendance will be marked automatically only after this date.,Aanwezigheid wordt pas na deze datum automatisch gemarkeerd.,
Last Sync of Checkin,Laatste synchronisatie van inchecken,
Last Known Successful Sync of Employee Checkin. Reset this only if you are sure that all Logs are synced from all the locations. Please don't modify this if you are unsure.,Laatst bekende succesvolle synchronisatie van het inchecken van werknemers. Reset dit alleen als u zeker weet dat alle logboeken worden gesynchroniseerd vanaf alle locaties. Wijzig dit niet als u niet zeker bent.,
Grace Period Settings For Auto Attendance,Instellingen respijtperiode voor automatische aanwezigheid,
Enable Entry Grace Period,Inschakelperiode resp. Inschakelen,
Late Entry Grace Period,Grensperiode voor late binnenkomst,
The time after the shift start time when check-in is considered as late (in minutes).,De tijd na de starttijd van de dienst wanneer het inchecken als laat wordt beschouwd (in minuten).,
Enable Exit Grace Period,Schakel Verlaten respijtperiode in,
Early Exit Grace Period,Grace Exit-periode,
The time before the shift end time when check-out is considered as early (in minutes).,De tijd vóór het einde van de dienst wanneer het uitchecken wordt beschouwd als vroeg (in minuten).,
Skill Name,Vaardigheidsnaam,
Staffing Plan Detail,Personeelsplan Detail,
Total Estimated Budget,Totaal geschat budget,
Vacancies,vacatures,
Estimated Cost Per Position,Geschatte kosten per positie,
Total Estimated Cost,Totale geschatte kosten,
Current Count,Huidige telling,
Current Openings,Huidige openingen,
Number Of Positions,Aantal posities,
Taxable Salary Slab,Belastbare salarisplaat,
From Amount,Van bedrag,
To Amount,Tot bedrag,
Percent Deduction,Procentaftrek,
Training Program,Oefenprogramma,
Event Status,event Status,
Has Certificate,Heeft certificaat,
Seminar,congres,
Theory,Theorie,
Workshop,werkplaats,
Conference,Conferentie,
Exam,tentamen,
Internet,internet,
Self-Study,Zelfstudie,
Advance,Van te voren,
Trainer Name,trainer Naam,
Trainer Email,trainer Email,
Attendees,Deelnemers,
Employee Emails,Medewerkers e-mails,
Training Event Employee,Training Event Medewerker,
Invited,Uitgenodigd,
Feedback Submitted,Terugkoppeling Submitted,
Training Result Employee,Training Resultaat Werknemer,
Travel Itinerary,Reisplan,
Travel From,Reizen vanaf,
Travel To,Reizen naar,
Mode of Travel,Manier van reizen,
Flight,Vlucht,
Train,Trein,
Taxi,Taxi,
Rented Car,Gehuurde auto,
Meal Preference,Maaltijd Voorkeur,
Vegetarian,Vegetarisch,
Non-Vegetarian,Niet vegetarisch,
Gluten Free,Glutenvrij,
Non Diary,Niet dagboek,
Travel Advance Required,Reisvooruitgang vereist,
Departure Datetime,Vertrek Datetime,
Arrival Datetime,Aankomst Datetime,
Lodging Required,Onderdak vereist,
Preferred Area for Lodging,Voorkeursgebied voor logies,
Check-in Date,Check-in datum,
Check-out Date,Vertrek datum,
Travel Request,Reisverzoek,
Travel Type,Reistype,
Domestic,Huiselijk,
International,Internationale,
Travel Funding,Reisfinanciering,
Require Full Funding,Vereis volledige financiering,
Fully Sponsored,Volledig gesponsord,
"Partially Sponsored, Require Partial Funding","Gedeeltelijk gesponsord, Gedeeltelijke financiering vereisen",
Copy of Invitation/Announcement,Kopie van uitnodiging / aankondiging,
"Details of Sponsor (Name, Location)","Details van de sponsor (naam, locatie)",
Identification Document Number,identificatie document nummer,
Any other details,Alle andere details,
Costing Details,Kostendetails,
Event Details,Evenementdetails,
Name of Organizer,Naam van de organisator,
Address of Organizer,Adres van de organisator,
Travel Request Costing,Kostencalculatie voor reizen,
Expense Type,Uitgavenoort,
Sponsored Amount,Gesponsorde bedrag,
Funded Amount,Gefinancierde bedrag,
Upload Attendance,Aanwezigheid uploaden,
Attendance From Date,Aanwezigheid Van Datum,
Attendance To Date,Aanwezigheid graag:,
Get Template,Krijg Sjabloon,
Import Attendance,Import Toeschouwers,
Upload HTML,Upload HTML,
HR-VLOG-.YYYY.-,HR-VLOG-.YYYY.-,
Odometer Reading,kilometerstand,
Current Odometer value ,Huidige kilometertellerwaarde,
Refuelling Details,Tanken Details,
Invoice Ref,factuur Ref,
Service Details,Service Details,
Vehicle Service,voertuig,
Service Item,dienst Item,
Brake Oil,remolie,
Brake Pad,Brake Pad,
Clutch Plate,clutch Plate,
Engine Oil,Motorolie,
Oil Change,Olie vervanging,
Inspection,Inspectie,
Mileage,Mileage,
Salary Slip Loan,Salaris Sliplening,
Loan Repayment Entry,Lening terugbetaling terugbetaling,
May,Mei,
June,juni-,
July,juli-,
Bank Remittance,Bankoverschrijving,
Daily Work Summary Replies,Antwoorden dagelijkse werkoverzicht,
Employee Advance Summary,Medewerker Advance Summary,
Employees working on a holiday,Werknemers die op vakantie,
Monthly Attendance Sheet,Maandelijkse Aanwezigheids Sheet,
Salary Register,salaris Register,
Unpaid Expense Claim,Onbetaalde Onkostenvergoeding,
Payment Account is mandatory,Betaalrekening is verplicht,
"If checked, the full amount will be deducted from taxable income before calculating income tax without any declaration or proof submission.","Indien aangevinkt, wordt het volledige bedrag afgetrokken van het belastbaar inkomen vóór de berekening van de inkomstenbelasting zonder dat enige aangifte of bewijs wordt ingediend.",
In Time,Op tijd,
Out Time,Out Time,
Is Recurring,Komt terug,
HRA Exemption,HRA-vrijstelling,
Monthly House Rent,Maandelijkse huishuur,
Rented in Metro City,Gehuurd in Metro City,
HRA as per Salary Structure,HRA volgens salarisstructuur,
Annual HRA Exemption,Jaarlijkse HRA-vrijstelling,
Monthly HRA Exemption,Maandelijkse HRA-vrijstelling,
House Rent Payment Amount,Betaalbedrag huishuur,
Rented From Date,Gehuurd vanaf datum,
Rented To Date,Tot op heden verhuurd,
Monthly Eligible Amount,Maandelijks in aanmerking komend bedrag,
Total Eligible HRA Exemption,Totaal in aanmerking komende HRA-vrijstelling,
Validating Employee Attendance...,Aanwezigheid van werknemers valideren ...,
Submitting Salary Slips and creating Journal Entry...,Salarisstroken indienen en journaalboeking maken ...,
Calculate Payroll Working Days Based On,Bereken de salariswerkdagen op basis van,
Consider Unmarked Attendance As,Beschouw ongemarkeerde aanwezigheid als,
Fraction of Daily Salary for Half Day,Fractie van dagelijks salaris voor een halve dag,
Component Type,Component Type,
Provident Fund,Voorzieningsfonds,
Additional Provident Fund,Aanvullend Provident Fund,
Provident Fund Loan,Provident Fund-lening,
Professional Tax,Beroepsbelasting,
Is Income Tax Component,Is component inkomstenbelasting,
Component properties and references ,Componenteigenschappen en verwijzingen,
Additional Salary ,Extra salaris,
Unmarked days,Ongemarkeerde dagen,
Absent Days,Afwezige dagen,
Conditions and Formula variable and example,Voorwaarden en Formule variabele en voorbeeld,
Income Tax Deductions,Aftrekposten inkomstenbelasting,
Income Tax Component,Component inkomstenbelasting,
Income Tax Amount,Bedrag inkomstenbelasting,
Unmarked Days,Ongemarkeerde dagen,
Jan,Jan,
Feb,Feb,
Mar,Mrt,
Apr,Apr,
Aug,Aug,
Sep,Sep,
Oct,Okt,
Nov,Nov,
Dec,Dec,
Summarized View,Samengevatte weergave,
Professional Tax Deductions,Professionele belastingaftrek,
Provident Fund Deductions,Provident Fund-inhoudingen,
Recruitment Analytics,Wervingsanalyses,
Applicant name,Aanvrager naam,
Job Offer status,Status vacature,
On Date,Op datum,
Salary Payments Based On Payment Mode,Salarisbetalingen op basis van betalingsmodus,
Salary Payments via ECS,Salarisbetalingen via ECS,
Account No,Account nummer,
IFSC,IFSC,
MICR,MICR,
PF Account,PF-account,
PF Amount,PF-bedrag,
Additional PF,Extra PF,
PF Loan,PF-lening,
Duplicate Entry,Dubbele invoer,
Please select Employee first.,Selecteer eerst Werknemer.,
To Date should be greater than From Date,Tot-datum moet groter zijn dan Vanaf datum,
Job Offer: {0} is already for Job Applicant: {1},Vacature: {0} is al bedoeld voor sollicitant: {1},
Only Shift Request with status 'Approved' and 'Rejected' can be submitted,Alleen Ploegverzoek met de status &#39;Goedgekeurd&#39; en &#39;Afgewezen&#39; kan worden ingediend,
Shift Assignment: {0} created for Employee: {1},Ploegentoewijzing: {0} gemaakt voor werknemer: {1},
You can not request for your Default Shift: {0},U kunt uw standaarddienst niet aanvragen: {0},
Only Approvers can Approve this Request.,Alleen goedkeurders kunnen dit verzoek goedkeuren.,
Please set Payroll based on in Payroll settings,Stel Payroll in op basis van in Payroll-instellingen,
Additional Salary: {0} already exist for Salary Component: {1} for period {2} and {3},Extra salaris: {0} bestaat al voor salariscomponent: {1} voor periode {2} en {3},
Payroll date can not be less than employee's joining date.,Salarisdatum mag niet lager zijn dan de datum waarop de werknemer toetreedt.,
From date can not be less than employee's joining date.,De begindatum kan niet korter zijn dan de datum waarop de werknemer toetreedt.,
To date can not be greater than employee's relieving date.,Tot op heden kan niet langer zijn dan de aflossingsdatum van de werknemer.,
Payroll date can not be greater than employee's relieving date.,Salarisdatum kan niet hoger zijn dan de aflossingsdatum van de werknemer.,
Condition and formula,Staat en formule,
Available Leaves,Beschikbare bladeren,
IFSC Code,IFSC-code,
Others,anderen,
Total Allocated Leaves,Totaal toegewezen bladeren,
Used Leaves,Gebruikte bladeren,
PAN Number,PAN-nummer,
Expired Leaves,Verlopen bladeren,
