) for {0},) for {0},
A {0} exists between {1} and {2} (,En {0} eksisterer mellom {1} og {2} (,
Absent,Fraværende,
Accrual Journal Entry for salaries from {0} to {1},Periodiseringstidspunkt Oppføring for lønn fra {0} til {1},
Add to Details,Legg til detaljer,
Added to details,Lagt til detaljer,
All Jobs,Alle jobber,
Allocated Leaves,Tildelte blad,
Annual Salary,Årslønn,
Application period cannot be across two allocation records,Søknadsperioden kan ikke være over to allokeringsregister,
Application period cannot be outside leave allocation period,Tegningsperioden kan ikke være utenfor permisjon tildeling periode,
Apply Now,Søk nå,
Apprentice,Lærling,
Approval Status,Godkjenningsstatus,
Approval Status must be 'Approved' or 'Rejected',Godkjenningsstatus må være &quot;Godkjent&quot; eller &quot;Avvist&quot;,
As per your assigned Salary Structure you cannot apply for benefits,I henhold til din tildelte lønnsstruktur kan du ikke søke om fordeler,
Assign,Tildele,
Assign Salary Structure,Tilordne lønnsstruktur,
Assign to Employees,Tildel til ansatte,
Assigning Structures...,Tildeler strukturer ...,
Attendance,Oppmøte,
Attendance From Date and Attendance To Date is mandatory,Oppmøte Fra Dato og oppmøte To Date er obligatorisk,
Attendance for employee {0} is already marked for this day,Oppmøte for arbeidstaker {0} er allerede markert for denne dagen,
Attendance not submitted for {0} as it is a Holiday.,Tilstedeværelse ikke innlevert for {0} som det er en ferie.,
Bank Entries,Bank Entries,
Base,Utgangspunkt,
Beginner,Nybegynner,
Birthday Reminder,Bursdag påminnelse,
Bonus Payment Date cannot be a past date,Bonus Betalingsdato kan ikke være en siste dato,
Calls,samtaler,
Cannot find active Leave Period,Kan ikke finne aktiv permisjonstid,
Casual Leave,Casual La,
Claimed Amount,Påkrevd beløp,
Compensatory Off,Kompenserende Off,
Contact Number,Kontakt nummer,
Course,Kurs,
Create Disbursement Entry,Opprett Utbetalingsoppføring,
Create Salary Slip,Lag Lønn Slip,
Create Salary Slips,Opprett lønnsslipp,
Creating Payment Entries......,Opprette betalingsoppføringer ......,
Creating Salary Slips...,Opprette lønnsslipp ...,
Current,Nåværende,
Current Job Openings,Nåværende jobb Åpninger,
Daily Work Summary,Daglig arbeid Oppsummering,
Daily Work Summary Group,Daglig arbeidsoppsummeringsgruppe,
Date is repeated,Dato gjentas,
Debit A/C Number,Debet A / C-nummer,
Deduction,Fradrag,
Document Status,Dokumentstatus,
Earning,tjene,
Employee A/C Number,Ansattes A / C-nummer,
Employee Benefits,Ytelser til ansatte,
Employee Grade,Ansatte grad,
Employee Referral,Ansatt henvisning,
Employee relieved on {0} must be set as 'Left',Ansatt lettet på {0} må være angitt som &quot;venstre&quot;,
Employee {0} already submited an apllication {1} for the payroll period {2},Ansatt {0} har allerede sendt inn en påmelding {1} for lønnsperioden {2},
Employee {0} has no maximum benefit amount,Medarbeider {0} har ingen maksimal ytelsesbeløp,
Employee {0} is not active or does not exist,Ansatt {0} er ikke aktiv eller ikke eksisterer,
Employee {0} is on Leave on {1},Ansatt {0} er på permisjon på {1},
Employee {0} on Half day on {1},Employee {0} på halv dag {1},
End time cannot be before start time,Sluttid kan ikke være før starttid,
Evaluation,evaluering,
Event Location,Hendelsessted,
Event Name,Aktivitetsnavn,
Expense Claim for Vehicle Log {0},Expense krav for Vehicle Logg {0},
Expense Claim {0} already exists for the Vehicle Log,Expense krav {0} finnes allerede for Vehicle Log,
Fill the form and save it,Fyll ut skjemaet og lagre det,
Filter Employees By (Optional),Filtrer ansatte etter (Valgfritt),
Fiscal Year {0} not found,Regnskapsåret {0} ikke funnet,
Food,Mat,
For Employee,For Employee,
From Date {0} cannot be after employee's relieving Date {1},Fra dato {0} kan ikke være etter ansattes avlastningsdato {1},
From Date {0} cannot be before employee's joining Date {1},Fra dato {0} kan ikke være før ansattes tilmeldingsdato {1},
From date can not be less than employee's joining date,Fra datoen kan ikke være mindre enn ansattes tilmeldingsdato,
Fuel Price,Fuel Pris,
Fuel Qty,Drivstoff Antall,
Full-time,Fulltid,
Future dates not allowed,Fremtidige datoer ikke tillatt,
Get Details From Declaration,Få detaljer fra erklæringen,
Get Employees,Få ansatte,
Gross Pay,Brutto lønn,
Guest,Gjest,
Half Day,Halv Dag,
Half Day Date is mandatory,Halvdagsdato er obligatorisk,
Half Day Date should be between From Date and To Date,Half Day Date bør være mellom Fra dato og Til dato,
Half Day Date should be in between Work From Date and Work End Date,Halvdagsdato bør være mellom arbeid fra dato og arbeidsdato,
Half day date should be in between from date and to date,Halvdagsdagen bør være mellom dato og dato,
Hello,Hallo,
House rent paid days overlapping with {0},Husleie betalte dager som er overlappende med {0},
House rented dates required for exemption calculation,Husleide datoer som kreves for beregning av unntak,
House rented dates should be atleast 15 days apart,Husleide datoer skal være minst 15 dager fra hverandre,
Interest Amount,rente~~POS=TRUNC,
Intern,Intern,
Job Description,Stillingsbeskrivelse,
Job Offer,Jobbtilbud,
Jobs,Jobs,
Leave Approval Notification,Legg igjen godkjenningsvarsling,
Leave Blocked,La Blokkert,
Leave Encashment,La Encashment,
Leave Status Notification,Oppgi statusmelding,
Leave Type,La Type,
Leave Type is madatory,Forlat Type er madatory,
Leave Type {0} cannot be allocated since it is leave without pay,La Type {0} kan ikke tildeles siden det er permisjon uten lønn,
Leave Type {0} cannot be carry-forwarded,La Type {0} kan ikke bære-videre,
Leave Type {0} is not encashable,Forlatype {0} er ikke innrykkbar,
Leave Without Pay,Dager uten lønn,
"Leave cannot be allocated before {0}, as leave balance has already been carry-forwarded in the future leave allocation record {1}","Permisjon kan ikke tildeles før {0}, som permisjon balanse har allerede vært carry-sendt i fremtiden permisjon tildeling posten {1}",
"Leave cannot be applied/cancelled before {0}, as leave balance has already been carry-forwarded in the future leave allocation record {1}","La ikke kan brukes / kansellert før {0}, som permisjon balanse har allerede vært carry-sendt i fremtiden permisjon tildeling posten {1}",
Leave of type {0} cannot be longer than {1},Permisjon av typen {0} kan ikke være lengre enn {1},
Leaves,blader,
Leaves Allocated Successfully for {0},Etterlater Avsatt Vellykket for {0},
Leaves per Year,Later per år,
Lifecycle,Livssyklus,
Mark Attendance,Mark Attendance,
Max Exemption Amount cannot be greater than maximum exemption amount {0} of Tax Exemption Category {1},Maks unntaksbeløp kan ikke være større enn maksimalt unntaksbeløp {0} av avgiftsfritakskategori {1},
Max benefits should be greater than zero to dispense benefits,Maksimale fordeler bør være større enn null for å gi fordeler,
Maximum amount eligible for the component {0} exceeds {1},Maksimumsbeløp som er kvalifisert for komponenten {0} overstiger {1},
Maximum benefit amount of component {0} exceeds {1},Maksimal ytelsesbeløp for komponent {0} overstiger {1},
Maximum benefit amount of employee {0} exceeds {1},Maksimal ytelsesbeløp for ansatt {0} overstiger {1},
Maximum leave allowed in the leave type {0} is {1},Maksimum permisjon tillatt i permisjonstypen {0} er {1},
Medical,Medisinsk,
Mode of payment is required to make a payment,Modus for betaling er nødvendig å foreta en betaling,
More than one selection for {0} not allowed,Mer enn ett valg for {0} er ikke tillatt,
Net Pay,Netto lønn,
Net Pay cannot be less than 0,Nettolønn kan ikke være mindre enn 0,
Net Salary Amount,Netto lønnsmengde,
Net pay cannot be negative,Nettolønn kan ikke være negativ,
No Employee Found,Ingen ansatt funnet,
No Salary Structure assigned for Employee {0} on given date {1},Ingen lønnskostnad tildelt for ansatt {0} på gitt dato {1},
No Staffing Plans found for this Designation,Ingen bemanningsplaner funnet for denne betegnelsen,
No active or default Salary Structure found for employee {0} for the given dates,Ingen aktive eller standard Lønn Struktur funnet for arbeidstaker {0} for den gitte datoer,
No more updates,Ingen flere oppdateringer,
No replies from,Ingen svar fra,
No salary slip found to submit for the above selected criteria OR salary slip already submitted,Ingen lønnsslipp funnet å sende inn for ovennevnte utvalgte kriterier ELLER lønnsslipp allerede sendt,
Nothing to change,Ingenting å forandre seg,
Notice Period,Oppsigelsestid,
Only Leave Applications with status 'Approved' and 'Rejected' can be submitted,Bare La Applikasjoner med status &#39;Godkjent&#39; og &#39;Avvist&#39; kan sendes inn,
Optional Holiday List not set for leave period {0},Valgfri ferieliste ikke angitt for permisjon {0},
Part-time,Deltid,
Password policy for Salary Slips is not set,Passordpolitikk for lønnsslipper er ikke angitt,
Payment Days,Betalings Days,
Payment of {0} from {1} to {2},Betaling av {0} fra {1} til {2},
Payroll,lønn,
Payroll Number,Lønnsnummer,
Piecework,akkord,
Please add the remaining benefits {0} to any of the existing component,Vennligst legg til de resterende fordelene {0} til en eksisterende komponent,
Please confirm once you have completed your training,Vennligst bekreft når du har fullført treningen,
Please enable default incoming account before creating Daily Work Summary Group,Vennligst aktiver standard innkommende konto før du oppretter Daglig arbeidsoppsummeringsgruppe,
Please select Company and Designation,Vennligst velg Firma og Betegnelse,
Please select Employee,Vennligst velg Medarbeider,
Please select a csv file,Vennligst velg en csv-fil,
Please set default template for Leave Approval Notification in HR Settings.,Vennligst angi standardmal for godkjenning av varsling i HR-innstillinger.,
Please set default template for Leave Status Notification in HR Settings.,Vennligst angi standardmal for statusmeldingsstatus i HR-innstillinger.,
Please set the Company,Vennligst sett selskapet,
Please set the Date Of Joining for employee {0},Vennligst sett datoen for å bli med på ansatt {0},
Please share your feedback to the training by clicking on 'Training Feedback' and then 'New',Vennligst del din tilbakemelding til treningen ved å klikke på &#39;Trenings tilbakemelding&#39; og deretter &#39;Ny&#39;,
Please update your status for this training event,Vennligst oppdatere statusen din for denne treningshendelsen,
Present,Present,
Preview Salary Slip,Forhåndsvisning Lønn Slip,
Privilege Leave,Privilege La,
Probation,Prøvetid,
Probationary Period,Prøvetid,
Property,Eiendoms,
Property already added,Eiendom allerede lagt til,
Replies,svar,
Responsibilities,Ansvarsområder,
Role,Rolle,
Row {0}# Allocated amount {1} cannot be greater than unclaimed amount {2},Row {0} # Tilordnet mengde {1} kan ikke være større enn uanmeldt beløp {2},
Row {0}# Paid Amount cannot be greater than requested advance amount,Rå {0} # Betalt beløp kan ikke være større enn ønsket beløp,
Salary Slip ID,Lønn Slip ID,
Salary Slip of employee {0} already created for this period,Lønn Slip av ansattes {0} som allerede er opprettet for denne perioden,
Salary Slip of employee {0} already created for time sheet {1},Lønn Slip av ansattes {0} allerede opprettet for timeregistrering {1},
Salary Structure Assignment for Employee already exists,Lønnsstrukturoppdrag for ansatte eksisterer allerede,
Salary Structure Missing,Lønn Struktur Missing,
Salary Structure not found for employee {0} and date {1},Lønnsstruktur ikke funnet for ansatt {0} og dato {1},
Salary Structure should have flexible benefit component(s) to dispense benefit amount,Lønnsstruktur bør ha fleksible fordelskomponenter for å dispensere ytelsesbeløpet,
"Salary already processed for period between {0} and {1}, Leave application period cannot be between this date range.","Lønn allerede behandlet for perioden mellom {0} og {1}, La søknadsperioden kan ikke være mellom denne datoperioden.",
Sanctioned Amount cannot be greater than Claim Amount in Row {0}.,Sanksjonert Beløpet kan ikke være større enn krav Beløp i Rad {0}.,
Score must be less than or equal to 5,Score må være mindre enn eller lik 5,
Select Property,Velg Egenskap,
Select an employee to get the employee advance.,Velg en ansatt for å få ansatt på forhånd.,
Service Expense,tjenesten Expense,
Show Employee,Vis medarbeider,
Show Salary Slip,Vis Lønn Slip,
Sick Leave,Sykefravær,
"Skipping Salary Structure Assignment for the following employees, as Salary Structure Assignment records already exists against them. {0}","Hopp over lønnsstrukturoppdrag for følgende ansatte, da lønnsstrukturoppdrag allerede finnes mot dem. {0}",
Staffing Plan {0} already exist for designation {1},Bemanningsplan {0} finnes allerede for betegnelse {1},
"Start and end dates not in a valid Payroll Period, cannot calculate {0}","Start- og sluttdatoer som ikke er i en gyldig lønnsperiode, kan ikke beregne {0}",
"Start and end dates not in a valid Payroll Period, cannot calculate {0}.","Begynn og avslutt datoer ikke i en gyldig lønningsperiode, kan ikke beregne {0}.",
Stock Options,Aksjeopsjoner,
Structures have been assigned successfully,Strukturer er tilordnet med hell,
Submit Proof,Send inn bevis,
Submit Salary Slip,Send Lønn Slip,
Submit this to create the Employee record,Send inn dette for å skape medarbeideroppføringen,
Submitting Salary Slips...,Innlevering av lønnsslipp ...,
Team Updates,laget Oppdateringer,
Thank you,Takk,
The day(s) on which you are applying for leave are holidays. You need not apply for leave.,Dagen (e) der du søker om permisjon er helligdager. Du trenger ikke søke om permisjon.,
There are more holidays than working days this month.,Det er mer ferie enn virkedager denne måneden.,
There is no leave period in between {0} and {1},Det er ingen permisjon mellom {0} og {1},
This is based on the attendance of this Employee,Dette er basert på tilstedeværelse av denne Employee,
This will submit Salary Slips and create accrual Journal Entry. Do you want to proceed?,Dette vil sende Lønnsslipp og opprette periodiseringstabell. Vil du fortsette?,
To date can not be equal or less than from date,Til dato kan ikke være lik eller mindre enn fra dato,
To date can not be less than from date,Til dato kan ikke være mindre enn fra dato,
To date can not greater than employee's relieving date,Til dags dato kan ikke større enn ansattes avlastningsdato,
Total Absent,Total Fraværende,
Total Deduction,Total fradrag,
Total Leaves,Totalt Leaves,
Total Present,Total Present,
Total advance amount cannot be greater than total sanctioned amount,Samlet forskuddbeløp kan ikke være større enn total sanksjonert beløp,
Total flexible benefit component amount {0} should not be less than max benefits {1},Det totale beløpet for fleksibel ytelse {0} skal ikke være mindre enn maksimalt utbytte {1},
Total leaves allocated is mandatory for Leave Type {0},Totalt antall permisjoner er obligatorisk for permisjonstype {0},
Total working hours should not be greater than max working hours {0},Samlet arbeidstid må ikke være større enn maks arbeidstid {0},
Training,Opplæring,
Training Event,trening Hendelses,
Training Events,Treningsarrangementer,
Training Feedback,Trening tilbakemelding,
Training Result,trening Resultat,
Travel,Reise,
Update Response,Oppdater svar,
Value missing,Verdi mangler,
Variable,variabel,
Walk In,Gå inn,
Warning: Leave application contains following block dates,Advarsel: La programmet inneholder følgende blokk datoer,
Website Listing,Nettstedsliste,
Work Summary for {0},Arbeidssammendrag for {0},
You are not authorized to approve leaves on Block Dates,Du er ikke autorisert til å godkjenne blader på Block Datoer,
You are not present all day(s) between compensatory leave request days,Du er ikke til stede hele dagen (e) mellom kompensasjonsorlovsdager,
You can only submit Leave Encashment for a valid encashment amount,Du kan kun sende permittering for et gyldig innkjøpsbeløp,
{0} already allocated for Employee {1} for period {2} to {3},{0} allerede bevilget for Employee {1} for perioden {2} til {3},
{0} applicable after {1} working days,{0} gjelder etter {1} arbeidsdager,
{0} is not in Optional Holiday List,{0} er ikke i valgfri ferieliste,
{0} is not in a valid Payroll Period,{0} er ikke i en gyldig lønnsperiode,
{0} must be submitted,{0} må sendes,
"{0}: Employee email not found, hence email not sent","{0}: Ansattes e-post ikke funnet, derav e-posten ikke sendt",
{0}: From {0} of type {1},{0}: Fra {0} av typen {1},
Conditions,Forhold,
Percent,Prosent,
Error in some rows,Feil i noen rader,
Benefit,Fordel,
Shift,Skifte,
Importing {0} of {1},Importerer {0} av {1},
'employee_field_value' and 'timestamp' are required.,&#39;medarbeider_felt_verdi&#39; og &#39;tidsstempel&#39; er påkrevd.,
Allocation Expired!,Tildeling utløpt!,
Attendance Marked,Oppmøte markert,
Attendance has been marked as per employee check-ins,Oppmøte er merket som per ansattes innsjekking,
Date Range,Datointervall,
Event Link,Hendelseslink,
Expire Allocation,Utløp tildeling,
Fuel Expense,Drivstoffutgift,
Intermediate,Mellom,
Leave application is linked with leave allocations {0}. Leave application cannot be set as leave without pay,Permisjonssøknad er knyttet til permisjonstildeling {0}. Permisjonssøknad kan ikke settes som permisjon uten lønn,
Log Type is required for check-ins falling in the shift: {0}.,Loggtype er nødvendig for innsjekkinger som faller i skiftet: {0}.,
No Employee found for the given employee field value. '{}': {},Ingen ansatte funnet for den gitte ansattes feltverdi. &#39;{}&#39;: {},
No Leaves Allocated to Employee: {0} for Leave Type: {1},Ingen blader tildelt ansatt: {0} for permisjonstype: {1},
Only expired allocation can be cancelled,Bare utløpt tildeling kan avlyses,
Only users with the {0} role can create backdated leave applications,Bare brukere med {0} -rollen kan opprette utdaterte permisjonsapplikasjoner,
Password policy cannot contain spaces or simultaneous hyphens. The format will be restructured automatically,Passordpolicy kan ikke inneholde mellomrom eller samtidig bindestrek. Formatet blir omstrukturert automatisk,
Please enter the designation,Angi betegnelsen,
There are no vacancies under staffing plan {0},Det er ingen ledige stillinger under bemanningsplan {0},
This employee already has a log with the same timestamp.{0},Denne ansatte har allerede en logg med samme tidsstempel. {0},
Timing,timing,
To date needs to be before from date,Til dags dato må være før fra dato,
Total Early Exits,Totalt tidlig utkjørsel,
Total Late Entries,Totalt antall sene oppføringer,
Training Event:,Treningsarrangement:,
Unable to find Salary Component {0},Kan ikke finne lønnskomponent {0},
Unmarked Attendance for days,Umerket fremmøte i flere dager,
Vacancies cannot be lower than the current openings,Ledige stillinger kan ikke være lavere enn dagens åpninger,
{} is an invalid Attendance Status.,{} er en ugyldig deltakerstatus.,
Printed On,Trykt på,
No employee found,Ingen ansatt funnet,
Please setup Employee Naming System in Human Resource > HR Settings,Oppsett medarbeidersamlingssystem i menneskelige ressurser&gt; HR-innstillinger,
Please setup numbering series for Attendance via Setup > Numbering Series,Angi nummereringsserier for Oppmøte via Oppsett&gt; Nummereringsserier,
Current Odometer Value should be greater than Last Odometer Value {0},Gjeldende kilometertellerverdi bør være større enn siste kilometertellerverdi {0},
No additional expenses has been added,Ingen ekstra utgifter er lagt til,
{0} already exists for employee {1} and period {2},{0} eksisterer allerede for ansatt {1} og periode {2},
Leaves Allocated,Bladene tildelt,
Leave Without Pay does not match with approved {} records,Permisjon uten betaling samsvarer ikke med godkjente {} poster,
Income Tax Slab not set in Salary Structure Assignment: {0},Inntektsskattplate er ikke angitt i lønnsstrukturoppdrag: {0},
Income Tax Slab: {0} is disabled,Inntektsskattplate: {0} er deaktivert,
Income Tax Slab must be effective on or before Payroll Period Start Date: {0},Inntektsskattplaten må være i kraft på eller før startdatoen for lønnsperioden: {0},
No leave record found for employee {0} on {1},Ingen permisjonsjournal funnet for ansatt {0} på {1},
Row {0}: {1} is required in the expenses table to book an expense claim.,Rad {0}: {1} kreves i kostnadstabellen for å bestille et utgiftskrav.,
Set the default account for the {0} {1},Angi standardkontoen for {0} {1},
(Half Day),(Halv dag),
Income Tax Slab,Inntektsskattplate,
Row #{0}: Cannot set amount or formula for Salary Component {1} with Variable Based On Taxable Salary,Rad nr. {0}: Kan ikke angi beløp eller formel for lønnskomponent {1} med variabel basert på skattepliktig lønn,
Repay From Salary can be selected only for term loans,Tilbakebetaling fra lønn kan bare velges for løpetidslån,
Salary Component Account,Lønnstype konto,
Default Bank / Cash account will be automatically updated in Salary Journal Entry when this mode is selected.,Standard Bank / minibank konto vil bli automatisk oppdatert i Lønn bilagsregistrering når denne modusen er valgt.,
Result,Resultat,
Total Score,Total poengsum,
Joining Date,Bli med dato,
Publish on website,Publiser på nettstedet,
Application Status,søknad Status,
IN,I,
Remind Before,Påminn før,
Reminded,minnet,
Additional Salary,Ekstra lønn,
HR-ADS-.YY.-.MM.-,HR-ADS-.YY .-. MM.-,
Salary Component,Lønnstype,
Overwrite Salary Structure Amount,Overskrive lønnsstrukturbeløp,
Deduct Full Tax on Selected Payroll Date,Trekk fra for full skatt på valgt lønningsdato,
Payroll Date,Lønnsdato,
Salary Component Type,Lønn Komponenttype,
Appointment Letter,Avtalebrev,
Appointment Date,Avtaledato,
Appointment Letter Template,Avtalebrevmal,
Closing Notes,Avslutningsnotater,
Appointment Letter content,Avtalebrev innhold,
Appraisal,Appraisal,
HR-APR-.YY.-.MM.,HR-APR-.YY.-.MM.,
For Employee Name,For Employee Name,
Goals,Mål,
Total Score (Out of 5),Total poengsum (av 5),
"Any other remarks, noteworthy effort that should go in the records.","Eventuelle andre bemerkninger, bemerkelsesverdig innsats som bør gå i postene.",
Appraisal Goal,Appraisal Goal,
Key Responsibility Area,Key Ansvar Område,
Weightage (%),Weightage (%),
Score (0-5),Score (0-5),
Score Earned,Resultat tjent,
Appraisal Template Title,Appraisal Mal Tittel,
Appraisal Template Goal,Appraisal Mal Goal,
KRA,KRA,
Key Performance Area,Key Performance-området,
HR-ATT-.YYYY.-,HR-ATT-.YYYY.-,
On Leave,På ferie,
Work From Home,Jobbe hjemmefra,
Leave Application,La Application,
Attendance Date,Oppmøte Dato,
Attendance Request,Deltakelsesforespørsel,
Late Entry,Sen inngang,
Early Exit,Tidlig avkjørsel,
Half Day Date,Half Day Date,
On Duty,I tjeneste,
Explanation,Forklaring,
Compensatory Leave Request,Kompenserende permisjon,
Leave Allocation,La Allocation,
Worked On Holiday,Jobbet på ferie,
Work From Date,Arbeid fra dato,
Work End Date,Arbeid sluttdato,
Email Sent To,E-post sendt til,
Select Users,Velg Brukere,
Send Emails At,Send e-post til,
Reminder,påminnelse,
Daily Work Summary Group User,Daglig arbeidsoppsummeringsgruppebruker,
email,E-post,
Department Approver,Avdeling Godkjenning,
Approver,Godkjenner,
Designation Skill,Betegnelse ferdighet,
Skill,Ferdighet,
Leave Policy,Permisjon,
Salary Details,Lønnsdetaljer,
HR-EAD-.YYYY.-,HR-EAD-.YYYY.-,
Claimed,hevdet,
Employee Attendance Tool,Employee Oppmøte Tool,
Unmarked Attendance,Umerket Oppmøte,
Employees HTML,ansatte HTML,
Marked Attendance,merket Oppmøte,
Marked Attendance HTML,Merket Oppmøte HTML,
Employee Benefit Application,Ansattes fordel søknad,
Max Benefits (Yearly),Maksimal fordel (årlig),
Remaining Benefits (Yearly),Resterende fordeler (årlig),
Payroll Period,Lønn Periode,
Dispensed Amount (Pro-rated),Dispensed Amount (Pro-vurdert),
Employee Benefit Application Detail,Ansatte fordel søknad detalj,
Earning Component,Spare komponent,
Pay Against Benefit Claim,Betal mot fordelskrav,
Max Benefit Amount,Maksimal fordelbeløp,
Employee Benefit Claim,Ansattefordelskrav,
Claim Date,Krav på dato,
Claim Benefit For,Krav til fordel for,
Max Amount Eligible,Maks beløp berettiget,
Expense Proof,Utgiftsbevis,
Employee Boarding Activity,Ansatte ombordstigningsaktivitet,
Activity Name,Aktivitetsnavn,
Required for Employee Creation,Kreves for ansettelsesskaping,
Applicable in the case of Employee Onboarding,Gjelder i tilfelle Ansatt ombordstigning,
Employee Checkin,Ansattes checkin,
Log Type,Logg Type,
OUT,UTE,
Location / Device ID,Plassering / enhets-ID,
Skip Auto Attendance,Hopp over autodeltakelse,
Shift Start,Skift Start,
Shift End,Skiftende slutt,
Shift Actual Start,Skift faktisk start,
Shift Actual End,Skift faktisk slutt,
Default Salary Structure,Standard Lønnsstruktur,
Employee Health Insurance,Ansattes helseforsikring,
Health Insurance Name,Helseforsikringsnavn,
Employee Incentive,Ansattes incitament,
Incentive Amount,Incentivbeløp,
Employee Onboarding,Medarbeider Onboarding,
Notify users by email,Varsle brukere via e-post,
Employee Onboarding Template,Medarbeider på bordet,
Employee Other Income,Ansattes andre inntekter,
Employee Promotion,Medarbeideropplæring,
Promotion Date,Kampanjedato,
Employee Promotion Details,Oppdragsgivere,
Employee Property History,Ansattes eiendomshistorie,
Employee Separation,Ansattes separasjon,
Employee Separation Template,Medarbeider separasjonsmal,
Exit Interview Summary,Avslutt Intervju Sammendrag,
Employee Skill,Ansattes ferdighet,
Proficiency,ferdighet,
Evaluation Date,Evalueringsdato,
Employee Skill Map,Kart over ansatte ferdigheter,
Employee Skills,Ansattes ferdigheter,
Trainings,opplæring,
Employee Tax Exemption Category,Skattefritakskategori for ansatte,
Max Exemption Amount,Maksimalt unntaksbeløp,
Employee Tax Exemption Declaration,Ansvarserklæring om ansattes skattefradrag,
Declarations,erklæringer,
Total Declared Amount,Totalt erklært beløp,
Total Exemption Amount,Totalt dispensasjonsbeløp,
Employee Tax Exemption Declaration Category,Deklarasjonskategori for ansatt skattefritak,
Exemption Sub Category,Fritak underkategori,
Exemption Category,Fritakskategori,
Maximum Exempted Amount,Maksimalt unntatt beløp,
Declared Amount,Oppgitt beløp,
Employee Tax Exemption Proof Submission,Skattefrihetsbevis for arbeidstakere,
Submission Date,Innleveringsdato,
Tax Exemption Proofs,Skattefritakelsesbevis,
Total Actual Amount,Totalt faktisk beløp,
Employee Tax Exemption Proof Submission Detail,Beskjed om innlevering av ansatt skattefritak,
Maximum Exemption Amount,Maksimalt unntaksbeløp,
Type of Proof,Type bevis,
Actual Amount,Faktisk beløp,
Employee Tax Exemption Sub Category,Deltakelsesavgift for arbeidstakere,
Tax Exemption Category,Skattefritakskategori,
Employee Training,Ansattes opplæring,
Training Date,Treningsdato,
Employee Transfer,Medarbeideroverføring,
Transfer Date,Overføringsdato,
Employee Transfer Details,Overføringsdetaljer for ansatte,
Employee Transfer Detail,Ansatteoverføringsdetaljer,
Re-allocate Leaves,Tildel bladene igjen,
Create New Employee Id,Opprett nyansatt ID,
New Employee ID,Ny ansatt-ID,
HR-EXP-.YYYY.-,HR-EXP-.YYYY.-,
Expense Taxes and Charges,Utgiftsskatter og avgifter,
Total Sanctioned Amount,Total vedtatte beløp,
Total Advance Amount,Total forhåndsbeløp,
Total Claimed Amount,Total Hevdet Beløp,
Total Amount Reimbursed,Totalbeløp Refusjon,
Vehicle Log,Vehicle Log,
Employees Email Id,Ansatte Email Id,
More Details,Mer informasjon,
Expense Claim Account,Expense krav konto,
Expense Claim Advance,Kostnadskrav Advance,
Expense Claim Detail,Expense krav Detalj,
Expense Date,Expense Dato,
Expense Claim Type,Expense krav Type,
HR Settings,HR-innstillinger,
Employee Settings,Medarbeider Innstillinger,
Expense Approver Mandatory In Expense Claim,Kostnadsgodkjenning Obligatorisk Utgiftskrav,
Payroll Settings,Lønn Innstillinger,
Leave,Permisjon,
Max working hours against Timesheet,Max arbeidstid mot Timeregistrering,
Include holidays in Total no. of Working Days,Inkluder ferier i Total no. arbeidsdager,
"If checked, Total no. of Working Days will include holidays, and this will reduce the value of Salary Per Day","Hvis det er merket, Total nei. arbeidsdager vil omfatte helligdager, og dette vil redusere verdien av Lønn per dag",
"If checked, hides and disables Rounded Total field in Salary Slips","Hvis det er merket, skjuler og deaktiverer du avrundet totalfelt i lønnsslipper",
The fraction of daily wages to be paid for half-day attendance,Brøkdelen av dagslønnen som skal betales for halvdagsoppmøte,
Email Salary Slip to Employee,E-post Lønn Slip til Employee,
Emails salary slip to employee based on preferred email selected in Employee,E-poster lønn slip til ansatte basert på foretrukne e-post valgt i Employee,
Encrypt Salary Slips in Emails,Krypter lønnsslipper i e-post,
"The salary slip emailed to the employee will be password protected, the password will be generated based on the password policy.","Lønnsslippen som sendes til den ansatte vil være passordbeskyttet, passordet vil bli generert basert på passordpolitikken.",
Password Policy,Passordpolicy,
<b>Example:</b> SAL-{first_name}-{date_of_birth.year} <br>This will generate a password like SAL-Jane-1972,<b>Eksempel:</b> SAL- {first_name} - {date_of_birth.year} <br> Dette vil generere et passord som SAL-Jane-1972,
Leave Approval Notification Template,Legg igjen godkjenningsmeldingskjemaet,
Leave Status Notification Template,Meldingsmal for permisjon,
Role Allowed to Create Backdated Leave Application,Roll tillatt for å opprette backdated permisjon søknad,
Leave Approver Mandatory In Leave Application,La godkjenning være obligatorisk i permisjon,
Show Leaves Of All Department Members In Calendar,Vis blader av alle avdelingsmedlemmer i kalender,
Auto Leave Encashment,Automatisk forlate omgivelser,
Hiring Settings,Ansette innstillinger,
Check Vacancies On Job Offer Creation,Sjekk ledige stillinger ved etablering av tilbud,
Identification Document Type,Identifikasjonsdokumenttype,
Effective from,Effektiv fra,
Allow Tax Exemption,Tillat skattefritak,
"If enabled, Tax Exemption Declaration will be considered for income tax calculation.","Hvis aktivert, vil skattefritakelseserklæringen vurderes for beregning av inntektsskatt.",
Standard Tax Exemption Amount,Standard skattefritak beløp,
Taxable Salary Slabs,Skattepliktig lønnsplater,
Taxes and Charges on Income Tax,Skatter og avgifter på inntektsskatt,
Other Taxes and Charges,Andre skatter og avgifter,
Income Tax Slab Other Charges,Inntektsskattplate Andre avgifter,
Min Taxable Income,Min skattepliktig inntekt,
Max Taxable Income,Maks skattepliktig inntekt,
Applicant for a Job,Kandidat til en jobb,
Job Opening,Job Opening,
Cover Letter,Cover Letter,
Resume Attachment,Fortsett Vedlegg,
Job Applicant Source,Jobbsøkerkilde,
Applicant Email Address,Søkers e-postadresse,
Awaiting Response,Venter på svar,
Job Offer Terms,Jobbtilbudsbetingelser,
Select Terms and Conditions,Velg Vilkår,
Job Offer Term,Jobbtilbudsperiode,
Offer Term,Tilbudet Term,
Value / Description,Verdi / beskrivelse,
Description of a Job Opening,Beskrivelse av en ledig jobb,
Staffing Plan,Bemanning Plan,
Planned number of Positions,Planlagt antall posisjoner,
"Job profile, qualifications required etc.","Jobb profil, kvalifikasjoner som kreves etc.",
HR-LAL-.YYYY.-,HR-LAL-.YYYY.-,
New Leaves Allocated,Nye Leaves Avsatt,
Add unused leaves from previous allocations,Legg ubrukte blader fra tidligere bevilgninger,
Unused leaves,Ubrukte blader,
Total Leaves Allocated,Totalt Leaves Avsatt,
Total Leaves Encashed,Samlede blader innhyllet,
Leave Period,Permisjonstid,
Carry Forwarded Leaves,Carry Videresendte Løv,
Apply / Approve Leaves,Påfør / Godkjenn Løv,
HR-LAP-.YYYY.-,HR-LAP-.YYYY.-,
Leave Balance Before Application,La Balance Før Application,
Total Leave Days,Totalt La Days,
Leave Approver Name,La Godkjenner Name,
Follow via Email,Følg via e-post,
Block Holidays on important days.,Block Ferie på viktige dager.,
Leave Block List Name,La Block List Name,
Applies to Company,Gjelder Selskapet,
"If not checked, the list will have to be added to each Department where it has to be applied.","Hvis ikke sjekket, vil listen må legges til hver avdeling hvor det må brukes.",
Block Days,Block Days,
Stop users from making Leave Applications on following days.,Stoppe brukere fra å gjøre La Applications på følgende dager.,
Leave Block List Dates,La Block List Datoer,
Allow Users,Gi brukere,
Allow the following users to approve Leave Applications for block days.,Tillat følgende brukere å godkjenne La Applications for blokk dager.,
Leave Block List Allowed,La Block List tillatt,
Leave Block List Allow,La Block List Tillat,
Allow User,Tillat User,
Leave Block List Date,La Block List Dato,
Block Date,Block Dato,
Leave Control Panel,La Kontrollpanel,
Employment Type (optional),Sysselsettingstype (valgfritt),
Branch (optional),Gren (valgfritt),
Department (optional),Avdeling (valgfritt),
Designation (optional),Betegnelse (valgfritt),
Employee Grade (optional),Ansattkarakter (valgfritt),
Employee (optional),Ansatt (valgfritt),
Allocate Leaves,Tildel blader,
Carry Forward,Fremføring,
Please select Carry Forward if you also want to include previous fiscal year's balance leaves to this fiscal year,Vennligst velg bære frem hvis du også vil ha med forrige regnskapsår balanse later til dette regnskapsåret,
New Leaves Allocated (In Days),Nye Løv Tildelte (i dager),
Leave Balance,Forlat balanse,
Encashable days,Klembare dager,
Encashment Amount,Encashment Amount,
Leave Ledger Entry,La Ledger Entry,
Transaction Name,Transaksjonsnavn,
Is Carry Forward,Er fremføring,
Is Expired,Er utgått,
Is Leave Without Pay,Er permisjon uten Pay,
Holiday List for Optional Leave,Ferieliste for valgfritt permisjon,
Leave Allocations,Forlate allokeringer,
Leave Policy Details,Legg til policyinformasjon,
Leave Policy Detail,Forlat politikkdetaljer,
Annual Allocation,Årlig allokering,
Leave Type Name,La Type Navn,
Applicable After (Working Days),Gjelder etter (arbeidsdager),
Is Optional Leave,Er valgfritt permisjon,
Allow Negative Balance,Tillat negativ saldo,
Include holidays within leaves as leaves,Inkluder hellig innen blader som løv,
Is Compensatory,Er kompenserende,
Maximum Carry Forwarded Leaves,Maksimum bære fremoverblader,
Expire Carry Forwarded Leaves (Days),Utløp bære videresend blad (dager),
Calculated in days,Beregnet i dager,
Encashment,encashment,
Allow Encashment,Tillat Encashment,
Encashment Threshold Days,Encashment Threshold Days,
Earned Leave,Opptjent permisjon,
Is Earned Leave,Er opptjent permisjon,
Earned Leave Frequency,Opptjent permisjon,
Rounding,avrunding,
Payroll Employee Detail,Lønnspersonelldetaljer,
Payroll Frequency,lønn Frequency,
Fortnightly,hver fjortende dag,
Bimonthly,annenhver måned,
Employees,medarbeidere,
Number Of Employees,Antall ansatte,
Employee Details,Ansattes detaljer,
Validate Attendance,Bekreft tilstedeværelse,
Salary Slip Based on Timesheet,Lønn Slip Basert på Timeregistrering,
Deduct Tax For Unclaimed Employee Benefits,Fradragsskatt for uopptjente ansattes fordeler,
Deduct Tax For Unsubmitted Tax Exemption Proof,Fradragsskatt for ikke-innvilget skattefrihetsbevis,
Select Payment Account to make Bank Entry,Velg betalingskonto å lage Bank Entry,
Salary Slips Created,Lønnslister opprettet,
Salary Slips Submitted,Lønnsslipp legges inn,
Payroll Periods,Lønn Perioder,
Payroll Period Date,Lønn Periode Dato,
Purpose of Travel,Hensikt med reisen,
Retention Bonus,Retensjonsbonus,
Bonus Payment Date,Bonus Betalingsdato,
Bonus Amount,Bonusbeløp,
Depends on Payment Days,Avhenger av betalingsdager,
Is Tax Applicable,Er skatt gjeldende,
Variable Based On Taxable Salary,Variabel basert på skattepliktig lønn,
Exempted from Income Tax,Unntatt fra inntektsskatt,
Round to the Nearest Integer,Rund til nærmeste heltall,
Statistical Component,Statistisk komponent,
"If selected, the value specified or calculated in this component will not contribute to the earnings or deductions. However, it's value can be referenced by other components that can be added or deducted. ","Hvis valgt, vil verdien som er spesifisert eller beregnet i denne komponenten, ikke bidra til inntektene eller fradragene. Men det er verdien som kan refereres av andre komponenter som kan legges til eller trekkes fra.",
Do Not Include in Total,Ikke inkluder totalt,
Flexible Benefits,Fleksible fordeler,
Is Flexible Benefit,Er fleksibel fordel,
Max Benefit Amount (Yearly),Maksimal fordelbeløp (Årlig),
Only Tax Impact (Cannot Claim But Part of Taxable Income),Kun skattepåvirkning (kan ikke kreve men en del av skattepliktig inntekt),
Create Separate Payment Entry Against Benefit Claim,Opprett separat betalingsoppføring mot fordringsfordring,
Amount based on formula,Beløp basert på formelen,
Formula,Formel,
Salary Detail,lønn Detalj,
Component,Komponent,
Do not include in total,Ikke inkluder i alt,
Default Amount,Standard Beløp,
Additional Amount,Tilleggsbeløp,
Tax on flexible benefit,Skatt på fleksibel fordel,
Tax on additional salary,Skatt på ekstra lønn,
Salary Structure,Lønn Struktur,
Working Days,Arbeidsdager,
Salary Slip Timesheet,Lønn Slip Timeregistrering,
Earnings,Inntjeningen,
Deductions,Fradrag,
Total in words,Totalt i ord,
Salary Component for timesheet based payroll.,Lønn Component for timebasert lønn.,
Leave Encashment Amount Per Day,Forlat innkjøpsbeløp per dag,
Max Benefits (Amount),Maksimal fordel (beløp),
Salary breakup based on Earning and Deduction.,Lønn breakup basert på opptjening og fradrag.,
Total Earning,Total Tjene,
Salary Structure Assignment,Lønnsstrukturoppgave,
Shift Assignment,Shift-oppgave,
Shift Type,Shift Type,
Shift Request,Skiftforespørsel,
Enable Auto Attendance,Aktiver automatisk deltakelse,
Mark attendance based on 'Employee Checkin' for Employees assigned to this shift.,Merk oppmøte basert på &#39;Ansattes checkin&#39; for ansatte som er tildelt dette skiftet.,
Auto Attendance Settings,Innstillinger for automatisk deltagelse,
Determine Check-in and Check-out,Bestem innsjekking og utsjekking,
Alternating entries as IN and OUT during the same shift,Vekslende oppføringer som IN og UT under samme skift,
Strictly based on Log Type in Employee Checkin,Strengt tatt basert på Logg inn ansattes checkin,
Working Hours Calculation Based On,Beregning av arbeidstider basert på,
First Check-in and Last Check-out,Første innsjekking og siste utsjekking,
Every Valid Check-in and Check-out,Hver gyldig innsjekking og utsjekking,
Begin check-in before shift start time (in minutes),Begynn innsjekking før skiftets starttid (i minutter),
The time before the shift start time during which Employee Check-in is considered for attendance.,Tiden før skiftets starttidspunkt hvor ansattes innsjekking vurderes for oppmøte.,
Allow check-out after shift end time (in minutes),Tillat utsjekking etter endt skift (i minutter),
Time after the end of shift during which check-out is considered for attendance.,Tid etter endt skifte hvor utsjekking vurderes for oppmøte.,
Working Hours Threshold for Half Day,Arbeidstidsgrense for halv dag,
Working hours below which Half Day is marked. (Zero to disable),Arbeidstid under som Half Day er markert. (Null å deaktivere),
Working Hours Threshold for Absent,Arbeidstidsgrense for fraværende,
Working hours below which Absent is marked. (Zero to disable),Arbeidstid under som Fravær er merket. (Null å deaktivere),
Process Attendance After,Prosessoppmøte etter,
Attendance will be marked automatically only after this date.,Oppmøte markeres automatisk først etter denne datoen.,
Last Sync of Checkin,Siste synkronisering av Checkin,
Last Known Successful Sync of Employee Checkin. Reset this only if you are sure that all Logs are synced from all the locations. Please don't modify this if you are unsure.,Sist kjent vellykket synkronisering av ansattes checkin. Tilbakestill dette bare hvis du er sikker på at alle loggene er synkronisert fra alle stedene. Ikke endre dette hvis du er usikker.,
Grace Period Settings For Auto Attendance,Nådeperiodeinnstillinger for automatisk oppmøte,
Enable Entry Grace Period,Aktiver inngangsperiode,
Late Entry Grace Period,Sen inngangsperiode,
The time after the shift start time when check-in is considered as late (in minutes).,Tiden etter skiftets starttidspunkt når innsjekking anses som sent (i minutter).,
Enable Exit Grace Period,Aktiver avsluttingsperiode,
Early Exit Grace Period,Tidlig utgangsperiode,
The time before the shift end time when check-out is considered as early (in minutes).,Tiden før skiftets sluttid når utsjekking anses som tidlig (i minutter).,
Skill Name,Ferdighetsnavn,
Staffing Plan Detail,Bemanning Plan detalj,
Total Estimated Budget,Totalt estimert budsjett,
Vacancies,Ledige stillinger,
Estimated Cost Per Position,Anslått kostnad per posisjon,
Total Estimated Cost,Totalt estimert kostnad,
Current Count,Nåværende tall,
Current Openings,Nåværende åpninger,
Number Of Positions,Antall posisjoner,
Taxable Salary Slab,Skattepliktig lønnslab,
From Amount,Fra beløp,
To Amount,Til beløp,
Percent Deduction,Prosent avdrag,
Training Program,Treningsprogram,
Event Status,Hendelses Status,
Has Certificate,Har sertifikat,
Seminar,Seminar,
Theory,Teori,
Workshop,Verksted,
Conference,Konferanse,
Exam,Eksamen,
Internet,Internett,
Self-Study,Selvstudium,
Advance,Avansere,
Trainer Name,trener Name,
Trainer Email,trener E-post,
Attendees,Deltakere,
Employee Emails,Medarbeider e-post,
Training Event Employee,Trening Hendelses Employee,
Invited,invitert,
Feedback Submitted,Tilbakemelding Sendt inn,
Training Result Employee,Trening Resultat Medarbeider,
Travel Itinerary,Reiseplan,
Travel From,Reise fra,
Travel To,Reise til,
Mode of Travel,Reisemåte,
Flight,Flygning,
Train,Tog,
Taxi,Taxi,
Rented Car,Lei bil,
Meal Preference,Måltidsperspektiv,
Vegetarian,Vegetarisk,
Non-Vegetarian,Ikke-Vegetarisk,
Gluten Free,Glutenfri,
Non Diary,Ikke-dagbok,
Travel Advance Required,Krav på reisefordeling,
Departure Datetime,Avreise Datetime,
Arrival Datetime,Ankomst Datetime,
Lodging Required,Overnatting påkrevd,
Preferred Area for Lodging,Foretrukket område for innkvartering,
Check-in Date,Ankomstdato,
Check-out Date,Utsjekkingsdato,
Travel Request,Reiseforespørsel,
Travel Type,Reisetype,
Domestic,Innenlands,
International,Internasjonal,
Travel Funding,Reisefinansiering,
Require Full Funding,Krev full finansiering,
Fully Sponsored,Fullt sponset,
"Partially Sponsored, Require Partial Funding","Delvis sponset, krever delvis finansiering",
Copy of Invitation/Announcement,Kopi av invitasjon / kunngjøring,
"Details of Sponsor (Name, Location)","Detaljer om Sponsor (Navn, Sted)",
Identification Document Number,Identifikasjonsdokumentnummer,
Any other details,Eventuelle andre detaljer,
Costing Details,Kostnadsdetaljer,
Event Details,Eventdetaljer,
Name of Organizer,Navn på arrangør,
Address of Organizer,Adresse til arrangør,
Travel Request Costing,Reiseforespørsel Kostnad,
Expense Type,Utgiftstype,
Sponsored Amount,Sponset beløp,
Funded Amount,Finansiert beløp,
Upload Attendance,Last opp Oppmøte,
Attendance From Date,Oppmøte Fra dato,
Attendance To Date,Oppmøte To Date,
Get Template,Få Mal,
Import Attendance,Import Oppmøte,
Upload HTML,Last opp HTML,
HR-VLOG-.YYYY.-,HR-vlog-.YYYY.-,
Odometer Reading,Kilometerteller Reading,
Current Odometer value ,Gjeldende kilometertellerverdi,
Refuelling Details,Fylle drivstoff Detaljer,
Invoice Ref,faktura~~POS=TRUNC Ref,
Service Details,Servicedetaljer,
Vehicle Service,Vehicle service,
Service Item,tjenesten Element,
Brake Oil,bremse~~POS=TRUNC Oil,
Brake Pad,Bremsekloss,
Clutch Plate,clutch Plate,
Engine Oil,Motorolje,
Oil Change,Oljeskift,
Inspection,Undersøkelse,
Mileage,Kilometer,
Salary Slip Loan,Lønnsslipplån,
Loan Repayment Entry,Innbetaling av lånebetaling,
May,Kan,
June,juni,
July,juli,
Bank Remittance,Bankoverføring,
Daily Work Summary Replies,Daglig arbeidssammendrag Svar,
Employee Advance Summary,Ansattsperspektiv,
Employees working on a holiday,Arbeidstakere som arbeider på ferie,
Monthly Attendance Sheet,Månedlig Oppmøte Sheet,
Salary Register,lønn Register,
Unpaid Expense Claim,Ubetalte Expense krav,
Payment Account is mandatory,Betalingskonto er obligatorisk,
"If checked, the full amount will be deducted from taxable income before calculating income tax without any declaration or proof submission.","Hvis det er merket av, vil hele beløpet bli trukket fra skattepliktig inntekt før beregning av inntektsskatt uten erklæring eller bevis.",
In Time,I tide,
Out Time,Utetid,
Is Recurring,Er tilbakevendende,
HRA Exemption,HRA Unntak,
Monthly House Rent,Månedlig husleie,
Rented in Metro City,Leies i Metro City,
HRA as per Salary Structure,HRA i henhold til lønnsstruktur,
Annual HRA Exemption,Årlig HRA-fritak,
Monthly HRA Exemption,Månedlig HRA-fritak,
House Rent Payment Amount,Husleie Betalingsbeløp,
Rented From Date,Leid fra dato,
Rented To Date,Leid til dags dato,
Monthly Eligible Amount,Månedlig kvalifisert beløp,
Total Eligible HRA Exemption,Totalt kvalifisert HRA-fritak,
Validating Employee Attendance...,Validere medarbeidermøte ...,
Submitting Salary Slips and creating Journal Entry...,Sende lønnsslipp og opprette journaloppføring ...,
Calculate Payroll Working Days Based On,Beregn lønnsarbeidsdager basert på,
Consider Unmarked Attendance As,Vurder umerket oppmøte som,
Fraction of Daily Salary for Half Day,Brøkdel av daglig lønn for en halv dag,
Component Type,Komponenttype,
Provident Fund,Forsikringsfond,
Additional Provident Fund,Tilleggsforsikringsfond,
Provident Fund Loan,Forsikringsfondslån,
Professional Tax,Profesjonell skatt,
Is Income Tax Component,Er inntektsskattkomponent,
Component properties and references ,Komponentegenskaper og referanser,
Additional Salary ,Tilleggslønn,
Unmarked days,Umerkede dager,
Absent Days,Fraværende dager,
Conditions and Formula variable and example,Betingelser og formelvariabel og eksempel,
Income Tax Deductions,Inntektsskatt fradrag,
Income Tax Component,Inntektsskattkomponent,
Income Tax Amount,Inntektsskatt beløp,
Unmarked Days,Umerkede dager,
Jan,Jan.,
Feb,Feb,
Mar,Mar,
Apr,Apr,
Aug,Aug,
Sep,Sep,
Oct,Okt,
Nov,Nov,
Dec,Des,
Summarized View,Oppsummert utsikt,
Professional Tax Deductions,Profesjonelle skattefradrag,
Provident Fund Deductions,Forsikringsfondets fradrag,
Recruitment Analytics,Rekrutteringsanalyse,
Applicant name,Søkerens navn,
Job Offer status,Jobbtilbudsstatus,
On Date,På date,
Salary Payments Based On Payment Mode,Lønnsbetalinger basert på betalingsmodus,
Salary Payments via ECS,Lønnsbetalinger via ECS,
Account No,Kontonr,
IFSC,IFSC,
MICR,MICR,
PF Account,PF-konto,
PF Amount,PF-beløp,
Additional PF,Ytterligere PF,
PF Loan,PF-lån,
Duplicate Entry,Dupliser oppføring,
Please select Employee first.,Velg medarbeider først.,
To Date should be greater than From Date,Til dato bør være større enn fra dato,
Job Offer: {0} is already for Job Applicant: {1},Jobbtilbud: {0} er allerede for jobbsøker: {1},
Only Shift Request with status 'Approved' and 'Rejected' can be submitted,Bare skiftforespørsel med status &#39;Godkjent&#39; og &#39;Avvist&#39; kan sendes inn,
Shift Assignment: {0} created for Employee: {1},Skiftoppgave: {0} opprettet for ansatt: {1},
You can not request for your Default Shift: {0},Du kan ikke be om standardskiftet: {0},
Only Approvers can Approve this Request.,Bare godkjente kan godkjenne denne forespørselen.,
Please set Payroll based on in Payroll settings,Angi lønn basert på i lønnsinnstillinger,
Additional Salary: {0} already exist for Salary Component: {1} for period {2} and {3},Tilleggslønn: {0} eksisterer allerede for lønnskomponent: {1} for perioden {2} og {3},
Payroll date can not be less than employee's joining date.,Lønnsdato kan ikke være mindre enn ansattes tilmeldingsdato.,
From date can not be less than employee's joining date.,Fra dato kan ikke være mindre enn ansattes tilmeldingsdato.,
To date can not be greater than employee's relieving date.,Til dags dato kan ikke være større enn ansattes avlastningsdato.,
Payroll date can not be greater than employee's relieving date.,Lønningsdato kan ikke være større enn ansattes avlastningsdato.,
Condition and formula,Tilstand og formel,
Available Leaves,Tilgjengelige blader,
IFSC Code,IFSC-kode,
Others,Annet,
Total Allocated Leaves,Totalt tildelte blad,
Used Leaves,Brukte blad,
PAN Number,PAN-nummer,
Expired Leaves,Utløpte blader,
