) for {0},) {0},
A {0} exists between {1} and {2} (,{1} සහ {2} අතර {0} අතර {,
Absent,නැති කල,
Accrual Journal Entry for salaries from {0} to {1},උපචිත සඟරාව {0} සිට {1},
Add to Details,විස්තර සඳහා එකතු කරන්න,
Added to details,විස්තර වලට එකතු කරන ලදි,
All Jobs,සියලු රැකියා,
Allocated Leaves,වෙන් කළ කොළ,
Annual Salary,වාර්ෂික වැටුප,
Application period cannot be across two allocation records,අයදුම්පත්ර කාලය වෙන් කළ ලේඛන දෙකක් අතර විය නොහැක,
Application period cannot be outside leave allocation period,අයදුම් කාලය පිටත නිවාඩු වෙන් කාලය විය නොහැකි,
Apply Now,දැන් ඉල්ලුම් කරන්න,
Apprentice,ආධුනිකත්ව,
Approval Status,පතේ තත්වය,
Approval Status must be 'Approved' or 'Rejected',අනුමැතිය තත්ත්වය &#39;අනුමත&#39; කළ යුතුය හෝ &#39;ප්රතික්ෂේප&#39;,
As per your assigned Salary Structure you cannot apply for benefits,ඔබ ලබා දුන් වැටුප් ව්යුහය අනුව ඔබට ප්රතිලාභ සඳහා අයදුම් කළ නොහැකිය,
Assign,අනුයුක්ත,
Assign Salary Structure,වැටුප් ව්යුහය පැවරීම,
Assign to Employees,සේවකයින්ට පැවරීම,
Assigning Structures...,ව්යුහයන් පැවරීම ...,
Attendance,පැමිණීම,
Attendance From Date and Attendance To Date is mandatory,දිනය සඳහා දිනය හා පැමිණීමේ සිට පැමිණීම අනිවාර්ය වේ,
Attendance for employee {0} is already marked for this day,සේවකයා සඳහා සහභාගි {0} දැනටමත් මේ දවස ලෙස ලකුණු කර ඇත,
Attendance not submitted for {0} as it is a Holiday.,{0} නිවාඩු නිකේතනයක් ලෙස නොපැමිණීම.,
Bank Entries,බැංකු අයැදුම්පත්,
Base,පදනම,
Beginner,ආධුනිකයා,
Birthday Reminder,උපන් දින සිහිපත් කිරීම,
Bonus Payment Date cannot be a past date,Bonus Payment Date අතීත දිනය නොවේ,
Calls,ඇමතුම්,
Cannot find active Leave Period,ක්රියාකාරී නිවාඩු කාලයක් සොයා ගත නොහැක,
Casual Leave,අනියම් නිවාඩු,
Claimed Amount,හිමිකම් ලද මුදල,
Compensatory Off,Off වන්දි,
Contact Number,ඇමතුම් අංකය,
Course,පාඨමාලාව,
Create Disbursement Entry,විසර්ජන ප්‍රවේශය සාදන්න,
Create Salary Slip,වැටුප පුරවා නිර්මාණය,
Create Salary Slips,වැටුප් ලම්ප් නිර්මාණය කරන්න,
Creating Payment Entries......,ගෙවීම් සටහන් කිරීම ...,
Creating Salary Slips...,වැටුප් වර්ධක නිර්මාණය කිරීම ...,
Current,දැනට,
Current Job Openings,වත්මන් රැකියා අවස්ථා,
Daily Work Summary,ඩේලි වැඩ සාරාංශය,
Daily Work Summary Group,දෛනික වැඩ සාරාංශය සමූහය,
Date is repeated,දිනය නැවත නැවත,
Debit A/C Number,හර A / C අංකය,
Deduction,අඩු කිරීම්,
Document Status,ලේඛන තත්ත්වය,
Earning,උපයන,
Employee A/C Number,සේවක A / C අංකය,
Employee Benefits,සේවක ප්රතිලාභ,
Employee Grade,සේවක ශ්රේණිය,
Employee Referral,සේවක යොමුකිරීම,
Employee relieved on {0} must be set as 'Left',{0} &#39;වමේ&#39; ලෙස සකස් කළ යුතු ය මත මුදා සේවක,
Employee {0} already submited an apllication {1} for the payroll period {2},සේවක {0} දැනටමත් පඩි නඩි කාලය සඳහා අයදුම් කිරීම {1} {2},
Employee {0} has no maximum benefit amount,සේවක {0} උපරිම ප්රතිලාභයක් නොමැත,
Employee {0} is not active or does not exist,සේවක {0} සක්රීය නොවන නැත්නම් ස්ථානීකව නොපවතියි,
Employee {0} is on Leave on {1},සේවකයා {0} මත {1},
Employee {0} on Half day on {1},{1} මත සේවක {0} අඩක් දින,
End time cannot be before start time,ආරම්භක වේලාව ආරම්භක වේලාවට පෙර විය නොහැක,
Evaluation,ඇගයීම,
Event Location,සිද්ධි ස්ථානය,
Event Name,අවස්ථාවට නම,
Expense Claim for Vehicle Log {0},වාහන ඇතුළුවන්න {0} සඳහා වියදම් හිමිකම්,
Expense Claim {0} already exists for the Vehicle Log,වියදම් හිමිකම් {0} දැනටමත් වාහන ඇතුළුවන්න සඳහා පවතී,
Fill the form and save it,පෝරමය පුරවා එය රැක,
Filter Employees By (Optional),සේවකයින් පෙරීම (විකල්ප),
Fiscal Year {0} not found,මුදල් වර්ෂය {0} සොයාගත නොහැකි,
Food,ආහාර,
For Employee,සේවක සඳහා,
From Date {0} cannot be after employee's relieving Date {1},දිනයෙන් {0} සේවකයාගේ දිනයෙන් පසුව {1},
From Date {0} cannot be before employee's joining Date {1},සේවකයාගේ දිනයකට පෙර දිනය {0} සිට දිනට {1},
From date can not be less than employee's joining date,සේවකයාගේ පැමිණීමේ දිනට වඩා දිනෙන් දින අඩු විය නොහැක,
Fuel Price,ඉන්ධන මිල,
Fuel Qty,ඉන්ධන යවන ලද,
Full-time,පූර්ණ කාලීන,
Future dates not allowed,ඉදිරි දිනය තහනම් කර ඇත,
Get Details From Declaration,ප්රකාශයෙන් විස්තර ලබා ගන්න,
Get Employees,සේවකයින් ලබා ගන්න,
Gross Pay,දළ වැටුප්,
Guest,අමුත්තන්ගේ,
Half Day,අර්ධ දින,
Half Day Date is mandatory,අර්ධ දින දිනය අනිවාර්ය වේ,
Half Day Date should be between From Date and To Date,අර්ධ දින දිනය දිනය සිට මේ දක්වා අතර විය යුතුය,
Half Day Date should be in between Work From Date and Work End Date,අර්ධ දින දිනය දිනය හා වැඩ අවසන් දිනය අතර වැඩ අතර විය යුතුය,
Half day date should be in between from date and to date,අර්ධ දින දින සිට දින සිට අද දක්වා කාලය අතර විය යුතුය,
Hello,හෙලෝ,
House rent paid days overlapping with {0},ගෙවල් කුලී ගෙවීම් දින {0},
House rented dates required for exemption calculation,නිදහස් කිරීම් ගණනය කිරීම සඳහා අවශ්ය දිනයන් කුලියට,
House rented dates should be atleast 15 days apart,ගෙවල් කුලී පදනම දින 15 ක් වෙන්ව තිබිය යුතුය,
Interest Amount,පොලී මුදල,
Intern,ආධුනිකයා,
Job Description,රැකියා විස්තරය,
Job Offer,රැකියා අවස්ථාව,
Jobs,රැකියා,
Leave Approval Notification,අනුමැතිය අනුමැතිය දැනුම්දීම,
Leave Blocked,අවසරය ඇහිරීම,
Leave Encashment,හැකි ඥාතීන් නොවන තබන්න,
Leave Status Notification,තත්ත්වය දැනුම්දීම,
Leave Type,වර්ගය තබන්න,
Leave Type is madatory,නිවාඩු වර්ගය සාරවත් වේ,
Leave Type {0} cannot be allocated since it is leave without pay,"අවසරය, වර්ගය {0} එය වැටුප් නැතිව යන්න නිසා වෙන් කළ නොහැකි",
Leave Type {0} cannot be carry-forwarded,"වර්ගය අවසරය, {0} ගෙන-ඉදිරිපත් කළ නොහැකි",
Leave Type {0} is not encashable,Leave වර්ගය {0} පිටපත් කළ නොහැක,
Leave Without Pay,වැටුප් නැතිව තබන්න,
"Leave cannot be allocated before {0}, as leave balance has already been carry-forwarded in the future leave allocation record {1}","නිවාඩු ඉතිරි දැනටමත් අනාගත නිවාඩු වෙන් වාර්තා {1} තුළ රැගෙන යන ඉදිරිපත් කර ඇති පරිදි අවසරය, {0} පෙර වෙන් කළ නොහැකි",
"Leave cannot be applied/cancelled before {0}, as leave balance has already been carry-forwarded in the future leave allocation record {1}","නිවාඩු ඉතිරි දැනටමත් අනාගත නිවාඩු වෙන් වාර්තා {1} තුළ රැගෙන යන ඉදිරිපත් කර ඇති පරිදි, {0} පෙර අවලංගු / Leave යෙදිය නොහැකි",
Leave of type {0} cannot be longer than {1},"වර්ගයේ අවසරය, {0} තවදුරටත් {1} වඩා කෙටි විය හැකි",
Leaves,කොළ,
Leaves Allocated Successfully for {0},{0} සඳහා සාර්ථකව වෙන් කොළ,
Leaves per Year,වසරකට කොළ,
Lifecycle,ජීවන චක්රය,
Mark Attendance,මාක් පැමිණීම,
Max Exemption Amount cannot be greater than maximum exemption amount {0} of Tax Exemption Category {1},උපරිම බදු නිදහස් කිරිමේ ප්රමාණය උපරිම නිදහස් බදු ප්රමාණයට වඩා වැඩි විය නොහැක {0} බදු නිදහස් කිරීමේ කාණ්ඩයේ {1},
Max benefits should be greater than zero to dispense benefits,Max ප්රතිලාභ ශුන්යයට වඩා වැඩි විය යුතුය,
Maximum amount eligible for the component {0} exceeds {1},{0 the සංරචකය සඳහා සුදුසුකම් ලබන උපරිම මුදල {1 ඉක්මවයි,
Maximum benefit amount of component {0} exceeds {1},{0} සංරචකයේ උපරිම ප්රතිලාභ ප්රමාණය {1} ඉක්මවයි.,
Maximum benefit amount of employee {0} exceeds {1},සේවකයාගේ උපරිම ප්රතිලාභය {0} ඉක්මවයි {1},
Maximum leave allowed in the leave type {0} is {1},නිවාඩු වර්ගයේ අවසර දී ඇති උපරිම නිවාඩු {0} යනු {1},
Medical,වෛද්ය,
Mode of payment is required to make a payment,ගෙවීම් ක්රමය ගෙවීම් කිරීමට අවශ්ය වේ,
More than one selection for {0} not allowed,{0} සඳහා එක් තේරීමක් සඳහා අවසර නැත,
Net Pay,ශුද්ධ වැටුප්,
Net Pay cannot be less than 0,"ශුද්ධ වැටුප්, 0 ට වඩා අඩු විය නොහැක",
Net Salary Amount,ශුද්ධ වැටුප් මුදල,
Net pay cannot be negative,ශුද්ධ වැටුප් සෘණ විය නොහැකි,
No Employee Found,සේවකයකු සොයාගත නොහැකි විය,
No Salary Structure assigned for Employee {0} on given date {1},යෝජිත දිනයක {0} සේවක සේවිකාවන් සඳහා වන වැටුප් ව්යුහය නොමැත {1},
No Staffing Plans found for this Designation,මෙම තනතුර සඳහා සම්බද්ධ කාර්ය මණ්ඩලයක් නොමැත,
No active or default Salary Structure found for employee {0} for the given dates,ලබා දී දින සඳහා සේවක {0} සඳහා සොයා ගත නොහැකි විය සකිය ෙහෝ පෙරනිමි වැටුප් ව්යුහය,
No more updates,තවත් යාවත්කාලීන,
No replies from,පිළිතුරු ලබා නැත,
No salary slip found to submit for the above selected criteria OR salary slip already submitted,ඉහත තෝරාගත් නිර්ණායකයන් සඳහා ඉදිරිපත් කළ වැටුප ස්ලැබ් හෝ දැනටමත් ඉදිරිපත් කර ඇති වැටුප් ස්ලිප්,
Nothing to change,වෙනස් කිරීමට කිසිවක් නැත,
Notice Period,දැනුම්දීමේ කාල පරිච්ඡේදය,
Only Leave Applications with status 'Approved' and 'Rejected' can be submitted,&#39;අනුමත&#39; සහ &#39;ප්රතික්ෂේප&#39; ඉදිරිපත් කළ හැකි එකම තත්ත්වය සහිත යෙදුම් තබන්න,
Optional Holiday List not set for leave period {0},නිවාඩුවක් සඳහා විකල්ප නිවාඩු දිනයන් නොමැත {0},
Part-time,අර්ධ කාලීන,
Password policy for Salary Slips is not set,වැටුප් ස්ලිප් සඳහා මුරපද ප්‍රතිපත්තිය සකසා නොමැත,
Payment Days,ගෙවීම් දින,
Payment of {0} from {1} to {2},{0} සිට {1} දක්වා {2},
Payroll,වැටුප්,
Payroll Number,වැටුප් අංකය,
Piecework,Piecework,
Please add the remaining benefits {0} to any of the existing component,කරුණාකර දැනට ඇති සංරචකය සඳහා ඉතිරි ප්රතිලාභ {0} එකතු කරන්න,
Please confirm once you have completed your training,ඔබ ඔබේ පුහුණුව අවසන් කළ පසු තහවුරු කරන්න,
Please enable default incoming account before creating Daily Work Summary Group,දෛනික වැඩ සාරාංශය සමූහය සෑදීමට පෙර පෙරනිමි පිවිසුම් ගිණුම සක්රිය කරන්න,
Please select Company and Designation,කරුණාකර සමාගම සහ තනතුර තෝරන්න,
Please select Employee,කරුණාකර සේවකයා තෝරන්න,
Please select a csv file,කරුණාකර CSV ගොනුවක් තෝරා,
Please set default template for Leave Approval Notification in HR Settings.,කරුණාකර HR සැකසීම් වල අවසර පත්ර අනුමත කිරීම සඳහා කරුණාකර පෙරනිමි සැකිල්ල සකස් කරන්න.,
Please set default template for Leave Status Notification in HR Settings.,"කරුණාකර HR සැකසීම් තුළ, Leave Status Notification සඳහා ප්රකෘති ආකෘතිය සකසන්න.",
Please set the Company,සමාගම සකස් කරන්න,
Please set the Date Of Joining for employee {0},සේවක {0} සඳහා එක්වීමට දිනය සකස් කරන්න,
Please share your feedback to the training by clicking on 'Training Feedback' and then 'New',"පුහුණුවීම් සඳහා ක්ලික් කිරීමෙන් ඔබේ ප්රතිපෝෂණය බෙදාගන්න, පසුව &#39;නව&#39;",
Please update your status for this training event,මෙම පුහුණු වැඩසටහන සඳහා ඔබගේ තත්ත්වය යාවත්කාලීන කරන්න,
Present,වර්තමාන,
Preview Salary Slip,පෙරදසුන වැටුප කුවිතාන්සියක්,
Privilege Leave,වරප්රසාද සහිත,
Probation,පරිවාස,
Probationary Period,පරිවාස කාලය,
Property,දේපල,
Property already added,දේපල දැනටමත් එකතු කර ඇත,
Replies,පිළිතුරු,
Responsibilities,වගකීම්,
Role,කාර්යභාරය,
Row {0}# Allocated amount {1} cannot be greater than unclaimed amount {2},පේළිය {0} # වෙන් කළ ප්රමාණය {1} නොලැබූ මුදලට වඩා විශාල විය නොහැක {2},
Row {0}# Paid Amount cannot be greater than requested advance amount,පේළිය {0} # ගෙවූ මුදල ඉල්ලනු ලබන අත්තිකාරම් ප්රමානයට වඩා වැඩි විය නොහැක,
Salary Slip ID,වැටුප් පුරවා හැඳුනුම්පත,
Salary Slip of employee {0} already created for this period,සේවක වැටුප් පුරවා {0} දැනටමත් මෙම කාල සීමාව සඳහා නිර්මාණය,
Salary Slip of employee {0} already created for time sheet {1},සේවක වැටුප් පුරවා {0} දැනටමත් කාල පත්රය {1} සඳහා නිර්මාණය,
Salary Structure Assignment for Employee already exists,සේවකයා සඳහා වැටුප් ව්‍යුහය පැවරීම දැනටමත් පවතී,
Salary Structure Missing,වැටුප් ව්යුහය අතුරුදන්,
Salary Structure not found for employee {0} and date {1},සේවකයාගේ වැටුප {0} සහ දිනය {1},
Salary Structure should have flexible benefit component(s) to dispense benefit amount,වැටුප් ව්යුහය සඳහා ප්රතිලාභ මුදල් ලබා දීම සඳහා නම්යශීලී ප්රතිලාභ (Components) විය යුතුය,
"Salary already processed for period between {0} and {1}, Leave application period cannot be between this date range.","වැටුප් දැනටමත් {0} අතර කාල සීමාව සඳහා සකස් සහ {1}, අයදුම්පත් කාලය Leave මෙම දින පරාසයක් අතර විය නොහැක.",
Sanctioned Amount cannot be greater than Claim Amount in Row {0}.,අනුමැතිය ලත් මුදල ෙරෝ {0} තුළ හිමිකම් ප්රමාණය ට වඩා වැඩි විය නොහැක.,
Score must be less than or equal to 5,ලකුණු අඩු හෝ 5 දක්වා සමාන විය යුතුයි,
Select Property,දේපල තෝරන්න,
Select an employee to get the employee advance.,සේවකයා ලබා ගැනීමට සේවකයෙකු තෝරන්න.,
Service Expense,සේවා වියදම්,
Show Employee,සේවකයා පෙන්වන්න,
Show Salary Slip,වැටුප පුරවා පෙන්වන්න,
Sick Leave,ලෙඩ නිවාඩු,
"Skipping Salary Structure Assignment for the following employees, as Salary Structure Assignment records already exists against them. {0}","පහත සඳහන් සේවකයින් සඳහා වැටුප් ව්‍යුහය පැවරීම මඟ හැරීම, ඔවුන්ට එරෙහිව වැටුප් ව්‍යුහය පැවරුම් වාර්තා දැනටමත් පවතින බැවින්. {0}",
Staffing Plan {0} already exist for designation {1},කාර්ය මණ්ඩලය සැලැස්ම {0} දැනටමත් පවතී {1},
"Start and end dates not in a valid Payroll Period, cannot calculate {0}",වලංගු කාල පරිච්ෙඡ්දයක් තුළ ආරම්භක සහ අවසන් දිනයන් {0},
"Start and end dates not in a valid Payroll Period, cannot calculate {0}.",වලංගු කාල පරිච්ෙඡ්දයක් තුළ ආරම්භක සහ අවසන් දිනයන් {0} ගණනය කළ නොහැකි ය.,
Stock Options,කොටස් විකල්ප,
Structures have been assigned successfully,ව්යුහයන් සාර්ථකව පවරා ඇත,
Submit Proof,සාධනය ඉදිරිපත් කරන්න,
Submit Salary Slip,වැටුප පුරවා ඉදිරිපත්,
Submit this to create the Employee record,සේවක වාර්තාව සෑදීමට මෙය ඉදිරිපත් කරන්න,
Submitting Salary Slips...,වැටුප් ඉල්ලීම් ඉදිරිපත් කිරීම ...,
Team Updates,කණ්ඩායම යාවත්කාලීන,
Thank you,ඔබට ස්තුතියි,
The day(s) on which you are applying for leave are holidays. You need not apply for leave.,ඔබ නිවාඩු සඳහා අයදුම් කරන්නේ කරන දින (ව) නිවාඩු දින වේ. ඔබ නිවාඩු සඳහා අයදුම් අවශ්ය නැහැ.,
There are more holidays than working days this month.,වැඩ කරන දින වැඩි නිවාඩු දින මෙම මාසය ඇත.,
There is no leave period in between {0} and {1},{0} සහ {1} අතර විරාමයක් නොමැත.,
This is based on the attendance of this Employee,මෙය මේ සේවක පැමිණීම මත පදනම් වේ,
This will submit Salary Slips and create accrual Journal Entry. Do you want to proceed?,මේ සඳහා වැටුප් ලේඛන ඉදිරිපත් කිරීම සහ උපචිත දේශන සටහන් ඉදිරිපත් කිරීම. ඉදිරියට යාමට අවශ්යද?,
To date can not be equal or less than from date,දින සිට දිනට වඩා සමාන හෝ අඩු විය නොහැකිය,
To date can not be less than from date,දින සිට දිනට වඩා අඩු විය නොහැකිය,
To date can not greater than employee's relieving date,සේවකයාගේ සහනදායි දිනයට වඩා අද දිනට වඩා වැඩි නොවේ,
Total Absent,මුළු නැති කල,
Total Deduction,මුළු අඩු,
Total Leaves,මුළු පත්ර,
Total Present,මුළු වර්තමාන,
Total advance amount cannot be greater than total sanctioned amount,සම්පූර්ණ අත්තිකාරම් මුදල මුළු අනුමත ප්රමාණයට වඩා වැඩි විය නොහැක,
Total flexible benefit component amount {0} should not be less than max benefits {1},සම්පූර්ණ නම්යශීලී ප්රතිලාභ සංරචක ප්රමාණය {0} උපරිම ප්රතිලාභ වලට වඩා අඩු නොවේ {1},
Total leaves allocated is mandatory for Leave Type {0},Leave වර්ගය සඳහා වෙන් කර ඇති මුළු එකතුව {0},
Total working hours should not be greater than max working hours {0},මුළු කම්කරු පැය වැඩ කරන පැය {0} උපරිම වඩා වැඩි විය යුතු නැහැ,
Training,පුහුණුව,
Training Event,පුහුණු EVENT,
Training Events,පුහුණු සිදුවීම්,
Training Feedback,පුහුණු ඔබෙන් ලැබෙන ප්රයෝජනාත්මක ප්රතිචාරය,
Training Result,පුහුණු ප්රතිඵල,
Travel,ගමන්,
Update Response,ප්රතිචාර යාවත්කාලීන කරන්න,
Value missing,වටිනාකම නැතිවෙයි,
Variable,විචල්ය,
Walk In,දී ගමන්,
Warning: Leave application contains following block dates,"අවවාදයයි: අවසරය, අයදුම් පහත වාරණ දින අඩංගු",
Website Listing,වෙබ් අඩවි ලැයිස්තුගත කිරීම,
Work Summary for {0},{0} සඳහා වැඩ සාරාංශය,
You are not authorized to approve leaves on Block Dates,ඔබ කලාප දිනයන් මත කොළ අනුමත කිරීමට අවසර නැත,
You are not present all day(s) between compensatory leave request days,වන්දි නිවාඩු නිවාඩු ඉල්ලීම් දින මුළු දවසම ඔබ නොමැත,
You can only submit Leave Encashment for a valid encashment amount,ඔබ විසින් වලංගු ආනුභූතික වටිනාකමක් සඳහා Leave Encashment ඉදිරිපත් කළ හැකිය,
{0} already allocated for Employee {1} for period {2} to {3},{0} කාලයක් සඳහා සේවක {1} සඳහා වන විටත් වෙන් {2} {3} වෙත,
{0} applicable after {1} working days,{1} වැඩකරන දිනට පසුව අදාළ වේ,
{0} is not in Optional Holiday List,{0} විකල්ප නිවාඩු දිනයන්හි නැත,
{0} is not in a valid Payroll Period,{0} වලංගු පඩිපත් කාල සීමාවක් නොමැත,
{0} must be submitted,{0} ඉදිරිපත් කළ යුතුය,
"{0}: Employee email not found, hence email not sent","{0}: සේවක ඊ-තැපැල් සොයාගත නොහැකි, ඒ නිසා ඊ-තැපැල් යවා නැත",
{0}: From {0} of type {1},{0}: {0} වර්ගයේ {1} සිට,
Conditions,කොන්දේසි,
Percent,සියයට,
Error in some rows,සමහර පේළි වල දෝෂයකි,
Benefit,ප්‍රතිලාභ,
Shift,මාරුව,
Importing {0} of {1},{1} හි {0 import ආයාත කිරීම,
'employee_field_value' and 'timestamp' are required.,&#39;සේවක_ ක්ෂේත්‍ර_ අගය&#39; සහ &#39;කාලරාමුව&#39; අවශ්‍ය වේ.,
Allocation Expired!,වෙන් කිරීම කල් ඉකුත් විය!,
Attendance Marked,පැමිණීම සලකුණු කර ඇත,
Attendance has been marked as per employee check-ins,සේවක පිරික්සුම් වලට අනුව පැමිණීම සලකුණු කර ඇත,
Date Range,දිනය රංගේ,
Event Link,සිදුවීම් සබැඳිය,
Expire Allocation,වෙන් කිරීම කල් ඉකුත්වීම,
Fuel Expense,ඉන්ධන වියදම,
Intermediate,මධ්යම,
Leave application is linked with leave allocations {0}. Leave application cannot be set as leave without pay,නිවාඩු අයදුම්පත නිවාඩු ප්‍රතිපාදන {0 with සමඟ සම්බන්ධ වේ. නිවාඩු අයදුම්පත වැටුප් රහිතව නිවාඩු ලෙස සැකසිය නොහැක,
Log Type is required for check-ins falling in the shift: {0}.,මාරුවෙහි වැටෙන පිරික්සුම් සඳහා ලොග් වර්ගය අවශ්‍ය වේ: {0}.,
No Employee found for the given employee field value. '{}': {},ලබා දී ඇති සේවක ක්ෂේත්‍ර වටිනාකම සඳහා කිසිදු සේවකයෙකු හමු නොවීය. &#39;{}&#39;: {},
No Leaves Allocated to Employee: {0} for Leave Type: {1},සේවකයාට කොළ වෙන් කර නොමැත: නිවාඩු වර්ගය සඳහා {0: {1},
Only expired allocation can be cancelled,අවලංගු කළ හැක්කේ කල් ඉකුත් වූ ප්‍රතිපාදන පමණි,
Only users with the {0} role can create backdated leave applications,පසුගාමී නිවාඩු යෙදුම් නිර්මාණය කළ හැක්කේ {0} භූමිකාව ඇති පරිශීලකයින්ට පමණි,
Password policy cannot contain spaces or simultaneous hyphens. The format will be restructured automatically,මුරපද ප්‍රතිපත්තියට අවකාශ හෝ එකවර හයිපන් අඩංගු විය නොහැක. ආකෘතිය ස්වයංක්‍රීයව ප්‍රතිව්‍යුහගත කෙරේ,
Please enter the designation,කරුණාකර තනතුර ඇතුළත් කරන්න,
There are no vacancies under staffing plan {0},Staff 0 staff කාර්ය මණ්ඩල සැලැස්ම යටතේ පුරප්පාඩු නොමැත,
This employee already has a log with the same timestamp.{0},මෙම සේවකයාට දැනටමත් එකම කාලරාමුව සහිත ලොගයක් ඇත. {0},
Timing,වේලාව,
To date needs to be before from date,මේ දක්වා දිනට පෙර විය යුතුය,
Total Early Exits,මුළු මුල් පිටවීම්,
Total Late Entries,මුළු ප්‍රමාද සටහන්,
Training Event:,පුහුණු අවස්ථාව:,
Unable to find Salary Component {0},වැටුප් සංරචකය {0 find සොයාගත නොහැක,
Unmarked Attendance for days,දින ගණනක් සලකුණු නොකළ පැමිණීම,
Vacancies cannot be lower than the current openings,පුරප්පාඩු වත්මන් විවෘත කිරීම් වලට වඩා අඩු විය නොහැක,
{} is an invalid Attendance Status.,{} යනු අවලංගු පැමිණීමේ තත්වයකි.,
Printed On,මුද්රණය,
No employee found,සොයා ගත් සේවකයෙකු කිසිදු,
Please setup Employee Naming System in Human Resource > HR Settings,කරුණාකර සේවක නම් කිරීමේ පද්ධතිය මානව සම්පත්&gt; මානව සම්පත් සැකසුම් තුළ සකසන්න,
Please setup numbering series for Attendance via Setup > Numbering Series,කරුණාකර පැමිණීම සඳහා අංකනය කිරීමේ ශ්‍රේණිය සැකසුම&gt; අංකනය මාලාව හරහා සකසන්න,
Current Odometer Value should be greater than Last Odometer Value {0},වත්මන් ඕඩෝමීටර අගය අවසාන ඕඩෝමීටර අගයට වඩා වැඩි විය යුතුය {0},
No additional expenses has been added,අමතර වියදම් කිසිවක් එකතු කර නැත,
{0} already exists for employee {1} and period {2},සේවක {1} සහ period 2 period සඳහා {0} දැනටමත් පවතී,
Leaves Allocated,කොළ වෙන් කර ඇත,
Leave Without Pay does not match with approved {} records,ගෙවීමකින් තොරව නිවාඩු අනුමත}. වාර්තා සමඟ නොගැලපේ,
Income Tax Slab not set in Salary Structure Assignment: {0},ආදායම් බදු ස්ලැබ් වැටුප් ව්‍යුහ පැවරුමේ සකසා නොමැත: {0},
Income Tax Slab: {0} is disabled,ආදායම් බදු ස්ලැබ්: {0 අක්‍රීය කර ඇත,
Income Tax Slab must be effective on or before Payroll Period Start Date: {0},ආදායම් බදු ස්ලැබ් වැටුප් කාල සීමාව ආරම්භක දිනයට හෝ ඊට පෙර ක්‍රියාත්මක විය යුතුය: {0},
No leave record found for employee {0} on {1},{1 සේවකයා {0 for සඳහා නිවාඩු වාර්තාවක් හමු නොවීය,
Row {0}: {1} is required in the expenses table to book an expense claim.,පේළිය {0}: වියදම් හිමිකම් වෙන්කරවා ගැනීම සඳහා වියදම් වගුවේ {1} අවශ්‍ය වේ.,
Set the default account for the {0} {1},Default 0} {1 for සඳහා පෙරනිමි ගිණුම සකසන්න,
(Half Day),(අර්ධ දිනය),
Income Tax Slab,ආදායම් බදු ස්ලැබ්,
Row #{0}: Cannot set amount or formula for Salary Component {1} with Variable Based On Taxable Salary,පේළිය # {0}: බදු ගෙවිය හැකි වැටුප මත පදනම්ව විචල්‍යය සමඟ වැටුප් සංරචකය {1 for සඳහා ප්‍රමාණය හෝ සූත්‍රය සැකසිය නොහැක.,
Repay From Salary can be selected only for term loans,වැටුපෙන් ආපසු ගෙවීම තෝරා ගත හැක්කේ කාලීන ණය සඳහා පමණි,
Salary Component Account,වැටුප් සංරචක ගිණුම,
Default Bank / Cash account will be automatically updated in Salary Journal Entry when this mode is selected.,මෙම ප්රකාරයේදී තෝරාගත් විට ප්රකෘති බැංකුව / මුදල් ගිණුම ස්වංක්රීයව වැටුප ජර්නල් සටහන් දී යාවත්කාලීන වේ.,
Result,ප්රතිඵල,
Total Score,මුළු ලකුණු,
Joining Date,එක්වීමට දිනය,
Publish on website,වෙබ් අඩවිය ප්රකාශයට පත් කරනු ලබයි,
Application Status,අයැදුම්පතක තත්ත්වය විමසා,
IN,තුල,
Remind Before,කලින් මතක් කරන්න,
Reminded,සිහිපත් කරන්න,
Additional Salary,අතිරේක වැටුප්,
HR-ADS-.YY.-.MM.-,HR-ADS-.YY .-. MM.-,
Salary Component,වැටුප් සංරචක,
Overwrite Salary Structure Amount,වැටුප් ව්යුහය ප්රමාණය නවීකරණය කරන්න,
Deduct Full Tax on Selected Payroll Date,තෝරාගත් වැටුප් දිනය සඳහා සම්පූර්ණ බද්ද අඩු කරන්න,
Payroll Date,වැටුප් දිනය,
Salary Component Type,වැටුප් සංරචක වර්ගය,
Appointment Letter,පත්වීම් ලිපිය,
Appointment Date,පත්වීම් දිනය,
Appointment Letter Template,පත්වීම් ලිපි ආකෘතිය,
Closing Notes,සංවෘත සටහන්,
Appointment Letter content,පත්වීම් ලිපි අන්තර්ගතය,
Appraisal,ඇගයීෙම්,
HR-APR-.YY.-.MM.,HR-APR-.YY.- MM.,
For Employee Name,සේවක නම සඳහා,
Goals,ඉලක්ක,
Total Score (Out of 5),මුළු ලකුණු (5 න්),
"Any other remarks, noteworthy effort that should go in the records.","වෙනත් ඕනෑම ප්රකාශ, වාර්තාවන් යා යුතු බව විශේෂයෙන් සඳහන් කළ යුතු උත්සාහයක්.",
Appraisal Goal,ඇගයීෙම් අරමුණ,
Key Responsibility Area,ප්රධාන වගකීම් ප්රදේශය,
Weightage (%),Weightage (%),
Score (0-5),ලකුණු (0-5 දක්වා),
Score Earned,ලකුණු උපයා,
Appraisal Template Title,ඇගයීෙම් සැකිල්ල හිමිකම්,
Appraisal Template Goal,ඇගයීෙම් සැකිල්ල ඉලක්කය,
KRA,KRA,
Key Performance Area,ප්රධාන කාර්ය සාධන ප්රදේශය,
HR-ATT-.YYYY.-,HR-ATT-.YYYY.-,
On Leave,නිවාඩු මත,
Work From Home,නිවසේ සිට වැඩ කරන්න,
Leave Application,අයදුම් තබන්න,
Attendance Date,පැමිණීම දිනය,
Attendance Request,පැමිණීමේ ඉල්ලීම,
Late Entry,ප්‍රමාද ප්‍රවේශය,
Early Exit,මුල් පිටවීම,
Half Day Date,අර්ධ දින දිනය,
On Duty,රාජකාරිය මත,
Explanation,පැහැදිලි කිරීම,
Compensatory Leave Request,වන්දි ඉල්ලීම් ඉල්ලීම්,
Leave Allocation,වෙන් කිරීම Leave,
Worked On Holiday,නිවාඩු දින වැඩ කළා,
Work From Date,දිනය සිට වැඩ කිරීම,
Work End Date,වැඩ අවසන් දිනය,
Email Sent To,විද්‍යුත් තැපෑල යවා ඇත,
Select Users,පරිශීලකයන් තෝරන්න,
Send Emails At,දී විද්යුත් තැපැල් පණිවුඩ යවන්න,
Reminder,මතක්,
Daily Work Summary Group User,දෛනික වැඩ සාරාංශ සමූහ පරිශීලක,
email,විද්යුත් තැපෑල,
Department Approver,දෙපාර්තමේන්තු අනුමැතිය,
Approver,Approver,
Designation Skill,තනතුරු කුසලතා,
Skill,නිපුණතාවය,
Leave Policy,නිවාඩු ප්රතිපත්තිය,
Salary Details,වැටුප් විස්තර,
HR-EAD-.YYYY.-,HR-EAD-.YYY-,
Claimed,හිමිකම් කියන ලදී,
Employee Attendance Tool,සේවක පැමිණීම මෙවලම,
Unmarked Attendance,නොපෙනෙන පැමිණීම,
Employees HTML,සේවක HTML,
Marked Attendance,කැපී පෙනෙන පැමිණීම,
Marked Attendance HTML,කැපී පෙනෙන පැමිණීම HTML,
Employee Benefit Application,සේවක ප්රතිලාභ ඉල්ලුම් පත්රය,
Max Benefits (Yearly),මැක්ස් ප්රතිලාභ (වාර්ෂිකව),
Remaining Benefits (Yearly),ඉතිරි ප්රතිලාභ (වාර්ෂිකව),
Payroll Period,වැටුප් කාලපරිච්ෙඡ්දය,
Dispensed Amount (Pro-rated),විසර්ජන ප්රමාණයේ (Pro-rated),
Employee Benefit Application Detail,සේවක ප්රතිලාභ සේවා විස්තරය,
Earning Component,ඉපැයීම් සංරචක,
Pay Against Benefit Claim,ප්රතිලාභ හිමිකම් ගෙවීම,
Max Benefit Amount,මැක්ස් ප්රතිලාභය,
Employee Benefit Claim,සේවක ප්රතිලාභ හිමිකම්,
Claim Date,හිමිකම් දිනය,
Claim Benefit For,හිමිකම් ප්රතිලාභය,
Max Amount Eligible,උපරිම මුදල,
Expense Proof,වියදම් සාධක,
Employee Boarding Activity,සේවක මණ්ඩල කටයුතු,
Activity Name,ක්රියාකාරකම් නම,
Required for Employee Creation,සේවක නිර්මාණ සඳහා අවශ්ය වේ,
Applicable in the case of Employee Onboarding,සේවක බහළුම් කිරීමේදී අදාළ වේ,
Employee Checkin,සේවක පිරික්සුම,
Log Type,ලොග් වර්ගය,
OUT,පිටතට,
Location / Device ID,ස්ථානය / උපාංග හැඳුනුම්පත,
Skip Auto Attendance,ස්වයංක්‍රීය පැමිණීම මඟ හරින්න,
Shift Start,මාරුව ආරම්භය,
Shift End,මාරුව අවසානය,
Shift Actual Start,සැබෑ ආරම්භය මාරු කරන්න,
Shift Actual End,මාරුව සැබෑ අවසානය,
Default Salary Structure,ප්ලාස්ටික් ව්යුහය,
Employee Health Insurance,සේවක සෞඛ්ය රක්ෂණය,
Health Insurance Name,සෞඛ්ය රක්ෂණය නම,
Employee Incentive,සේවක දිරි දීමනා,
Incentive Amount,දිරිගැන්වීමේ මුදල,
Employee Onboarding,සේවක ගුවන්යානය,
Notify users by email,විද්‍යුත් තැපෑලෙන් පරිශීලකයින්ට දැනුම් දෙන්න,
Employee Onboarding Template,සේවක යාත්රා කිරීමේ ආකෘතිය,
Employee Other Income,සේවක වෙනත් ආදායම්,
Employee Promotion,සේවක ප්රවර්ධන,
Promotion Date,ප්රවර්ධන දිනය,
Employee Promotion Details,සේවක ප්රවර්ධන විස්තරය,
Employee Property History,සේවක දේපල ඉතිහාසය,
Employee Separation,සේවක වෙන්වීම,
Employee Separation Template,සේවක වෙන් කිරීමේ ආකෘතිය,
Exit Interview Summary,පිටවී ඇති සම්මුඛ පරීක්ෂණය,
Employee Skill,සේවක කුසලතා,
Proficiency,ප්‍රවීණතාවය,
Evaluation Date,ඇගයීමේ දිනය,
Employee Skill Map,සේවක නිපුණතා සිතියම,
Employee Skills,සේවක කුසලතා,
Trainings,පුහුණු,
Employee Tax Exemption Category,සේවක බදු ඉවත් කිරීමේ වර්ගය,
Max Exemption Amount,උපරිම නිදහස් කිරීමේ මුදල,
Employee Tax Exemption Declaration,සේවක බදු නිදහස් කිරීමේ ප්රකාශය,
Declarations,ප්රකාශයන්,
Total Declared Amount,මුළු ප්‍රකාශිත මුදල,
Total Exemption Amount,මුළු බදු නිදහස් කිරීම්,
Employee Tax Exemption Declaration Category,සේවක බදු නිදහස් කිරීමේ ප්රකාශය වර්ගය,
Exemption Sub Category,ඉවත් කිරීමේ උප පන්තිය,
Exemption Category,බදු නිදහස් කාණ්ඩ,
Maximum Exempted Amount,උපරිම නිදහස් මුදල,
Declared Amount,ප්‍රකාශිත මුදල,
Employee Tax Exemption Proof Submission,සේවක බදු නිදහස් කිරීම් ඉදිරිපත් කිරිම,
Submission Date,ඉදිරිපත් කිරීමේ දිනය,
Tax Exemption Proofs,බදු නිදහස් කිරීම් ඔප්පු,
Total Actual Amount,මුළු තථ්‍ය මුදල,
Employee Tax Exemption Proof Submission Detail,සේවක බදු නිදහස් කිරීම් ඔප්පු ඉදිරිපත් කිරීමේ විස්තර,
Maximum Exemption Amount,උපරිම නිදහස් කිරීමේ මුදල,
Type of Proof,සාධක වර්ගය,
Actual Amount,තථ්‍ය මුදල,
Employee Tax Exemption Sub Category,සේවක බදු ඉවත් කිරීමේ උප කාණ්ඩය,
Tax Exemption Category,බදු ඉවත් කිරීමේ වර්ගය,
Employee Training,සේවක පුහුණුව,
Training Date,පුහුණු දිනය,
Employee Transfer,සේවක ස්ථාන මාරු,
Transfer Date,පැවරුම් දිනය,
Employee Transfer Details,සේවක ස්ථාන මාරු විස්තර,
Employee Transfer Detail,සේවක ස්ථාන මාරු විස්තරය,
Re-allocate Leaves,ලීස් නැවත වෙන් කරන්න,
Create New Employee Id,නව සේවක හැඳුනුම් පතක් සාදන්න,
New Employee ID,නව සේවක හැඳුනුම්පත,
HR-EXP-.YYYY.-,HR-EXP-YYYY.-,
Expense Taxes and Charges,වියදම් බදු සහ ගාස්තු,
Total Sanctioned Amount,මුළු අනුමැතිය ලත් මුදල,
Total Advance Amount,මුළු අත්තිකාරම් මුදල,
Total Claimed Amount,මුළු හිමිකම් කියන අය මුදල,
Total Amount Reimbursed,මුළු මුදල පතිපූරණය,
Vehicle Log,වාහන ලොග්,
Employees Email Id,සේවක විද්යුත් අංකය,
More Details,වැඩිපුර විස්තර,
Expense Claim Account,වියදම් හිමිකම් ගිණුම,
Expense Claim Advance,වියදම් හිමිකම් අත්තිකාරම්,
Expense Claim Detail,වියදම් හිමිකම් විස්තර,
Expense Date,වියදම් දිනය,
Expense Claim Type,වියදම් හිමිකම් වර්ගය,
HR Settings,මානව සම්පත් සැකසුම්,
Employee Settings,සේවක සැකසුම්,
Expense Approver Mandatory In Expense Claim,Expense Claims,
Payroll Settings,වැටුප් සැකසුම්,
Leave,නිවාඩු,
Max working hours against Timesheet,Timesheet එරෙහිව උපරිම වැඩ කරන පැය,
Include holidays in Total no. of Working Days,කිසිදු මුළු නිවාඩු දින ඇතුලත් වේ. වැඩ කරන දින වල,
"If checked, Total no. of Working Days will include holidays, and this will reduce the value of Salary Per Day","පරීක්ෂා, සමස්ත කිසිදු නම්. වැඩ කරන දින වල නිවාඩු දින ඇතුලත් වනු ඇත, සහ මෙම වැටුප එක් දිනය අගය අඩු වනු ඇත",
"If checked, hides and disables Rounded Total field in Salary Slips","පරීක්ෂා කර ඇත්නම්, වැටුප් ස්ලිප් වල වටකුරු මුළු ක්ෂේත්‍රය සඟවා අක්‍රීය කරයි",
The fraction of daily wages to be paid for half-day attendance,අර්ධ දින පැමිණීම සඳහා ගෙවිය යුතු දෛනික වැටුපෙන් භාගයක්,
Email Salary Slip to Employee,සේවකයෙකුට ලබා විද්යුත් වැටුප කුවිතාන්සියක්,
Emails salary slip to employee based on preferred email selected in Employee,සේවක තෝරාගත් කැමති ඊ-තැපැල් මත පදනම් සේවකයාට විද්යුත් තැපැල් පණිවුඩ වැටුප් ස්ලිප්,
Encrypt Salary Slips in Emails,වැටුප් ස්ලිප් ඊමේල් වල සංකේතනය කරන්න,
"The salary slip emailed to the employee will be password protected, the password will be generated based on the password policy.","සේවකයාට විද්‍යුත් තැපැල් කරන වැටුප් පත්‍රය මුරපදයකින් ආරක්‍ෂා වනු ඇත, මුරපදය ප්‍රතිපත්තිය මත පදනම්ව මුරපදය ජනනය වේ.",
Password Policy,මුරපද ප්‍රතිපත්තිය,
<b>Example:</b> SAL-{first_name}-{date_of_birth.year} <br>This will generate a password like SAL-Jane-1972,<b>උදාහරණය:</b> SAL- {first_name} - {date_of_birth.year} <br> මෙය SAL-Jay-1972 වැනි මුරපදයක් ජනනය කරනු ඇත,
Leave Approval Notification Template,නිවාඩු අනුමත නිවේදන ආකෘතිය,
Leave Status Notification Template,තත්ත්ව දැනුම් ආකෘතිය තබන්න,
Role Allowed to Create Backdated Leave Application,පසුගාමී නිවාඩු අයදුම්පතක් සෑදීමට අවසර දී ඇති භූමිකාව,
Leave Approver Mandatory In Leave Application,නිවාඩු ඉල්ලුම් පත්රයෙහි අනුමත කිරීම අනුමත කරන්න,
Show Leaves Of All Department Members In Calendar,සියලු දෙපාර්තමේන්තු සාමාජිකයින්ගේ නිවාඩු දිනදර්ශනය,
Auto Leave Encashment,ස්වයංක්‍රීය නිවාඩු එන්කැෂ්මන්ට්,
Hiring Settings,සැකසුම් කුලියට ගැනීම,
Check Vacancies On Job Offer Creation,රැකියා දීමනා නිර්මාණය කිරීමේදී පුරප්පාඩු පරීක්ෂා කරන්න,
Identification Document Type,හඳුනාගැනීමේ ලේඛනය වර්ගය,
Effective from,සිට ක්‍රියාත්මක වේ,
Allow Tax Exemption,බදු නිදහස් කිරීමට ඉඩ දෙන්න,
"If enabled, Tax Exemption Declaration will be considered for income tax calculation.","සක්‍රීය කර ඇත්නම්, ආදායම් බදු ගණනය කිරීම සඳහා බදු නිදහස් කිරීමේ ප්‍රකාශය සලකා බලනු ලැබේ.",
Standard Tax Exemption Amount,සම්මත බදු නිදහස් කිරීමේ මුදල,
Taxable Salary Slabs,බදු ගත හැකි පඩිනඩි,
Taxes and Charges on Income Tax,ආදායම් බදු සඳහා බදු සහ ගාස්තු,
Other Taxes and Charges,වෙනත් බදු සහ ගාස්තු,
Income Tax Slab Other Charges,ආදායම් බදු ස්ලැබ් වෙනත් ගාස්තු,
Min Taxable Income,අවම බදු අය කළ හැකි ආදායම,
Max Taxable Income,උපරිම බදු අය කළ හැකි ආදායම,
Applicant for a Job,රැකියාවක් සඳහා අයදුම්කරු,
Job Opening,රැකියා විවෘත,
Cover Letter,ආවරණ ලිපිය,
Resume Attachment,නැවත ආරම්භ ඇමුණුම්,
Job Applicant Source,රැකියා ඉල්ලුම්කරු මූලාශ්රය,
Applicant Email Address,අයදුම්කරුගේ විද්‍යුත් තැපැල් ලිපිනය,
Awaiting Response,බලා සිටින ප්රතිචාර,
Job Offer Terms,රැකියා පිරිනමන කොන්දේසි,
Select Terms and Conditions,නියමයන් හා කොන්දේසි තෝරන්න,
Job Offer Term,රැකියා ඉදිරිපත් කිරීම,
Offer Term,ඉල්ලුමට කාලීන,
Value / Description,අගය / විස්තරය,
Description of a Job Opening,රැකියාවක් ආරම්භ කිරීම පිළිබඳ විස්තරය,
Staffing Plan,කාර්ය මණ්ඩල සැලැස්ම,
Planned number of Positions,සැලසුම් කළ සංඛ්යාව ගණන,
"Job profile, qualifications required etc.","රැකියා පැතිකඩ, සුදුසුකම් අවශ්ය ආදිය",
HR-LAL-.YYYY.-,HR-LAL-.YYYY.-,
New Leaves Allocated,වෙන් අලුත් කොළ,
Add unused leaves from previous allocations,පෙර ප්රතිපාදනවලින් භාවිතා නොකරන කොළ එකතු කරන්න,
Unused leaves,භාවිතයට නොගත් කොළ,
Total Leaves Allocated,වෙන් මුළු පත්ර,
Total Leaves Encashed,සම්පූර්ණ ලීස් ගැටගැසිනි,
Leave Period,නිවාඩු කාලය,
Carry Forwarded Leaves,ඉදිරියට ගෙන ගිය කොළ රැගෙන යන්න,
Apply / Approve Leaves,අදාළ / පත්ර අනුමත,
HR-LAP-.YYYY.-,HR-LAP-.YYYY.-,
Leave Balance Before Application,අයදුම් කිරීමට පෙර ශේෂ තබන්න,
Total Leave Days,මුළු නිවාඩු දින,
Leave Approver Name,අවසරය Approver නම,
Follow via Email,විද්යුත් හරහා අනුගමනය,
Block Holidays on important days.,වැදගත් දිනවල නිවාඩු අවහිර කරයි.,
Leave Block List Name,"අවසරය, වාරණ ලැයිස්තුව නම",
Applies to Company,සමාගම සඳහා අදාළ ෙව්,
"If not checked, the list will have to be added to each Department where it has to be applied.","සලකුණු කර නැත නම්, ලැයිස්තුව ඉල්ලුම් කළ යුතු වේ එහිදී එක් එක් දෙපාර්තමේන්තුව වෙත එකතු කිරීමට සිදු වනු ඇත.",
Block Days,වාරණ දින,
Stop users from making Leave Applications on following days.,පහත සඳහන් දිනවල නිවාඩු ඉල්ලුම් කිරීමෙන් පරිශීලකයන් එක නතර කරන්න.,
Leave Block List Dates,වාරණ ලැයිස්තුව දිනයන් නිවාඩු,
Allow Users,පරිශීලකයන් ඉඩ දෙන්න,
Allow the following users to approve Leave Applications for block days.,පහත සඳහන් භාවිතා කරන්නන් අවහිර දින නිවාඩු ඉල්ලුම් අනුමත කිරීමට ඉඩ දෙන්න.,
Leave Block List Allowed,වාරණ ලැයිස්තුව අනුමත නිවාඩු,
Leave Block List Allow,වාරණ ලැයිස්තුව තබන්න ඉඩ දෙන්න,
Allow User,පරිශීලක ඉඩ දෙන්න,
Leave Block List Date,වාරණ ලැයිස්තුව දිනය නිවාඩු,
Block Date,වාරණ දිනය,
Leave Control Panel,පාලක පැනලය තබන්න,
Employment Type (optional),රැකියා වර්ගය (අත්‍යවශ්‍ය නොවේ),
Branch (optional),ශාඛාව (අත්‍යවශ්‍ය නොවේ),
Department (optional),දෙපාර්තමේන්තුව (අත්‍යවශ්‍ය නොවේ),
Designation (optional),තනතුර (අත්‍යවශ්‍ය නොවේ),
Employee Grade (optional),සේවක ශ්‍රේණිය (අත්‍යවශ්‍ය නොවේ),
Employee (optional),සේවකයා (අත්‍යවශ්‍ය නොවේ),
Allocate Leaves,කොළ වෙන් කරන්න,
Carry Forward,ඉදිරියට ගෙන,
Please select Carry Forward if you also want to include previous fiscal year's balance leaves to this fiscal year,ඔබ ද පෙර මූල්ය වර්ෂය ශේෂ මෙම මුදල් වසරේදී පිටත්ව ඇතුළත් කිරීමට අවශ්ය නම් ඉදිරියට ගෙන කරුණාකර තෝරා,
New Leaves Allocated (In Days),වෙන් අලුත් කොළ (දින දී),
Leave Balance,ඉතිරිව තබන්න,
Encashable days,ඇණවුම් කළ හැකි දින,
Encashment Amount,වට ප්රමාණය,
Leave Ledger Entry,ලෙජර් ප්‍රවේශය තබන්න,
Transaction Name,ගනුදෙනු නම,
Is Carry Forward,ඉදිරියට ගෙන ඇත,
Is Expired,කල් ඉකුත් වී ඇත,
Is Leave Without Pay,වැටුප් නැතිව නිවාඩු,
Holiday List for Optional Leave,විකල්ප නිවාඩු සඳහා නිවාඩු ලැයිස්තුව,
Leave Allocations,වෙන් කිරීම,
Leave Policy Details,ප්රතිපත්ති විස්තර,
Leave Policy Detail,ප්රතිපත්තිමය විස්තරය,
Annual Allocation,වාර්ෂික ප්රතිපාදන,
Leave Type Name,"අවසරය, වර්ගය නම",
Applicable After (Working Days),අයදුම් කළ පසු (වැඩකරන දින),
Is Optional Leave,අනිවාර්ය නිවාඩු,
Allow Negative Balance,ඍණ ශේෂය ඉඩ දෙන්න,
Include holidays within leaves as leaves,කොළ ලෙස කොළ තුළ නිවාඩු දින ඇතුළත්,
Is Compensatory,වන්දි,
Maximum Carry Forwarded Leaves,ඉදිරියට ගෙන යන කොළ උපරිම,
Expire Carry Forwarded Leaves (Days),ඉදිරියට ගෙන යන කොළ කල් ඉකුත්වීම (දින),
Calculated in days,දින වලින් ගණනය කෙරේ,
Encashment,වැටලීම,
Allow Encashment,කූඩුවලට ඉඩ දෙන්න,
Encashment Threshold Days,බාධක සීමාව,
Earned Leave,පිටත්ව ගොස් ඇත,
Is Earned Leave,ඉතුරු වී ඇත්තේ ය,
Earned Leave Frequency,නිවාඩු වාර ගණන,
Rounding,වටරවුම,
Payroll Employee Detail,සේවක විස්තරය,
Payroll Frequency,වැටුප් සංඛ්යාත,
Fortnightly,දෙසතියකට වරක්,
Bimonthly,Bimonthly,
Employees,සේවක,
Number Of Employees,සේවකයන් ගණන,
Employee Details,සේවක විස්තර,
Validate Attendance,වලංගු සහභාගිත්වය,
Salary Slip Based on Timesheet,වැටුප් පුරවා Timesheet මත පදනම්ව,
Deduct Tax For Unclaimed Employee Benefits,නොකෙරුණු සේවක ප්රතිලාභ සඳහා බදු බද්ද,
Deduct Tax For Unsubmitted Tax Exemption Proof,බදු විරහිත බදු ඔප්පු කිරීම සඳහා වන බදු ඉවත් කිරීම,
Select Payment Account to make Bank Entry,බැංකුව සටහන් කිරීමට ගෙවීම් ගිණුම තෝරන්න,
Salary Slips Created,වැටුප් ස්ලිප් නිර්මාණය,
Salary Slips Submitted,වැටුප් ස්ලිප් ඉදිරිපත් කරන ලදි,
Payroll Periods,වැටුප් කාලපරිච්සේය,
Payroll Period Date,වැටුප් ලේඛණ කාල දිනය,
Purpose of Travel,සංචාරයේ අරමුණ,
Retention Bonus,රඳවා ගැනීමේ බෝනස්,
Bonus Payment Date,Bonus Payment Date,
Bonus Amount,බෝනස් මුදල,
Depends on Payment Days,ගෙවීම් දින මත රඳා පවතී,
Is Tax Applicable,බදු අදාළ වේ,
Variable Based On Taxable Salary,ආදායම් මත පදනම් විචල්ය මත පදනම් වේ,
Exempted from Income Tax,ආදායම් බද්දෙන් නිදහස් කර ඇත,
Round to the Nearest Integer,ආසන්නතම පූර්ණ සංඛ්‍යාවට වටය,
Statistical Component,සංඛ්යාන සංරචක,
"If selected, the value specified or calculated in this component will not contribute to the earnings or deductions. However, it's value can be referenced by other components that can be added or deducted. ","තෝරා ගත්තේ නම්, මෙම සංරචකය හි නිශ්චිතව දක්වා හෝ ගණනය වටිනාකම ආදායම අඩු හෝ දායක නැහැ. කෙසේ වෙතත්, එය අගය එකතු හෝ අඩු කළ හැකිය ෙවනත් සංරචක විසින් විමසිය හැකි ය.",
Do Not Include in Total,සම්පුර්ණයෙන්ම ඇතුළත් නොකරන්න,
Flexible Benefits,පරිපූර්ණ වාසි,
Is Flexible Benefit,නම්යශීලී ප්රතිලාභයක්,
Max Benefit Amount (Yearly),මැක්ස් ප්රතිලාභය (වාර්ෂිකව),
Only Tax Impact (Cannot Claim But Part of Taxable Income),බදු බලපෑම් පමණක් (හිමිකම් නොකෙරිය හැකි නමුත් ආදායම් බදු වලින් කොටසක්),
Create Separate Payment Entry Against Benefit Claim,ප්රතිලාභ හිමිකම්වලට එරෙහිව වෙනම ගෙවීමක් ඇතුළත් කරන්න,
Amount based on formula,සූත්රය මත පදනම් මුදල,
Formula,සූත්රය,
Salary Detail,වැටුප් විස්තර,
Component,සංරචකය,
Do not include in total,මුලුමනින්ම ඇතුළත් නොකරන්න,
Default Amount,පෙරනිමි මුදල,
Additional Amount,අමතර මුදල,
Tax on flexible benefit,නම්යශීලී ප්රතිලාභ මත බදු,
Tax on additional salary,අතිරේක වැටුප මත බදු,
Salary Structure,වැටුප් ව්යුහය,
Working Days,වැඩ කරන දවස්,
Salary Slip Timesheet,වැටුප් පුරවා Timesheet,
Earnings,ඉපැයීම්,
Deductions,අඩු කිරීම්,
Total in words,වචන මුළු,
Salary Component for timesheet based payroll.,timesheet පදනම් වැටුප් වැටුප් සංරචක.,
Leave Encashment Amount Per Day,දිනකට එචි.අ.,
Max Benefits (Amount),මැක්ස් ප්රතිලාභ (ප්රමාණය),
Salary breakup based on Earning and Deduction.,"උපයන සහ අඩු කිරීම් මත පදනම් වූ වැටුප් බිඳ වැටීම,.",
Total Earning,මුළු උපයන,
Salary Structure Assignment,වැටුප් ව්යුහය පැවරුම,
Shift Assignment,Shift පැවරුම,
Shift Type,මාරු වර්ගය,
Shift Request,මාරු ඉල්ලීම,
Enable Auto Attendance,ස්වයංක්‍රීය පැමිණීම සක්‍රීය කරන්න,
Mark attendance based on 'Employee Checkin' for Employees assigned to this shift.,මෙම මාරුවට අනුයුක්ත කර ඇති සේවකයින් සඳහා &#39;සේවක පිරික්සුම&#39; මත පදනම්ව පැමිණීම සලකුණු කරන්න.,
Auto Attendance Settings,ස්වයංක්‍රීය පැමිණීමේ සැකසුම්,
Determine Check-in and Check-out,පිරික්සුම සහ පිටවීම තීරණය කරන්න,
Alternating entries as IN and OUT during the same shift,එකම මාරුවකදී IN සහ OUT ලෙස විකල්ප ඇතුළත් කිරීම්,
Strictly based on Log Type in Employee Checkin,සේවක පිරික්සුම් තුළ ලොග් වර්ගය මත දැඩි ලෙස පදනම් වේ,
Working Hours Calculation Based On,වැඩ කරන පැය ගණනය කිරීම මත පදනම්ව,
First Check-in and Last Check-out,පළමු පිරික්සුම සහ අවසන් පිරික්සුම,
Every Valid Check-in and Check-out,සෑම වලංගු පිරික්සීමක් සහ පිටවීමක්,
Begin check-in before shift start time (in minutes),මාරුවීමේ ආරම්භක වේලාවට පෙර (මිනිත්තු කිහිපයකින්) පරීක්ෂා කිරීම ආරම්භ කරන්න,
The time before the shift start time during which Employee Check-in is considered for attendance.,සේවක පිරික්සුම පැමිණීම සඳහා සලකා බලනු ලබන මාරුව ආරම්භක වේලාවට පෙර කාලය.,
Allow check-out after shift end time (in minutes),මාරුව අවසන් වේලාවෙන් පසුව (මිනිත්තු කිහිපයකින්) පරීක්ෂා කිරීමට ඉඩ දෙන්න,
Time after the end of shift during which check-out is considered for attendance.,පැමිණීම සඳහා පිටවීම සලකා බලනු ලබන මාරුව අවසන් වූ වේලාව.,
Working Hours Threshold for Half Day,වැඩ කරන පැය භාගය සඳහා සීමාව,
Working hours below which Half Day is marked. (Zero to disable),අර්ධ දිනය සලකුණු කර ඇති වැඩ කරන වේලාවට පහළින්. (අක්‍රීය කිරීමට ශුන්‍යය),
Working Hours Threshold for Absent,නොපැමිණීම සඳහා වැඩකරන සීමාව,
Working hours below which Absent is marked. (Zero to disable),නොපැමිණීම සලකුණු කර ඇති වැඩ කරන වේලාවට පහළින්. (අක්‍රීය කිරීමට ශුන්‍යය),
Process Attendance After,පැමිණීමේ ක්‍රියාවලිය,
Attendance will be marked automatically only after this date.,පැමිණීම ස්වයංක්‍රීයව සලකුණු කරනු ලබන්නේ මෙම දිනයෙන් පසුව පමණි.,
Last Sync of Checkin,චෙක්පින් හි අවසාන සමමුහුර්තකරණය,
Last Known Successful Sync of Employee Checkin. Reset this only if you are sure that all Logs are synced from all the locations. Please don't modify this if you are unsure.,සේවක චෙක්පින් අවසන් වරට දන්නා සාර්ථක සමමුහුර්තකරණය. මෙය නැවත සකසන්න සියලු ස්ථාන වලින් සියලුම ලොග් සමමුහුර්ත වී ඇති බව ඔබට විශ්වාස නම් පමණි. ඔබට විශ්වාස නැතිනම් කරුණාකර මෙය වෙනස් නොකරන්න.,
Grace Period Settings For Auto Attendance,ස්වයංක්‍රීය පැමිණීම සඳහා වර්‍ග කාල සැකසුම්,
Enable Entry Grace Period,ඇතුළත් වීමේ වර්‍ග කාලය සක්‍රීය කරන්න,
Late Entry Grace Period,ප්‍රමාද ඇතුළත් වීමේ කාල සීමාව,
The time after the shift start time when check-in is considered as late (in minutes).,මාරුවීමේ ආරම්භක වේලාවෙන් පසුව පරීක්ෂා කිරීම ප්‍රමාද වී (මිනිත්තු වලින්) සලකනු ලැබේ.,
Enable Exit Grace Period,පිටවීමේ වර්‍ග කාලය සක්‍රීය කරන්න,
Early Exit Grace Period,මුල් පිටවීමේ වර්‍ග කාලය,
The time before the shift end time when check-out is considered as early (in minutes).,මාරුවීමේ අවසන් වේලාවට පෙර වේලාව පිටවීම කලින් (මිනිත්තු වලින්) ලෙස සලකනු ලැබේ.,
Skill Name,නිපුණතා නම,
Staffing Plan Detail,කාර්ය සැලැස්ම විස්තර,
Total Estimated Budget,සම්පූර්ණ ඇස්තමේන්තුගත අයවැය,
Vacancies,පුරප්පාඩු,
Estimated Cost Per Position,ඇස්තමේන්තුගත පිරිවැය සඳහා ස්ථානය,
Total Estimated Cost,මුළු ඇස්තමේන්තුගත පිරිවැය,
Current Count,ජංගම ගණනය කිරීම,
Current Openings,වත්මන් විවෘත කිරීම්,
Number Of Positions,තනතුරු ගණන,
Taxable Salary Slab,බදු සහන වැටුප්,
From Amount,ප්රමාණයෙන්,
To Amount,මුදල,
Percent Deduction,ප්රතිශතය අඩු කිරීම,
Training Program,පුහුණු වැඩසටහන,
Event Status,අවස්ථාවට තත්ත්වය,
Has Certificate,සහතිකයක් ඇත,
Seminar,සම්මන්ත්රණය,
Theory,න්යාය,
Workshop,වැඩමුළුව,
Conference,සමුළුව,
Exam,විභාග,
Internet,අන්තර්ජාල,
Self-Study,ස්වයං අධ්යයනය,
Advance,අත්තිකාරම්,
Trainer Name,පුහුණුකරු නම,
Trainer Email,පුහුණුකරු විද්යුත්,
Attendees,සහභාගී,
Employee Emails,සේවක විද්යුත් තැපැල්,
Training Event Employee,පුහුණු EVENT සේවක,
Invited,ආරාධනා,
Feedback Submitted,ඔබෙන් ලැබෙන ප්රයෝජනාත්මක ප්රතිචාරය ඉදිරිපත්,
Training Result Employee,පුහුණු ප්රතිඵල සේවක,
Travel Itinerary,ගමන් මාර්ගය,
Travel From,ගමන්,
Travel To,සංචාරය කරන්න,
Mode of Travel,ගමන් මාර්ගය,
Flight,ගුවන් යානය,
Train,දුම්රිය,
Taxi,ටැක්සි,
Rented Car,කුලී කාර්,
Meal Preference,ආහාර ගැනීමේ කැමැත්ත,
Vegetarian,නිර්මාංශ,
Non-Vegetarian,නිර්මාංශ නොවන,
Gluten Free,ග්ලූටන් රහිත,
Non Diary,දිනපොත,
Travel Advance Required,ගමන් අත්තිකාරම් අවශ්යයි,
Departure Datetime,පිටත් වීම,
Arrival Datetime,පැමිණීම් දත්ත සටහන්,
Lodging Required,යැවීම අවශ්ය වේ,
Preferred Area for Lodging,නවාතැන් පහසුකම් සඳහා කැමති පෙදෙස,
Check-in Date,Check-in දිනය,
Check-out Date,Check-out දිනය,
Travel Request,සංචාරක ඉල්ලීම,
Travel Type,ගමන් වර්ගය,
Domestic,දේශීය,
International,අන්තර්ජාතික,
Travel Funding,සංචාරක අරමුදල්,
Require Full Funding,සම්පූර්ණ අරමුදල් අවශ්යයි,
Fully Sponsored,පූර්ණ අනුග්රහය,
"Partially Sponsored, Require Partial Funding","අර්ධ වශයෙන් අනුගහකත්වය, අර්ධ අරමුදල් අවශ්යයි",
Copy of Invitation/Announcement,ආරාධනා / නිවේදනය පිටපත්,
"Details of Sponsor (Name, Location)","අනුග්රාහක තොරතුරු (නම, ස්ථානය)",
Identification Document Number,හඳුනාගැනීමේ ලේඛන අංකය,
Any other details,වෙනත් තොරතුරු,
Costing Details,පිරිවැය තොරතුරු,
Event Details,සිදුවීම් විස්තර,
Name of Organizer,සංවිධායක නාමය,
Address of Organizer,සංවිධායක ලිපිනය,
Travel Request Costing,ගමන් වියදම් පිරිවැය,
Expense Type,වියදම් වර්ගය,
Sponsored Amount,අනුග්රාහක මුදල,
Funded Amount,ආධාර මුදල,
Upload Attendance,පැමිණීම උඩුගත,
Attendance From Date,දිනය සිට පැමිණීම,
Attendance To Date,දිනය සඳහා සහභාගී,
Get Template,සැකිල්ල ලබා ගන්න,
Import Attendance,ආනයන පැමිණීම,
Upload HTML,HTML උඩුගත,
HR-VLOG-.YYYY.-,HR-VLOG-.YYYY.-,
Odometer Reading,මීටරෙය්,
Current Odometer value ,වත්මන් ඕඩෝමීටර අගය,
Refuelling Details,Refuelling විස්තර,
Invoice Ref,ඉන්වොයිසිය අංකය,
Service Details,සේවා තොරතුරු,
Vehicle Service,වාහන සේවා,
Service Item,සේවා විෂය,
Brake Oil,බ්රේක් ඔයිල්,
Brake Pad,තිරිංග Pad,
Clutch Plate,ක්ලච් ප්ලේට්,
Engine Oil,එන්ජින් ඔයිල්,
Oil Change,තෙල් වෙනස්,
Inspection,පරීක්ෂණ,
Mileage,ධාවනය කර ඇති දුර,
Salary Slip Loan,වැටුප් ස්ලිප් ණය,
Loan Repayment Entry,ණය ආපසු ගෙවීමේ ප්‍රවේශය,
May,මැයි,
June,ජූනි,
July,ජුලි,
Bank Remittance,බැංකු ප්‍රේෂණය,
Daily Work Summary Replies,දෛනික වැඩ සාරාත්මක පිළිතුරු,
Employee Advance Summary,සේවක අත්තිකාරම් සාරාංශය,
Employees working on a holiday,නිවාඩු මත සේවය කරන සේවක,
Monthly Attendance Sheet,මාසික පැමිණීම පත්රය,
Salary Register,වැටුප් රෙජිස්ටර්,
Unpaid Expense Claim,නොගෙවූ වියදම් හිමිකම්,
Payment Account is mandatory,ගෙවීම් ගිණුම අනිවාර්ය වේ,
"If checked, the full amount will be deducted from taxable income before calculating income tax without any declaration or proof submission.","පරික්ෂා කර බැලුවහොත්, කිසිදු ප්‍රකාශයක් හෝ සාක්ෂි ඉදිරිපත් කිරීමකින් තොරව ආදායම් බදු ගණනය කිරීමට පෙර සම්පූර්ණ මුදල බදු අය කළ හැකි ආදායමෙන් අඩු කරනු ලැබේ.",
In Time,වෙලාවට,
Out Time,කාලය අවසන්,
Is Recurring,පුනරාවර්තනය වේ,
HRA Exemption,HRA නිදහස් කිරීම,
Monthly House Rent,මාසික නිවාස කුලිය,
Rented in Metro City,මෙට්‍රෝ නගරයේ කුලියට ගත්තා,
HRA as per Salary Structure,වැටුප් ව්‍යුහයට අනුව HRA,
Annual HRA Exemption,වාර්ෂික HRA නිදහස් කිරීම,
Monthly HRA Exemption,මාසික HRA නිදහස් කිරීම,
House Rent Payment Amount,නිවාස කුලී ගෙවීමේ මුදල,
Rented From Date,දිනයෙන් කුලියට,
Rented To Date,දිනය දක්වා කුලියට,
Monthly Eligible Amount,මාසික සුදුසුකම් මුදල,
Total Eligible HRA Exemption,සම්පූර්ණ සුදුසුකම් සහිත HRA නිදහස් කිරීම,
Validating Employee Attendance...,සේවක පැමිණීම වලංගු කිරීම ...,
Submitting Salary Slips and creating Journal Entry...,වැටුප් පත්‍රිකා ඉදිරිපත් කිරීම සහ ජර්නල් සටහන් නිර්මාණය කිරීම ...,
Calculate Payroll Working Days Based On,පදනම් කර ගෙන වැටුප් වැඩකරන දින ගණනය කරන්න,
Consider Unmarked Attendance As,සලකුණු නොකළ පැමිණීම ලෙස සලකන්න,
Fraction of Daily Salary for Half Day,අර්ධ දින සඳහා දෛනික වැටුපෙන් භාගය,
Component Type,සංරචක වර්ගය,
Provident Fund,සකසුරුවම් අරමුදල,
Additional Provident Fund,අතිරේක අර්ථසාධක අරමුදල,
Provident Fund Loan,අර්ථසාධක අරමුදල් ණය,
Professional Tax,වෘත්තීය බද්ද,
Is Income Tax Component,ආදායම් බදු සංරචකය වේ,
Component properties and references ,සංරචක ගුණාංග සහ යොමු කිරීම්,
Additional Salary ,අමතර වැටුප,
Unmarked days,සලකුණු නොකළ දින,
Absent Days,නොපැමිණෙන දින,
Conditions and Formula variable and example,කොන්දේසි සහ සූත්‍ර විචල්‍යය සහ උදාහරණය,
Income Tax Deductions,ආදායම් බදු අඩු කිරීම්,
Income Tax Component,ආදායම් බදු සංරචකය,
Income Tax Amount,ආදායම් බදු මුදල,
Unmarked Days,සලකුණු නොකළ දින,
Jan,ජන,
Feb,පෙබරවාරි,
Mar,මාර්තු,
Apr,අප්‍රේල්,
Aug,අගෝස්තු,
Sep,සැප්තැම්බර්,
Oct,ඔක්,
Nov,නොවැම්බර්,
Dec,දෙසැ,
Summarized View,සාරාංශගත දසුන,
Professional Tax Deductions,වෘත්තීය බදු අඩු කිරීම්,
Provident Fund Deductions,අර්ථසාධක අරමුදල් අඩු කිරීම්,
Recruitment Analytics,බඳවා ගැනීමේ විශ්ලේෂණ,
Applicant name,අයදුම්කරුගේ නම,
Job Offer status,රැකියා පිරිනැමීමේ තත්වය,
On Date,දිනය,
Salary Payments Based On Payment Mode,ගෙවීම් ක්‍රමය මත පදනම්ව වැටුප් ගෙවීම්,
Salary Payments via ECS,ECS හරහා වැටුප් ගෙවීම්,
Account No,ගිණුම් අංකය,
IFSC,IFSC,
MICR,MICR,
PF Account,PF ගිණුම,
PF Amount,පීඑෆ් මුදල,
Additional PF,අතිරේක පීඑෆ්,
PF Loan,පීඑෆ් ණය,
Duplicate Entry,අනුපිටපත්,
Please select Employee first.,කරුණාකර පළමුව සේවකයා තෝරන්න.,
To Date should be greater than From Date,දිනය සිට දිනට වඩා වැඩි විය යුතුය,
Job Offer: {0} is already for Job Applicant: {1},රැකියා දීමනාව: App 0} දැනටමත් රැකියා අයදුම්කරු සඳහා වේ: {1},
Only Shift Request with status 'Approved' and 'Rejected' can be submitted,ඉදිරිපත් කළ හැක්කේ &#39;අනුමත&#39; සහ &#39;ප්‍රතික්ෂේප කළ&#39; තත්ත්වය සහිත මාරුව ඉල්ලීම පමණි,
Shift Assignment: {0} created for Employee: {1},මාරුව පැවරුම: සේවකයා සඳහා {0 created නිර්මාණය කරන ලදි: {1},
You can not request for your Default Shift: {0},ඔබගේ පෙරනිමි මාරුව සඳහා ඔබට ඉල්ලිය නොහැක: {0},
Only Approvers can Approve this Request.,මෙම ඉල්ලීම අනුමත කළ හැක්කේ අනුමත කරන්නන්ට පමණි.,
Please set Payroll based on in Payroll settings,කරුණාකර වැටුප් සැකසුම් මත පදනම්ව වැටුප් ලේඛනය සකසන්න,
Additional Salary: {0} already exist for Salary Component: {1} for period {2} and {3},අමතර වැටුප: Comp 0} දැනටමත් වැටුප් සංරචකය සඳහා පවතී: period 1 period කාල පරිච්ඡේදය සඳහා {1} සහ {3},
Payroll date can not be less than employee's joining date.,වැටුප් ගෙවීමේ දිනය සේවකයා සම්බන්ධ වන දිනයට වඩා අඩු විය නොහැක.,
From date can not be less than employee's joining date.,දිනය සිට සේවකයා සම්බන්ධ වන දිනයට වඩා අඩු විය නොහැක.,
To date can not be greater than employee's relieving date.,මේ දක්වා සේවකයාගේ සහන දිනයට වඩා වැඩි විය නොහැක.,
Payroll date can not be greater than employee's relieving date.,සේවක සහන දිනයට වඩා වැටුප් දිනය වැඩි විය නොහැක.,
Condition and formula,තත්වය සහ සූත්‍රය,
Available Leaves,පවතින ලීස්,
IFSC Code,IFSC සංග්රහය,
Others,අන් අය,
Total Allocated Leaves,සමස්ථ වෙන් කළ කොළ,
Used Leaves,පාවිච්චි කළ කොළ,
PAN Number,පෑන් අංකය,
Expired Leaves,කල් ඉකුත් වූ කොළ,
