) for {0},) за {0},
A {0} exists between {1} and {2} (,А {0} постоји између {1} и {2} (,
Absent,Одсутан,
Accrual Journal Entry for salaries from {0} to {1},Обавештење о дневном обрачуну за плате од {0} до {1},
Add to Details,Додај у Детаљи,
Added to details,Додато у детаље,
All Jobs,Сви послови,
Allocated Leaves,Распоређене листе,
Annual Salary,Годишња плата,
Application period cannot be across two allocation records,Период примене не може бити преко две евиденције алокације,
Application period cannot be outside leave allocation period,Период примене не може бити изван одсуство расподела Период,
Apply Now,Пријавите се,
Apprentice,Шегрт,
Approval Status,Статус одобравања,
Approval Status must be 'Approved' or 'Rejected',"Состояние утверждения должны быть ""Одобрено"" или "" Отклонено """,
As per your assigned Salary Structure you cannot apply for benefits,Према вашој додељеној структури зарада не можете се пријавити за накнаде,
Assign,Доделити,
Assign Salary Structure,Додели структуру плата,
Assign to Employees,Доделите запосленима,
Assigning Structures...,Додела структура ...,
Attendance,Похађање,
Attendance From Date and Attendance To Date is mandatory,Гледалаца Од Датум и радног То Дате је обавезна,
Attendance for employee {0} is already marked for this day,Присуство за запосленог {0} је већ означена за овај дан,
Attendance not submitted for {0} as it is a Holiday.,Присуство није послато за {0} јер је то празник.,
Bank Entries,Банк unosi,
Base,база,
Beginner,почетник,
Birthday Reminder,Рођендански подсетник,
Bonus Payment Date cannot be a past date,Датум плаћања бонуса не може бити прошњи датум,
Calls,Звонки,
Cannot find active Leave Period,Не могу пронаћи активни период отпуста,
Casual Leave,Повседневная Оставить,
Claimed Amount,Захтевани износ,
Compensatory Off,Компенсационные Выкл,
Contact Number,Контакт број,
Course,курс,
Create Disbursement Entry,Направите унос исплате,
Create Salary Slip,Направи Слип платама,
Create Salary Slips,Направите листе плата,
Creating Payment Entries......,Креирање уплата за уплате ......,
Creating Salary Slips...,Креирање плата ...,
Current,Тренутни,
Current Job Openings,Цуррент Јоб Опенингс,
Daily Work Summary,Дневни Рад Преглед,
Daily Work Summary Group,Дневна радна група,
Date is repeated,Датум се понавља,
Debit A/C Number,Дебитни А / Ц број,
Deduction,Одузимање,
Document Status,Документ статус,
Earning,Стицање,
Employee A/C Number,Број службеника А / Ц,
Employee Benefits,Примања запослених,
Employee Grade,Разред запослених,
Employee Referral,Упућивање запослених,
Employee relieved on {0} must be set as 'Left',"Сотрудник освобожден от {0} должен быть установлен как "" левые""",
Employee {0} already submited an apllication {1} for the payroll period {2},Запослени {0} већ је поднео примену {1} за период платног списка {2},
Employee {0} has no maximum benefit amount,Службеник {0} нема максимални износ накнаде,
Employee {0} is not active or does not exist,Сотрудник {0} не активен или не существует,
Employee {0} is on Leave on {1},Запослени {0} је на Ушћу на {1},
Employee {0} on Half day on {1},Запослени {0} на пола дана на {1},
End time cannot be before start time,Крајње време не може бити пре почетка,
Evaluation,процена,
Event Location,Локација догађаја,
Event Name,Име догађаја,
Expense Claim for Vehicle Log {0},Трошак Захтев за возила Приступи {0},
Expense Claim {0} already exists for the Vehicle Log,Расход Захтев {0} већ постоји за Дневник возила,
Fill the form and save it,Попуните формулар и да га сачувате,
Filter Employees By (Optional),Филтрирајте запослене према (необавезно),
Fiscal Year {0} not found,Фискална година {0} није пронађен,
Food,еда,
For Employee,За запосленог,
From Date {0} cannot be after employee's relieving Date {1},Од Датум {0} не може бити након отпуштања запосленог Датум {1},
From Date {0} cannot be before employee's joining Date {1},Од датума {0} не може бити пре придруживања запосленог Датум {1},
From date can not be less than employee's joining date,Од датума не може бити мањи од датума придруживања запосленог,
Fuel Price,Гориво Цена,
Fuel Qty,Гориво ком,
Full-time,Пуно радно време,
Future dates not allowed,Будући датуми нису дозвољени,
Get Details From Declaration,Добијте детаље из декларације,
Get Employees,Добијте запослене,
Gross Pay,Бруто Паи,
Guest,Гост,
Half Day,Пола дана,
Half Day Date is mandatory,Датум полувремена је обавезан,
Half Day Date should be between From Date and To Date,Пола Дан Датум треба да буде између Од датума и до данас,
Half Day Date should be in between Work From Date and Work End Date,Датум полувремена треба да буде између рада од датума и датума рада,
Half day date should be in between from date and to date,Датум пола дана треба да буде између датума и датума,
Hello,Здраво,
House rent paid days overlapping with {0},Дневни најам куће који се плаћа преклапају са {0},
House rented dates required for exemption calculation,Изнајмљени датуми куће потребни за израчунавање изузећа,
House rented dates should be atleast 15 days apart,Датуми који се изнајмљују у кући треба да буду најмање 15 дана,
Interest Amount,Износ камате,
Intern,стажиста,
Job Description,Опис посла,
Job Offer,Понуда за посао,
Jobs,Послови,
Leave Approval Notification,Оставите одобрење за одобрење,
Leave Blocked,Оставите Блокирани,
Leave Encashment,Оставите уновчења,
Leave Status Notification,Оставите статусну поруку,
Leave Type,Оставите Вид,
Leave Type is madatory,Леаве Типе је лијеван,
Leave Type {0} cannot be allocated since it is leave without pay,Оставите Тип {0} не може бити додељена јер је оставити без плате,
Leave Type {0} cannot be carry-forwarded,Оставите Типе {0} не може носити-прослеђен,
Leave Type {0} is not encashable,Леаве Типе {0} није могуће уклопити,
Leave Without Pay,Оставите Без плате,
"Leave cannot be allocated before {0}, as leave balance has already been carry-forwarded in the future leave allocation record {1}","Оставите не може се доделити пре {0}, као одсуство стање је већ Царри-прослеђен у будућем расподеле одсуство записника {1}",
"Leave cannot be applied/cancelled before {0}, as leave balance has already been carry-forwarded in the future leave allocation record {1}","Оставите се не може применити / отказана пре {0}, као одсуство стање је већ Царри-прослеђен у будућем расподеле одсуство записника {1}",
Leave of type {0} cannot be longer than {1},"Оставить типа {0} не может быть больше, чем {1}",
Leaves,Оставља,
Leaves Allocated Successfully for {0},Листья Выделенные Успешно для {0},
Leaves per Year,Леавес по години,
Lifecycle,Животни циклус,
Mark Attendance,Марк Аттенданце,
Max Exemption Amount cannot be greater than maximum exemption amount {0} of Tax Exemption Category {1},Износ максималног изузећа не може бити већи од максималног изузећа {0} категорије изузећа од пореза {1},
Max benefits should be greater than zero to dispense benefits,Максималне користи би требало да буду веће од нуле да би се избациле користи,
Maximum amount eligible for the component {0} exceeds {1},Максимални износ који одговара компоненти {0} прелази {1},
Maximum benefit amount of component {0} exceeds {1},Максимална корист од компоненте {0} прелази {1},
Maximum benefit amount of employee {0} exceeds {1},Максимални износ накнаде запосленог {0} прелази {1},
Maximum leave allowed in the leave type {0} is {1},Максимални дозвољени одмор у типу одласка {0} је {1},
Medical,медицинский,
Mode of payment is required to make a payment,Начин плаћања је обавезан да изврши уплату,
More than one selection for {0} not allowed,Више од једног избора за {0} није дозвољено,
Net Pay,Нето плата,
Net Pay cannot be less than 0,Нето плата не може бити мања од 0,
Net Salary Amount,Нето износ зараде,
Net pay cannot be negative,Чистая зарплата не может быть отрицательным,
No Employee Found,Но Емплоиее Фоунд,
No Salary Structure assigned for Employee {0} on given date {1},Структура плате није додељена запосленом {0} на датом датуму {1},
No Staffing Plans found for this Designation,Није пронађено планирање кадрова за ову ознаку,
No active or default Salary Structure found for employee {0} for the given dates,Нема активног или стандардна плата структура наћи за запосленог {0} за одређени датум,
No more updates,Нема више ажурирања,
No replies from,Нема одговора од,
No salary slip found to submit for the above selected criteria OR salary slip already submitted,Ниједан образовни лист који је достављен за горе наведене критеријуме ИЛИ већ достављен,
Nothing to change,Ништа се не мења,
Notice Period,Отказни рок,
Only Leave Applications with status 'Approved' and 'Rejected' can be submitted,Остави само Апликације које имају статус &quot;Одобрено&quot; и &quot;Одбијен&quot; могу се доставити,
Optional Holiday List not set for leave period {0},Изборна листа за празнике није постављена за период одмора {0},
Part-time,Скраћено,
Password policy for Salary Slips is not set,Политика лозинке за платне листиће није постављена,
Payment Days,Дана исплате,
Payment of {0} from {1} to {2},Исплата {0} од {1} до {2},
Payroll,платни списак,
Payroll Number,Платни број,
Piecework,рад плаћен на акорд,
Please add the remaining benefits {0} to any of the existing component,Додајте преостале погодности {0} било којој од постојећих компоненти,
Please confirm once you have completed your training,Потврдите кад завршите обуку,
Please enable default incoming account before creating Daily Work Summary Group,Молимо вас да омогућите подразумевани долазни рачун пре креирања Дневног скупа рада,
Please select Company and Designation,Изаберите компанију и ознаку,
Please select Employee,Изаберите Емплоиее,
Please select a csv file,Изаберите цсв датотеку,
Please set default template for Leave Approval Notification in HR Settings.,Молимо подесите подразумевани образац за обавјештење о одобрењу одобрења у ХР поставкама.,
Please set default template for Leave Status Notification in HR Settings.,Молимо подесите подразумевани образац за обавештење о статусу Леаве Статус у ХР поставкама.,
Please set the Company,Подесите Цомпани,
Please set the Date Of Joining for employee {0},Подесите датум приступања за запосленог {0},
Please share your feedback to the training by clicking on 'Training Feedback' and then 'New',"Молимо вас да поделите своје повратне информације на тренинг кликом на &#39;Феедбацк Феедбацк&#39;, а затим &#39;Нев&#39;",
Please update your status for this training event,Молимо да ажурирате свој статус за овај тренинг догађај,
Present,Представљање,
Preview Salary Slip,Преглед плата Слип,
Privilege Leave,Привилегированный Оставить,
Probation,пробни рад,
Probationary Period,Пробни период,
Property,Имовина,
Property already added,Имовина је већ додата,
Replies,Одговори,
Responsibilities,Одговорности,
Role,Улога,
Row {0}# Allocated amount {1} cannot be greater than unclaimed amount {2},Ред {0} # Расподијељена количина {1} не може бити већа од незадовољне количине {2},
Row {0}# Paid Amount cannot be greater than requested advance amount,Ред {0} # Плаћени износ не може бити већи од тражене количине,
Salary Slip ID,Плата Слип ИД,
Salary Slip of employee {0} already created for this period,Плата Слип запосленог {0} већ створен за овај период,
Salary Slip of employee {0} already created for time sheet {1},Плата Слип запосленог {0} већ креиран за време стања {1},
Salary Structure Assignment for Employee already exists,Структура плаће за запослене већ постоји,
Salary Structure Missing,Плата Структура Недостаје,
Salary Structure not found for employee {0} and date {1},Није пронађена структура плата за запосленог {0} и датум {1},
Salary Structure should have flexible benefit component(s) to dispense benefit amount,Структура плата треба да има флексибилне компоненте помоћи за издавање накнаде,
"Salary already processed for period between {0} and {1}, Leave application period cannot be between this date range.","Плата већ обрађени за период од {0} и {1}, Оставите период апликација не може бити између овај период.",
Sanctioned Amount cannot be greater than Claim Amount in Row {0}.,Санкционисани износ не може бити већи од износ потраживања у низу {0}.,
Score must be less than or equal to 5,Коначан мора бити мања или једнака 5,
Select Property,Изаберите Својство,
Select an employee to get the employee advance.,Изаберите запосленог да запослени напредује.,
Service Expense,сервис Трошкови,
Show Employee,Схов Емплоиее,
Show Salary Slip,Схов плата Слип,
Sick Leave,Отпуск по болезни,
"Skipping Salary Structure Assignment for the following employees, as Salary Structure Assignment records already exists against them. {0}","Прескакање задатка за структуру плата за следеће запослене, јер против њих већ постоје евиденције о распореду плаће. {0}",
Staffing Plan {0} already exist for designation {1},План запошљавања {0} већ постоји за ознаку {1},
"Start and end dates not in a valid Payroll Period, cannot calculate {0}","Датуми почетка и завршетка нису у важећем Периоду платног списка, не могу израчунати {0}",
"Start and end dates not in a valid Payroll Period, cannot calculate {0}.","Датуми почетка и краја који нису у важећем периоду плаћања, не могу се израчунати {0}.",
Stock Options,Сток Опције,
Structures have been assigned successfully,Структуре су успешно додељене,
Submit Proof,Пошаљите доказ,
Submit Salary Slip,Пошаљи Слип платама,
Submit this to create the Employee record,Пошаљите ово да бисте креирали запис Запосленог,
Submitting Salary Slips...,Подношење плата ...,
Team Updates,тим ажурирања,
Thank you,Хвала,
The day(s) on which you are applying for leave are holidays. You need not apply for leave.,Дан (и) на коју се пријављујете за дозволу су празници. Не морате пријавити за одмор.,
There are more holidays than working days this month.,"Есть больше праздников , чем рабочих дней в этом месяце.",
There is no leave period in between {0} and {1},Нема периода одласка између {0} и {1},
This is based on the attendance of this Employee,Ово је засновано на похађања овог запосленог,
This will submit Salary Slips and create accrual Journal Entry. Do you want to proceed?,Ово ће доставити накнаде за плате и креирати обрачунски дневник. Да ли желите да наставите?,
To date can not be equal or less than from date,До данас не може бити једнака или мање од датума,
To date can not be less than from date,До данас не може бити мање од датума,
To date can not greater than employee's relieving date,До данас не може бити већи од датума ослобађања запосленог,
Total Absent,Укупно Абсент,
Total Deduction,Укупно Одбитак,
Total Leaves,Укупно Лишће,
Total Present,Укупно Поклон,
Total advance amount cannot be greater than total sanctioned amount,Укупан износ аванса не може бити већи од укупног санкционисаног износа,
Total flexible benefit component amount {0} should not be less than max benefits {1},Укупни износ компоненте флексибилне накнаде {0} не сме бити мањи од максималне накнаде {1},
Total leaves allocated is mandatory for Leave Type {0},Укупна издвојена листића су обавезна за Тип Леаве {0},
Total working hours should not be greater than max working hours {0},Укупно радно време не би требало да буде већи од мак радних сати {0},
Training,тренинг,
Training Event,тренинг догађај,
Training Events,Догађаји обуке,
Training Feedback,обука Контакт,
Training Result,obuka Резултат,
Travel,путешествие,
Update Response,Упдате Респонсе,
Value missing,Недостаје вредност,
Variable,варијабла,
Walk In,Шетња у,
Warning: Leave application contains following block dates,Упозорење: Оставите пријава садржи следеће датуме блок,
Website Listing,Оглас на сајту,
Work Summary for {0},Преглед радова за {0},
You are not authorized to approve leaves on Block Dates,Нисте ауторизовани да одобри лишће на блок Датуми,
You are not present all day(s) between compensatory leave request days,Ви нисте присутни цео дан између захтјева за компензацијски одмор,
You can only submit Leave Encashment for a valid encashment amount,Можете поднијети Леаве Енцасхмент само важећи износ за унос,
{0} already allocated for Employee {1} for period {2} to {3},{0} већ издвојила за запосленог {1} за период {2} {3} у,
{0} applicable after {1} working days,{0} примјењив након {1} радних дана,
{0} is not in Optional Holiday List,{0} није на листи опционих путовања,
{0} is not in a valid Payroll Period,{0} није у важећем периоду плаћања,
{0} must be submitted,{0} морају бити поднети,
"{0}: Employee email not found, hence email not sent","{0}: е запослених није пронађен, стога емаил није послата",
{0}: From {0} of type {1},{0}: Од {0} типа {1},
Conditions,Услови,
Percent,Проценат,
Error in some rows,Грешка у неким редовима,
Benefit,Бенефит,
Shift,Смена,
Importing {0} of {1},Увоз {0} од {1},
'employee_field_value' and 'timestamp' are required.,Обавезни су &#39;Емплои_фиелд_валуе&#39; и &#39;тиметамп&#39;.,
Allocation Expired!,Расподјела је истекла!,
Attendance Marked,Посећеност је обележена,
Attendance has been marked as per employee check-ins,Похађање је означено према пријавама запослених,
Date Range,Датум опсег,
Event Link,Евент Линк,
Expire Allocation,Истече додељивање,
Fuel Expense,Расходи горива,
Intermediate,средњи,
Leave application is linked with leave allocations {0}. Leave application cannot be set as leave without pay,Пријава за одлазак повезана је са издвајањем одсуства {0}. Апликација за одлазак не може се поставити као допуст без плаћања,
Log Type is required for check-ins falling in the shift: {0}.,Врста дневника је потребна за пријаву која пада у смени: {0}.,
No Employee found for the given employee field value. '{}': {},За одређену вредност поља запосленог није пронађен ниједан запослени. &#39;{}&#39;: {},
No Leaves Allocated to Employee: {0} for Leave Type: {1},Без лишћа додељено запосленом: {0} за врсту одмора: {1},
Only expired allocation can be cancelled,Само истекле алокације могу се отказати,
Only users with the {0} role can create backdated leave applications,Само корисници са улогом {0} могу креирати назадне апликације за допуст,
Password policy cannot contain spaces or simultaneous hyphens. The format will be restructured automatically,Политика лозинке не може садржавати размаке или симултане цртице. Формат ће се аутоматски реструктурирати,
Please enter the designation,Унесите ознаку,
There are no vacancies under staffing plan {0},Нема слободних радних места у оквиру кадровског плана {0},
This employee already has a log with the same timestamp.{0},Овај запослени већ има дневник са истим временским жигом. {0},
Timing,Време,
To date needs to be before from date,Датум мора бити раније од датума,
Total Early Exits,Укупни рани излази,
Total Late Entries,Укупно касних уноса,
Training Event:,Тренинг догађај:,
Unable to find Salary Component {0},Није могуће пронаћи компоненту зараде {0},
Unmarked Attendance for days,Данима без обележавања,
Vacancies cannot be lower than the current openings,Слободна радна места не могу бити нижа од постојећих,
{} is an invalid Attendance Status.,{} је неважећи статус посете.,
Printed On,Штампано на,
No employee found,Но Емплоиее Фоунд,
Please setup Employee Naming System in Human Resource > HR Settings,Молимо поставите систем именовања запосленика у људским ресурсима&gt; ХР подешавања,
Please setup numbering series for Attendance via Setup > Numbering Series,Молимо вас да подесите серију нумерирања за Аттенданце путем Подешавање&gt; Нумерирање серија,
Current Odometer Value should be greater than Last Odometer Value {0},Тренутна вредност бројача километара мора бити већа од вредности последњег бројача километара {0},
No additional expenses has been added,Није додат додатни трошак,
{0} already exists for employee {1} and period {2},{0} већ постоји за запосленог {1} и период {2},
Leaves Allocated,Алоцирано лишће,
Leave Without Pay does not match with approved {} records,Леаве Витхоут Паи се не подудара са одобреним {} евиденцијама,
Income Tax Slab not set in Salary Structure Assignment: {0},Плоча пореза на доходак није постављена у додељивању структуре зараде: {0},
Income Tax Slab: {0} is disabled,Плоча пореза на доходак: {0} је онемогућена,
Income Tax Slab must be effective on or before Payroll Period Start Date: {0},Плоча пореза на доходак мора бити на снази на или пре датума почетка периода обрачуна зарада: {0},
No leave record found for employee {0} on {1},Није пронађен запис о одсуству за запосленог {0} на {1},
Row {0}: {1} is required in the expenses table to book an expense claim.,Ред {0}: {1} је потребан у табели трошкова да би се резервирао захтев за издатак.,
Set the default account for the {0} {1},Подесите подразумевани налог за {0} {1},
(Half Day),(Полудневни),
Income Tax Slab,Плоча пореза на доходак,
Row #{0}: Cannot set amount or formula for Salary Component {1} with Variable Based On Taxable Salary,Ред # {0}: Није могуће поставити износ или формулу за компоненту зараде {1} са променљивом на основу опорезиве зараде,
Repay From Salary can be selected only for term loans,Репаи Фром Салари може се одабрати само за орочене кредите,
Salary Component Account,Плата Компонента налог,
Default Bank / Cash account will be automatically updated in Salary Journal Entry when this mode is selected.,Дефаулт Банка / Готовина налог ће аутоматски бити ажуриран у плате књижење када је изабран овај режим.,
Result,Резултат,
Total Score,Крајњи резултат,
Joining Date,Датум приступања,
Publish on website,Објави на сајту,
Application Status,Статус апликације,
IN,ИН,
Remind Before,Подсети Пре,
Reminded,Подсетио,
Additional Salary,Додатна плата,
HR-ADS-.YY.-.MM.-,ХР-АДС-.ИИ .-. ММ.-,
Salary Component,плата Компонента,
Overwrite Salary Structure Amount,Прекорачити износ плата у структури,
Deduct Full Tax on Selected Payroll Date,Одбијени пуни порез на одабрани датум обрачуна,
Payroll Date,Датум плаћања,
Salary Component Type,Тип плата компонената,
Appointment Letter,Писмо о именовању,
Appointment Date,Датум именовања,
Appointment Letter Template,Предложак писма о именовању,
Closing Notes,Завршне белешке,
Appointment Letter content,Садржај писма о састанку,
Appraisal,Процена,
HR-APR-.YY.-.MM.,ХР-АПР-.ИИ.-.ММ.,
For Employee Name,За запосленог Име,
Goals,Циљеви,
Total Score (Out of 5),Укупна оцена (Оут оф 5),
"Any other remarks, noteworthy effort that should go in the records.","Било који други примедбе, напоменути напор који треба да иде у евиденцији.",
Appraisal Goal,Процена Гол,
Key Responsibility Area,Кључна Одговорност Површина,
Weightage (%),Веигхтаге (%),
Score (0-5),Оцена (0-5),
Score Earned,Оцена Еарнед,
Appraisal Template Title,Процена Шаблон Наслов,
Appraisal Template Goal,Процена Шаблон Гол,
KRA,Гром,
Key Performance Area,Кључна Перформансе Област,
HR-ATT-.YYYY.-,ХР-АТТ-ИИИИ.-,
On Leave,На одсуству,
Work From Home,Рад од куће,
Leave Application,Оставите апликацију,
Attendance Date,Гледалаца Датум,
Attendance Request,Захтев за присуством,
Late Entry,Касни улазак,
Early Exit,Рани излазак,
Half Day Date,Полудневни Датум,
On Duty,На дужности,
Explanation,Објашњење,
Compensatory Leave Request,Захтев за компензацијско одузимање,
Leave Allocation,Оставите Алокација,
Worked On Holiday,Радили на одмору,
Work From Date,Рад са датума,
Work End Date,Датум завршетка рада,
Email Sent To,Емаил који је послат,
Select Users,Изаберите Кориснике,
Send Emails At,Шаљу мејлове на,
Reminder,Подсетник,
Daily Work Summary Group User,Корисник дневног рада,
email,е-маил,
Department Approver,Одељење Одељења,
Approver,Одобраватељ,
Designation Skill,Ознака вештина,
Skill,Вештина,
Leave Policy,Леаве Полици,
Salary Details,Детаљи о платама,
HR-EAD-.YYYY.-,ХР-ЕАД-.ИИИИ.-,
Claimed,Тврди,
Employee Attendance Tool,Запослени Присуство Алат,
Unmarked Attendance,Необележен Присуство,
Employees HTML,zaposleni ХТМЛ,
Marked Attendance,Приметан Присуство,
Marked Attendance HTML,Приметан Присуство ХТМЛ,
Employee Benefit Application,Апплицатион Емплоиее Бенефит,
Max Benefits (Yearly),Мак Бенефитс (Годишње),
Remaining Benefits (Yearly),Преостале користи (годишње),
Payroll Period,Период плаћања,
Dispensed Amount (Pro-rated),Диспенсед Амоунт (Про-ратед),
Employee Benefit Application Detail,Детаил Апплицатион Бенефит Емплоиее,
Earning Component,Зарађивачка компонента,
Pay Against Benefit Claim,Плаћање против повластице,
Max Benefit Amount,Мак Бенефит Количина,
Employee Benefit Claim,Захтев за накнаде запосленима,
Claim Date,Датум подношења захтева,
Claim Benefit For,Захтевај повластицу за,
Max Amount Eligible,Максимални износ квалификован,
Expense Proof,Доказ о трошковима,
Employee Boarding Activity,Активност укрцавања запослених,
Activity Name,Назив активности,
Required for Employee Creation,Потребно за стварање запослених,
Applicable in the case of Employee Onboarding,Примењује се у случају Емплоиее Онбоардинг,
Employee Checkin,Цхецкин Емплоиее Цхецкин,
Log Type,Врста дневника,
OUT,ОУТ,
Location / Device ID,Локација / ИД уређаја,
Skip Auto Attendance,Прескочите аутоматско присуство,
Shift Start,Схифт Старт,
Shift End,Схифт Енд,
Shift Actual Start,Стварни почетак промјене,
Shift Actual End,Стварни крај промене,
Default Salary Structure,Подразумевана плата Структура,
Employee Health Insurance,Здравствено осигурање запослених,
Health Insurance Name,Назив здравственог осигурања,
Employee Incentive,Инцентиве за запослене,
Incentive Amount,Подстицајни износ,
Employee Onboarding,Емплоиее Онбоардинг,
Notify users by email,Обавештавајте кориснике путем е-маила,
Employee Onboarding Template,Темплате Емплоиее онбоардинг,
Employee Other Income,Остали приходи запослених,
Employee Promotion,Промоција запослених,
Promotion Date,Датум промоције,
Employee Promotion Details,Детаљи о напредовању запослених,
Employee Property History,Историја имовине запослених,
Employee Separation,Раздвајање запослених,
Employee Separation Template,Шаблон за раздвајање запослених,
Exit Interview Summary,Излаз из интервјуа,
Employee Skill,Вештина запослених,
Proficiency,Професионалност,
Evaluation Date,Датум процене,
Employee Skill Map,Мапа вештина запослених,
Employee Skills,Вештине запослених,
Trainings,Тренинзи,
Employee Tax Exemption Category,Категорија ослобађања од пореза на запослене,
Max Exemption Amount,Износ максималног изузећа,
Employee Tax Exemption Declaration,Изјава о изузећу пореза на раднике,
Declarations,Декларације,
Total Declared Amount,Укупан пријављени износ,
Total Exemption Amount,Укупан износ ослобађања,
Employee Tax Exemption Declaration Category,Категорија изјаве о изузећу пореза на раднике,
Exemption Sub Category,Изузетна подкатегорија,
Exemption Category,Категорија изузећа,
Maximum Exempted Amount,Максимални изузети износ,
Declared Amount,Декларисан износ,
Employee Tax Exemption Proof Submission,Поднесак доказа ослобађања од пореза на раднике,
Submission Date,Датум подношења,
Tax Exemption Proofs,Докази о порезном ослобађању,
Total Actual Amount,Укупни стварни износ,
Employee Tax Exemption Proof Submission Detail,Детаљи о подношењу доказа о изузећу пореза на раднике,
Maximum Exemption Amount,Максимални износ изузећа,
Type of Proof,Врста доказа,
Actual Amount,Стварни износ,
Employee Tax Exemption Sub Category,Под категорију изузећа за порез на запослене,
Tax Exemption Category,Категорија опорезивања,
Employee Training,Обука запослених,
Training Date,Датум обуке,
Employee Transfer,Трансфер радника,
Transfer Date,Датум преноса,
Employee Transfer Details,Детаљи трансфера запослених,
Employee Transfer Detail,Детаљи трансфера запослених,
Re-allocate Leaves,Поново доделите листове,
Create New Employee Id,Креирај нови број запослених,
New Employee ID,Нови ИД запослених,
HR-EXP-.YYYY.-,ХР-ЕКСП-ИИИИ.-,
Expense Taxes and Charges,Порези и таксе за трошење,
Total Sanctioned Amount,Укупан износ санкционисан,
Total Advance Amount,Укупан авансни износ,
Total Claimed Amount,Укупан износ полаже,
Total Amount Reimbursed,Укупан износ рефундирају,
Vehicle Log,возило се,
Employees Email Id,Запослени Емаил ИД,
More Details,Детаљније,
Expense Claim Account,Расходи Захтев налог,
Expense Claim Advance,Адванце Цлаим Адванце,
Expense Claim Detail,Расходи потраживање Детаљ,
Expense Date,Расходи Датум,
Expense Claim Type,Расходи потраживање Тип,
HR Settings,ХР Подешавања,
Employee Settings,Подешавања запослених,
Expense Approver Mandatory In Expense Claim,Трошкови одобрења обавезни у потраживању трошкова,
Payroll Settings,Платне Подешавања,
Leave,Одлази,
Max working hours against Timesheet,Мак радног времена против ТимеСхеет,
Include holidays in Total no. of Working Days,Укључи одмор у Укупан бр. радних дана,
"If checked, Total no. of Working Days will include holidays, and this will reduce the value of Salary Per Day","Уколико је означено, Укупно нема. радних дана ће се укључити празника, а то ће смањити вредност зараде по дану",
"If checked, hides and disables Rounded Total field in Salary Slips","Ако је означено, сакрива и онемогућује поље Заокружено укупно у листићима за плаћу",
The fraction of daily wages to be paid for half-day attendance,Део дневница који ће се исплаћивати за полудневно присуство,
Email Salary Slip to Employee,Емаил плата Слип да запосленом,
Emails salary slip to employee based on preferred email selected in Employee,Емаилс плата клизање да запосленом на основу пожељног е-маил одабран у запосленог,
Encrypt Salary Slips in Emails,Шифрирајте камате за плаће у е-порукама,
"The salary slip emailed to the employee will be password protected, the password will be generated based on the password policy.","Попис плата упућен запосленом биће заштићен лозинком, а лозинка ће се генерисати на основу смерница за лозинку.",
Password Policy,Политика лозинке,
<b>Example:</b> SAL-{first_name}-{date_of_birth.year} <br>This will generate a password like SAL-Jane-1972,<b>Пример:</b> САЛ- {прво име} - {датум_оф_биртх.год.} <br> Ово ће генерисати лозинку попут САЛ-Јане-1972,
Leave Approval Notification Template,Оставите шаблон за упозорење о одобрењу,
Leave Status Notification Template,Оставите шаблон за статусно стање,
Role Allowed to Create Backdated Leave Application,Улога је дозвољена за креирање назадне апликације за одлазак,
Leave Approver Mandatory In Leave Application,Оставите одобрење у обавезној апликацији,
Show Leaves Of All Department Members In Calendar,Покажите листе свих чланова Одељења у календару,
Auto Leave Encashment,Ауто Леаве Енцасхмент,
Hiring Settings,Подешавања запошљавања,
Check Vacancies On Job Offer Creation,Проверите конкурсе за креирање понуде за посао,
Identification Document Type,Тип идентификационог документа,
Effective from,На снази од,
Allow Tax Exemption,Дозволи изузеће од пореза,
"If enabled, Tax Exemption Declaration will be considered for income tax calculation.","Ако је омогућено, за обрачун пореза на доходак узимаће се у обзир Изјава о изузећу од пореза.",
Standard Tax Exemption Amount,Стандардни износ ослобођења од пореза,
Taxable Salary Slabs,Опорезива плата за опорезивање,
Taxes and Charges on Income Tax,Порези и накнаде на порез на доходак,
Other Taxes and Charges,Остали порези и накнаде,
Income Tax Slab Other Charges,Остале накнаде за порез на доходак,
Min Taxable Income,Минимални опорезиви приход,
Max Taxable Income,Максимални опорезиви приход,
Applicant for a Job,Подносилац захтева за посао,
Job Opening,Посао Отварање,
Cover Letter,Пропратно писмо,
Resume Attachment,ресуме Прилог,
Job Applicant Source,Извор апликанта за посао,
Applicant Email Address,Е-адреса подносиоца захтева,
Awaiting Response,Очекујем одговор,
Job Offer Terms,Услови понуде посла,
Select Terms and Conditions,Изаберите Услови,
Job Offer Term,Трајање понуде за посао,
Offer Term,Понуда Рок,
Value / Description,Вредност / Опис,
Description of a Job Opening,Опис посао Отварање,
Staffing Plan,План запошљавања,
Planned number of Positions,Планирани број позиција,
"Job profile, qualifications required etc.","Профиль работы , квалификация , необходимые т.д.",
HR-LAL-.YYYY.-,ХР-ЛАЛ-.ИИИИ.-,
New Leaves Allocated,Нови Леавес Издвојена,
Add unused leaves from previous allocations,Додај неискоришћене листове из претходних алокација,
Unused leaves,Неискоришћени листови,
Total Leaves Allocated,Укупно Лишће Издвојена,
Total Leaves Encashed,Тотал Леавес Енцасед,
Leave Period,Оставите Период,
Carry Forwarded Leaves,Царри Форвардед Леавес,
Apply / Approve Leaves,Нанесите / Цоунт Леавес,
HR-LAP-.YYYY.-,ХР-ЛАП-ИИИИ.-,
Leave Balance Before Application,Оставите биланс Пре пријаве,
Total Leave Days,Укупно ЛЕАВЕ Дана,
Leave Approver Name,Оставите одобраватељ Име,
Follow via Email,Пратите преко е-поште,
Block Holidays on important days.,Блоцк Холидаис он важним данима.,
Leave Block List Name,Оставите Име листу блокираних,
Applies to Company,Примењује се на предузећа,
"If not checked, the list will have to be added to each Department where it has to be applied.","Ако се не проверава, листа ће морати да се дода сваком одељењу где има да се примењује.",
Block Days,Блок Дана,
Stop users from making Leave Applications on following days.,Стоп кориснике од доношења Леаве апликација на наредним данима.,
Leave Block List Dates,Оставите Датуми листу блокираних,
Allow Users,Дозволи корисницима,
Allow the following users to approve Leave Applications for block days.,Дозволи следеће корисницима да одобри Апликације оставити за блок дана.,
Leave Block List Allowed,Оставите Блоцк Лист Дозвољени,
Leave Block List Allow,Оставите листу блокираних Аллов,
Allow User,Дозволите кориснику,
Leave Block List Date,Оставите Датум листу блокираних,
Block Date,Блоцк Дате,
Leave Control Panel,Оставите Цонтрол Панел,
Employment Type (optional),Врста запослења (изборно),
Branch (optional),Филијала (необвезно),
Department (optional),Одељење (факултативно),
Designation (optional),Ознака (необавезно),
Employee Grade (optional),Ступањ запосленика (изборно),
Employee (optional),Запослени (необвезно),
Allocate Leaves,Распореди лишће,
Carry Forward,Пренети,
Please select Carry Forward if you also want to include previous fiscal year's balance leaves to this fiscal year,Молимо изаберите пренети ако такође желите да укључите претходну фискалну годину је биланс оставља на ову фискалну годину,
New Leaves Allocated (In Days),Нове Лишће Издвојена (у данима),
Leave Balance,Оставите равнотежу,
Encashable days,Енцасхабле даис,
Encashment Amount,Амоунт оф енцасхмент,
Leave Ledger Entry,Оставите унос књиге,
Transaction Name,Назив трансакције,
Is Carry Forward,Је напред Царри,
Is Expired,Истекао је,
Is Leave Without Pay,Да ли је Оставите без плате,
Holiday List for Optional Leave,Лист за одмор за опциони одлазак,
Leave Allocations,Леаве Аллоцатион,
Leave Policy Details,Оставите детаље о политици,
Leave Policy Detail,Оставите детаље о политици,
Annual Allocation,Годишња додјела,
Leave Type Name,Оставите Име Вид,
Applicable After (Working Days),Примењив после (Радни дани),
Is Optional Leave,Да ли је опционално напустити,
Allow Negative Balance,Дозволи негативан салдо,
Include holidays within leaves as leaves,"Укључи празнике у листовима, као лишће",
Is Compensatory,Ис Компензација,
Maximum Carry Forwarded Leaves,Максимално носећи прослеђене листове,
Expire Carry Forwarded Leaves (Days),Истече Царри Форвардед Леавес (Дани),
Calculated in days,Израчунато у данима,
Encashment,Енцасхмент,
Allow Encashment,Дозволи Енцасхмент,
Encashment Threshold Days,Дани прага осигуравања,
Earned Leave,Зарађени одлазак,
Is Earned Leave,Да ли је зарађена?,
Earned Leave Frequency,Зарађена фреквенција одласка,
Rounding,Заокруживање,
Payroll Employee Detail,Детаљи о запосленима,
Payroll Frequency,паиролл Фреквенција,
Fortnightly,четрнаестодневни,
Bimonthly,часопис који излази свака два месеца,
Employees,zaposleni,
Number Of Employees,Број запослених,
Employee Details,Запослених Детаљи,
Validate Attendance,Потврдите присуство,
Salary Slip Based on Timesheet,Плата Слип основу ТимеСхеет,
Deduct Tax For Unclaimed Employee Benefits,Порез на одбитку за необјављене користи запосленима,
Deduct Tax For Unsubmitted Tax Exemption Proof,Порез на одбитку за неоснован доказ о ослобађању од пореза,
Select Payment Account to make Bank Entry,Избор Плаћање рачуна да банке Ентри,
Salary Slips Created,Створене плоче,
Salary Slips Submitted,Посланице за плате,
Payroll Periods,Периоди плаћања,
Payroll Period Date,Датум периода плаћања,
Purpose of Travel,Сврха путовања,
Retention Bonus,Бонус за задржавање,
Bonus Payment Date,Датум исплате бонуса,
Bonus Amount,Бонус износ,
Depends on Payment Days,Зависи од дана плаћања,
Is Tax Applicable,Да ли се порез примењује,
Variable Based On Taxable Salary,Варијабла заснована на опорезивој плаћи,
Exempted from Income Tax,Изузето од пореза на доходак,
Round to the Nearest Integer,Заокружите на најближи цели број,
Statistical Component,Статистички Компонента,
"If selected, the value specified or calculated in this component will not contribute to the earnings or deductions. However, it's value can be referenced by other components that can be added or deducted. ","Ако је изабран, вредност наведена или израчунати ове компоненте неће допринети зараде или одбитака. Међутим, то је вредност може да се наведени од стране других компоненти које се могу додати или одбити.",
Do Not Include in Total,Не укључују у укупно,
Flexible Benefits,Флексибилне предности,
Is Flexible Benefit,Је флексибилна корист,
Max Benefit Amount (Yearly),Максимални износ накнаде (Годишњи),
Only Tax Impact (Cannot Claim But Part of Taxable Income),"Само утицај на порез (не могу тврдити, али део пореског прихода)",
Create Separate Payment Entry Against Benefit Claim,Направите одвојени улаз за плаћање против потраживања,
Amount based on formula,Износ на основу формуле,
Formula,формула,
Salary Detail,плата Детаљ,
Component,Саставни део,
Do not include in total,Не укључујте у потпуности,
Default Amount,Уобичајено Износ,
Additional Amount,Додатни износ,
Tax on flexible benefit,Порез на флексибилну корист,
Tax on additional salary,Порез на додатну плату,
Salary Structure,Плата Структура,
Working Days,Радних дана,
Salary Slip Timesheet,Плата Слип Тимесхеет,
Earnings,Зарада,
Deductions,Одбици,
Total in words,Укупно у речима,
Salary Component for timesheet based payroll.,Плата Компонента за плате на основу ТимеСхеет.,
Leave Encashment Amount Per Day,Оставите износ уноса на дан,
Max Benefits (Amount),Максималне предности (износ),
Salary breakup based on Earning and Deduction.,Плата распада на основу зараде и дедукције.,
Total Earning,Укупна Зарада,
Salary Structure Assignment,Распоред плата,
Shift Assignment,Схифт Ассигнмент,
Shift Type,Тип померања,
Shift Request,Захтев за пребацивање,
Enable Auto Attendance,Омогући аутоматско присуство,
Mark attendance based on 'Employee Checkin' for Employees assigned to this shift.,Означите присуство на основу „Цхецкинге Емплоиее Цхецкин“ за запослене додељене овој смени.,
Auto Attendance Settings,Подешавања аутоматске посете,
Determine Check-in and Check-out,Одредите Цхецк-ин и Цхецк-оут,
Alternating entries as IN and OUT during the same shift,Наизменични уноси као ИН и ОУТ током исте смене,
Strictly based on Log Type in Employee Checkin,Строго засновано на типу дневника у Цхецкињу запосленика,
Working Hours Calculation Based On,Прорачун радног времена на основу,
First Check-in and Last Check-out,Прва пријава и последња одјава,
Every Valid Check-in and Check-out,Свака ваљана пријава и одјава,
Begin check-in before shift start time (in minutes),Започните пријаву пре времена почетка смене (у минутама),
The time before the shift start time during which Employee Check-in is considered for attendance.,Време пре почетка смене током којег се одјава пријављује за присуство.,
Allow check-out after shift end time (in minutes),Дозволи одјаву након завршетка смене (у минутама),
Time after the end of shift during which check-out is considered for attendance.,Време по завршетку смене током које се одјава одлази на присуство.,
Working Hours Threshold for Half Day,Праг радног времена за пола дана,
Working hours below which Half Day is marked. (Zero to disable),Радно време испод којег се обележава Половна дана. (Нула за онемогућавање),
Working Hours Threshold for Absent,Праг радног времена за одсутне,
Working hours below which Absent is marked. (Zero to disable),Радно време испод којег је обележен Абсент. (Нула за онемогућавање),
Process Attendance After,Посједовање процеса након,
Attendance will be marked automatically only after this date.,Похађање ће бити обележено аутоматски након овог датума.,
Last Sync of Checkin,Ласт Синц оф Цхецкин,
Last Known Successful Sync of Employee Checkin. Reset this only if you are sure that all Logs are synced from all the locations. Please don't modify this if you are unsure.,Последња позната успешна синхронизација Цхецкин запосленика. Поништите ово само ако сте сигурни да су сви Дневници синхронизовани са свих локација. Молимо вас да то не мењате ако нисте сигурни.,
Grace Period Settings For Auto Attendance,Подешавања грациозног периода за аутоматско присуство,
Enable Entry Grace Period,Омогући улазак Граце Период,
Late Entry Grace Period,Период касног уласка,
The time after the shift start time when check-in is considered as late (in minutes).,Време после почетка смене приликом пријављивања сматра се касним (у минутама).,
Enable Exit Grace Period,Омогући Екит Граце Период,
Early Exit Grace Period,Период раног изласка из милости,
The time before the shift end time when check-out is considered as early (in minutes).,Време пре завршетка смене приликом одјаве сматра се раним (у минутама).,
Skill Name,Назив вештине,
Staffing Plan Detail,Детаљи особља плана,
Total Estimated Budget,Укупни процијењени буџет,
Vacancies,Радна места,
Estimated Cost Per Position,Процењени трошак по позицији,
Total Estimated Cost,Укупни процењени трошкови,
Current Count,Тренутни број,
Current Openings,Цуррент Опенингс,
Number Of Positions,Број позиција,
Taxable Salary Slab,Опорезива плата за опорезивање,
From Amount,Од износа,
To Amount,За износ,
Percent Deduction,Проценат одбијања,
Training Program,Програм обуке,
Event Status,Статус догађаја,
Has Certificate,Има сертификат,
Seminar,семинар,
Theory,теорија,
Workshop,радионица,
Conference,конференција,
Exam,испит,
Internet,Интернет,
Self-Study,Само-студирање,
Advance,Адванце,
Trainer Name,тренер Име,
Trainer Email,тренер-маил,
Attendees,Присутни,
Employee Emails,Емаилс оф емплоиеес,
Training Event Employee,Тренинг догађај запослених,
Invited,позван,
Feedback Submitted,феедбацк Субмиттед,
Training Result Employee,Обука запослених Резултат,
Travel Itinerary,Путни пут,
Travel From,Травел Фром,
Travel To,Путују у,
Mode of Travel,Режим путовања,
Flight,Лет,
Train,Воз,
Taxi,Такси,
Rented Car,Рентед Цар,
Meal Preference,Преференција за оброк,
Vegetarian,Вегетаријанац,
Non-Vegetarian,Не вегетаријанац,
Gluten Free,Без глутена,
Non Diary,Нон Дневник,
Travel Advance Required,Потребно је унапредити путовање,
Departure Datetime,Одлазак Датетиме,
Arrival Datetime,Долазак Датетиме,
Lodging Required,Потребно смештање,
Preferred Area for Lodging,Преферирана област за смештај,
Check-in Date,Датум пријаве,
Check-out Date,Датум одласка,
Travel Request,Захтев за путовање,
Travel Type,Тип путовања,
Domestic,Домаћи,
International,Интернатионал,
Travel Funding,Финансирање путовања,
Require Full Funding,Захтевајте потпуну финансијску помоћ,
Fully Sponsored,Потпуно спонзорисани,
"Partially Sponsored, Require Partial Funding","Делимично спонзорисани, захтевају делимично финансирање",
Copy of Invitation/Announcement,Копија позива / обавештења,
"Details of Sponsor (Name, Location)","Детаљи спонзора (име, локација)",
Identification Document Number,Број идентификационог документа,
Any other details,Било који други детаљ,
Costing Details,Детаљи о трошковима,
Event Details,Детаљи догађаја,
Name of Organizer,Име организатора,
Address of Organizer,Адреса организатора,
Travel Request Costing,Травел Рекуест Цостинг,
Expense Type,Тип расхода,
Sponsored Amount,Спонзорирани износ,
Funded Amount,Средствени износ,
Upload Attendance,Уплоад присуствовање,
Attendance From Date,Гледалаца Од датума,
Attendance To Date,Присуство Дате,
Get Template,Гет шаблона,
Import Attendance,Увоз Гледалаца,
Upload HTML,Уплоад ХТМЛ,
HR-VLOG-.YYYY.-,ХР-ВЛОГ-.ИИИИ.-,
Odometer Reading,Километража,
Current Odometer value ,Тренутна вредност одометра,
Refuelling Details,Рефуеллинг Детаљи,
Invoice Ref,фактура Реф,
Service Details,Сервице Детаљи,
Vehicle Service,Сервис возила,
Service Item,сервис артикла,
Brake Oil,кочница уље,
Brake Pad,brake Пад,
Clutch Plate,цлутцх плате,
Engine Oil,Моторно уље,
Oil Change,Промена уља,
Inspection,инспекција,
Mileage,километража,
Salary Slip Loan,Зараду за плате,
Loan Repayment Entry,Отплата зајма,
May,Мај,
June,Јуна,
July,Јул,
Bank Remittance,Банковни дознаци,
Daily Work Summary Replies,Дневни послови,
Employee Advance Summary,Сажетак упосленика,
Employees working on a holiday,Запослени који раде на одмор,
Monthly Attendance Sheet,Гледалаца Месечни лист,
Salary Register,плата Регистрација,
Unpaid Expense Claim,Неплаћени расходи Захтев,
Payment Account is mandatory,Рачун за плаћање је обавезан,
"If checked, the full amount will be deducted from taxable income before calculating income tax without any declaration or proof submission.","Ако се означи, пуни износ ће се одбити од опорезивог дохотка пре обрачуна пореза на доходак без икакве изјаве или подношења доказа.",
In Time,На време,
Out Time,Немати времена,
Is Recurring,Понавља се,
HRA Exemption,Изузеће ХРА,
Monthly House Rent,Месечна најам кућа,
Rented in Metro City,Изнајмљено у Метро Цити,
HRA as per Salary Structure,ХРА према структури плата,
Annual HRA Exemption,Годишње изузеће ХРА,
Monthly HRA Exemption,Месечно изузеће ХРА,
House Rent Payment Amount,Износ плаћања закупа куће,
Rented From Date,Изнајмљено од датума,
Rented To Date,Изнајмљено до данас,
Monthly Eligible Amount,Месечни прихватљиви износ,
Total Eligible HRA Exemption,Потпуно прихватљиво изузеће ХРА,
Validating Employee Attendance...,Потврђивање присуства запослених ...,
Submitting Salary Slips and creating Journal Entry...,Слање плата и израда уноса у часопис ...,
Calculate Payroll Working Days Based On,Израчунајте радне дане зараде на основу,
Consider Unmarked Attendance As,Неозначено присуство посматрајте као,
Fraction of Daily Salary for Half Day,Део дневне зараде за пола дана,
Component Type,Тип компоненте,
Provident Fund,штедни фонд,
Additional Provident Fund,Додатни осигуравајући фонд,
Provident Fund Loan,Зајам Провидент фонда,
Professional Tax,Порез на професионалце,
Is Income Tax Component,Је компонента пореза на доходак,
Component properties and references ,Својства и референце компонената,
Additional Salary ,Додатна плата,
Unmarked days,Необележени дани,
Absent Days,Одсутни дани,
Conditions and Formula variable and example,Услови и варијабла формуле и пример,
Income Tax Deductions,Одбици пореза на доходак,
Income Tax Component,Компонента пореза на доходак,
Income Tax Amount,Износ пореза на доходак,
Unmarked Days,Необележени дани,
Jan,Јан,
Feb,Феб,
Mar,Мар,
Apr,Апр,
Aug,Авг,
Sep,Сеп,
Oct,Окт,
Nov,Нема в,
Dec,Дец,
Summarized View,Резимирани приказ,
Professional Tax Deductions,Професионални одбици пореза,
Provident Fund Deductions,Одбици осигуравајућег фонда,
Recruitment Analytics,Аналитика запошљавања,
Applicant name,Име апликанта,
Job Offer status,Статус понуде посла,
On Date,На састанку,
Salary Payments Based On Payment Mode,Исплате плата на основу начина плаћања,
Salary Payments via ECS,Исплате плата путем ЕЦС-а,
Account No,Рачун бр,
IFSC,ИФСЦ,
MICR,МИЦР,
PF Account,ПФ рачун,
PF Amount,Износ ПФ,
Additional PF,Додатни ПФ,
PF Loan,ПФ зајам,
Duplicate Entry,Дупликат уноса,
Please select Employee first.,Прво одаберите Запослени.,
To Date should be greater than From Date,До датума би требало да буде веће од датума,
Job Offer: {0} is already for Job Applicant: {1},Понуда за посао: {0} је већ за кандидата за посао: {1},
Only Shift Request with status 'Approved' and 'Rejected' can be submitted,Може се поднети само захтев за смену са статусом „Одобрено“ и „Одбијено“,
Shift Assignment: {0} created for Employee: {1},Задатак смене: {0} креиран за запосленог: {1},
You can not request for your Default Shift: {0},Не можете да захтевате подразумевано померање: {0},
Only Approvers can Approve this Request.,Само одобравачи могу одобрити овај захтев.,
Please set Payroll based on in Payroll settings,Молимо подесите зараду на основу подешавања зараде,
Additional Salary: {0} already exist for Salary Component: {1} for period {2} and {3},Додатна плата: {0} већ постоји за компоненту зараде: {1} за период {2} и {3},
Payroll date can not be less than employee's joining date.,Датум зараде не може бити мањи од датума придруживања запосленог.,
From date can not be less than employee's joining date.,Од датума не може бити мањи од датума приступања запосленог.,
To date can not be greater than employee's relieving date.,До данас не може бити дуже од датума разрешења запосленика.,
Payroll date can not be greater than employee's relieving date.,Датум обрачуна зарада не може бити дужи од датума разрешења запосленог.,
Condition and formula,Стање и формула,
Available Leaves,Расположиве листе,
IFSC Code,ИФСЦ код,
Others,другие,
Total Allocated Leaves,Укупно издвојене листе,
Used Leaves,Користи Леавес,
PAN Number,ПАН број,
Expired Leaves,Истекло лишће,
