) for {0},) för {0},
A {0} exists between {1} and {2} (,En {0} existerar mellan {1} och {2} (,
Absent,Frånvarande,
Accrual Journal Entry for salaries from {0} to {1},Periodiseringsjournalen Inträde för löner från {0} till {1},
Add to Details,Lägg till i detaljer,
Added to details,Tillagt till detaljer,
All Jobs,Alla jobb,
Allocated Leaves,Tilldelade blad,
Annual Salary,Årslön,
Application period cannot be across two allocation records,Ansökningsperioden kan inte över två fördelningsrekord,
Application period cannot be outside leave allocation period,Ansökningstiden kan inte vara utanför ledighet fördelningsperioden,
Apply Now,Ansök nu,
Apprentice,Lärling,
Approval Status,Godkännandestatus,
Approval Status must be 'Approved' or 'Rejected',"Godkännandestatus måste vara ""Godkänd"" eller ""Avvisad""",
As per your assigned Salary Structure you cannot apply for benefits,Enligt din tilldelade Lönestruktur kan du inte ansöka om förmåner,
Assign,Tilldela,
Assign Salary Structure,Tilldela lönestruktur,
Assign to Employees,Tilldela till anställda,
Assigning Structures...,Tilldelandestrukturer...,
Attendance,Närvaro,
Attendance From Date and Attendance To Date is mandatory,Närvaro Från Datum och närvaro hittills är obligatorisk,
Attendance for employee {0} is already marked for this day,Närvaro för arbetstagare {0} är redan märkt för denna dag,
Attendance not submitted for {0} as it is a Holiday.,Närvaro inte inlämnad för {0} eftersom det är en semester.,
Bank Entries,bankAnteckningar,
Base,Bas,
Beginner,Nybörjare,
Birthday Reminder,Födelsedag Påminnelse,
Bonus Payment Date cannot be a past date,Bonusbetalningsdatum kan inte vara ett förflutet datum,
Calls,samtal,
Cannot find active Leave Period,Kan inte hitta aktiv lämningsperiod,
Casual Leave,Tillfällig ledighet,
Claimed Amount,Skyldigt belopp,
Compensatory Off,Kompensations Av,
Contact Number,Kontaktnummer,
Course,Kurs,
Create Disbursement Entry,Skapa bidrag till utbetalning,
Create Salary Slip,Skapa lönebeskedet,
Create Salary Slips,Skapa lönesedlar,
Creating Payment Entries......,Skapa betalningsuppgifter ......,
Creating Salary Slips...,Skapa lönesedlar ...,
Current,Nuvarande,
Current Job Openings,Nuvarande jobb Öppningar,
Daily Work Summary,Dagliga Work Sammandrag,
Daily Work Summary Group,Daglig arbetsöversiktskoncern,
Date is repeated,Datum upprepas,
Debit A/C Number,Debitera A / C-nummer,
Deduction,Avdrag,
Document Status,Dokumentstatus,
Earning,tjänar,
Employee A/C Number,Anställd A / C-nummer,
Employee Benefits,Ersättningar till anställda,
Employee Grade,Anställd grad,
Employee Referral,Anställningsreferens,
Employee relieved on {0} must be set as 'Left',"Anställd sparkades på {0} måste ställas in som ""lämnat""",
Employee {0} already submited an apllication {1} for the payroll period {2},Anställd {0} har redan lämnat in en ansökan {1} för löneperioden {2},
Employee {0} has no maximum benefit amount,Anställd {0} har inget maximalt förmånsbelopp,
Employee {0} is not active or does not exist,Medarbetare {0} är inte aktiv eller existerar inte,
Employee {0} is on Leave on {1},Anställd {0} är kvar på {1},
Employee {0} on Half day on {1},Anställd {0} på halvdag på {1},
End time cannot be before start time,Sluttid kan inte vara före starttid,
Evaluation,Utvärdering,
Event Location,Plats för evenemang,
Event Name,Händelsenamn,
Expense Claim for Vehicle Log {0},Räkningen för fordons Log {0},
Expense Claim {0} already exists for the Vehicle Log,Räkningen {0} finns redan för fordons Log,
Fill the form and save it,Fyll i formuläret och spara det,
Filter Employees By (Optional),Filtrera anställda efter (valfritt),
Fiscal Year {0} not found,Räkenskapsårets {0} hittades inte,
Food,Mat,
For Employee,För anställd,
From Date {0} cannot be after employee's relieving Date {1},Från datum {0} kan inte vara efter arbetstagarens avlastningsdatum {1},
From Date {0} cannot be before employee's joining Date {1},Från datum {0} kan inte vara före anställdes datum {1},
From date can not be less than employee's joining date,Från datumet kan inte vara mindre än anställdes anslutningsdatum,
Fuel Price,bränsle~~POS=TRUNC Pris,
Fuel Qty,bränsle Antal,
Full-time,Heltid,
Future dates not allowed,Framtida datum inte tillåtet,
Get Details From Declaration,Få information från deklarationen,
Get Employees,Få anställda,
Gross Pay,Bruttolön,
Guest,Gäst,
Half Day,Halv Dag,
Half Day Date is mandatory,Halvdagsdatum är obligatorisk,
Half Day Date should be between From Date and To Date,Halv Dag Datum bör vara mellan Från datum och hittills,
Half Day Date should be in between Work From Date and Work End Date,Halvdag Datum ska vara mellan Arbete från datum och arbets slutdatum,
Half day date should be in between from date and to date,Halvdagens datum bör vara mellan datum och datum,
Hello,Hallå,
House rent paid days overlapping with {0},Hus hyra betalade dagar överlappande med {0},
House rented dates required for exemption calculation,Hus hyrda datum krävs för undantag beräkning,
House rented dates should be atleast 15 days apart,Husets hyrda datum borde vara minst 15 dagar från varandra,
Interest Amount,Räntebelopp,
Intern,Intern,
Job Description,Arbetsbeskrivning,
Job Offer,Jobberbjudande,
Jobs,jobb,
Leave Approval Notification,Lämna godkännandemeddelande,
Leave Blocked,Lämna blockerad,
Leave Encashment,Lämna inlösen,
Leave Status Notification,Lämna statusmeddelande,
Leave Type,Ledighetstyp,
Leave Type is madatory,Lämna typ är galatory,
Leave Type {0} cannot be allocated since it is leave without pay,Lämna typ {0} kan inte tilldelas eftersom det lämnar utan lön,
Leave Type {0} cannot be carry-forwarded,Lämna typ {0} kan inte bära vidarebefordrade,
Leave Type {0} is not encashable,Lämna typ {0} är inte inkashable,
Leave Without Pay,Lämna utan lön,
"Leave cannot be allocated before {0}, as leave balance has already been carry-forwarded in the future leave allocation record {1}","Lämna inte kan fördelas före {0}, som ledighet balans redan har carry-vidarebefordras i framtiden ledighet tilldelningspost {1}",
"Leave cannot be applied/cancelled before {0}, as leave balance has already been carry-forwarded in the future leave allocation record {1}","Lämna inte kan tillämpas / avbryts innan {0}, som ledighet balans redan har carry-vidarebefordras i framtiden ledighet tilldelningspost {1}",
Leave of type {0} cannot be longer than {1},Ledighet av typen {0} inte kan vara längre än {1},
Leaves,Löv,
Leaves Allocated Successfully for {0},Lämnar Avsatt framgångsrikt för {0},
Leaves per Year,Avgångar per år,
Lifecycle,Livscykel,
Mark Attendance,Mark Attendance,
Max Exemption Amount cannot be greater than maximum exemption amount {0} of Tax Exemption Category {1},Det maximala undantagsbeloppet kan inte vara högre än det maximala undantagsbeloppet {0} för skattefrihetskategori {1},
Max benefits should be greater than zero to dispense benefits,Max fördelar bör vara större än noll för att fördela fördelarna,
Maximum amount eligible for the component {0} exceeds {1},Högsta belopp som är berättigat till komponenten {0} överstiger {1},
Maximum benefit amount of component {0} exceeds {1},Maximal förmånsbelopp för komponent {0} överstiger {1},
Maximum benefit amount of employee {0} exceeds {1},Maximal förmånsbelopp för anställd {0} överstiger {1},
Maximum leave allowed in the leave type {0} is {1},Max tillåten semester i ledighetstyp {0} är {1},
Medical,Medicinsk,
Mode of payment is required to make a payment,Verk betalning krävs för att göra en betalning,
More than one selection for {0} not allowed,Mer än ett val för {0} är inte tillåtet,
Net Pay,Nettolön,
Net Pay cannot be less than 0,Nettolön kan inte vara mindre än 0,
Net Salary Amount,Nettolönsmängd,
Net pay cannot be negative,Nettolön kan inte vara negativ,
No Employee Found,Ingen anställd hittades,
No Salary Structure assigned for Employee {0} on given date {1},Ingen lönestruktur tilldelad för anställd {0} på angivet datum {1},
No Staffing Plans found for this Designation,Inga personalplaner hittades för denna beteckning,
No active or default Salary Structure found for employee {0} for the given dates,Ingen aktiv eller standard lönestruktur hittades för arbetstagare {0} för de givna datum,
No more updates,Inga fler uppdateringar,
No replies from,Inga svar från,
No salary slip found to submit for the above selected criteria OR salary slip already submitted,Ingen löneavgift gjord för att lämna in för ovanstående valda kriterier ELLER lön som redan lämnats in,
Nothing to change,Inget att ändra,
Notice Period,Uppsägningstid,
Only Leave Applications with status 'Approved' and 'Rejected' can be submitted,Endast Lämna applikationer med status &#39;Godkänd&#39; och &#39;Avvisad&#39; kan lämnas in,
Optional Holiday List not set for leave period {0},Valfri semesterlista inte inställd för ledighet {0},
Part-time,Deltid,
Password policy for Salary Slips is not set,Lösenordspolicy för lönesedlar är inte inställd,
Payment Days,Betalningsdagar,
Payment of {0} from {1} to {2},Betalning av {0} från {1} till {2},
Payroll,Löner,
Payroll Number,Lönenummer,
Piecework,ackord,
Please add the remaining benefits {0} to any of the existing component,Lägg till de övriga fördelarna {0} till någon av befintliga komponenter,
Please confirm once you have completed your training,Vänligen bekräfta när du har avslutat din träning,
Please enable default incoming account before creating Daily Work Summary Group,Vänligen aktivera standard inkommande konto innan du skapar dagliga arbetsöversiktskoncernen,
Please select Company and Designation,Var god välj Företag och Beteckning,
Please select Employee,Var god välj Medarbetare,
Please select a csv file,Välj en csv-fil,
Please set default template for Leave Approval Notification in HR Settings.,Ange standardmall för meddelandet om godkännandet av godkännande i HR-inställningar.,
Please set default template for Leave Status Notification in HR Settings.,Vänligen ange standardmall för meddelandet om status för vänsterstatus i HR-inställningar.,
Please set the Company,Vänligen ställ in företaget,
Please set the Date Of Joining for employee {0},Ange datum för anslutning till anställd {0},
Please share your feedback to the training by clicking on 'Training Feedback' and then 'New',Vänligen dela din feedback till träningen genom att klicka på &quot;Träningsreaktion&quot; och sedan &quot;Ny&quot;,
Please update your status for this training event,Vänligen uppdatera din status för den här träningsevenemanget,
Present,Närvarande,
Preview Salary Slip,Förhandsvisning lönebesked,
Privilege Leave,Enskild ledighet,
Probation,Skyddstillsyn,
Probationary Period,Provanställning,
Property,Fastighet,
Property already added,Egenskapen är redan tillagd,
Replies,svar,
Responsibilities,Ansvarsområden,
Role,Roll,
Row {0}# Allocated amount {1} cannot be greater than unclaimed amount {2},Rad {0} # Tilldelad mängd {1} kan inte vara större än oavkrävat belopp {2},
Row {0}# Paid Amount cannot be greater than requested advance amount,Rad {0} # Betalt belopp kan inte vara större än det begärda förskottsbeloppet,
Salary Slip ID,Lön Slip ID,
Salary Slip of employee {0} already created for this period,Lönebesked av personal {0} redan skapats för denna period,
Salary Slip of employee {0} already created for time sheet {1},Lönebesked av personal {0} redan skapats för tidrapporten {1},
Salary Structure Assignment for Employee already exists,Lönestrukturuppdrag för anställda finns redan,
Salary Structure Missing,Lönestruktur saknas,
Salary Structure not found for employee {0} and date {1},Lönestruktur hittades inte för anställd {0} och datum {1},
Salary Structure should have flexible benefit component(s) to dispense benefit amount,Lönestruktur ska ha flexibla förmånskomponenter för att fördela förmånsbeloppet,
"Salary already processed for period between {0} and {1}, Leave application period cannot be between this date range.",Lön redan behandlas för perioden mellan {0} och {1} Lämna ansökningstiden kan inte vara mellan detta datumintervall.,
Sanctioned Amount cannot be greater than Claim Amount in Row {0}.,Sanktionerade Belopp kan inte vara större än fordringsbelopp i raden {0}.,
Score must be less than or equal to 5,Betyg måste vara mindre än eller lika med 5,
Select Property,Välj Egenskaper,
Select an employee to get the employee advance.,Välj en anställd för att få arbetstagaren att gå vidare.,
Service Expense,tjänsten Expense,
Show Employee,Visa anställd,
Show Salary Slip,Visa lönebesked,
Sick Leave,Sjukskriven,
"Skipping Salary Structure Assignment for the following employees, as Salary Structure Assignment records already exists against them. {0}","Hoppa över lönestrukturuppdrag för följande anställda, eftersom lönestrukturuppdraget redan finns mot dem. {0}",
Staffing Plan {0} already exist for designation {1},Personalplan {0} finns redan för beteckning {1},
"Start and end dates not in a valid Payroll Period, cannot calculate {0}","Start- och slutdatum som inte finns i en giltig löneperiod, kan inte beräkna {0}",
"Start and end dates not in a valid Payroll Period, cannot calculate {0}.","Start- och slutdatum inte i en giltig löneperiod, kan inte beräkna {0}.",
Stock Options,Optioner,
Structures have been assigned successfully,Strukturer har tilldelats framgångsrikt,
Submit Proof,Skicka in bevis,
Submit Salary Slip,Skicka lönebeskedet,
Submit this to create the Employee record,Skicka in det här för att skapa anställningsrekordet,
Submitting Salary Slips...,Inlämning av lönekläder ...,
Team Updates,team Uppdateringar,
Thank you,Tack,
The day(s) on which you are applying for leave are holidays. You need not apply for leave.,Dagen (s) som du ansöker om ledighet är helgdagar. Du behöver inte ansöka om tjänstledighet.,
There are more holidays than working days this month.,Det finns mer semester än arbetsdagar denna månad.,
There is no leave period in between {0} and {1},Det finns ingen ledighet mellan {0} och {1},
This is based on the attendance of this Employee,Detta är baserat på närvaron av detta till anställda,
This will submit Salary Slips and create accrual Journal Entry. Do you want to proceed?,Detta kommer att skicka Löneglister och skapa periodiseringsjournalen. Vill du fortsätta?,
To date can not be equal or less than from date,Hittills kan det inte vara lika eller mindre än från datumet,
To date can not be less than from date,Hittills kan inte vara mindre än från datum,
To date can not greater than employee's relieving date,Hittills kan det inte vara större än medarbetarens avlastningsdatum,
Total Absent,Totalt frånvarande,
Total Deduction,Totalt Avdrag,
Total Leaves,Totalt löv,
Total Present,Totalt närvarande,
Total advance amount cannot be greater than total sanctioned amount,Det totala förskottsbeloppet får inte vara större än det totala sanktionerade beloppet,
Total flexible benefit component amount {0} should not be less than max benefits {1},Det totala beloppet för flexibel förmån {0} bör inte vara mindre än maxförmåner {1},
Total leaves allocated is mandatory for Leave Type {0},Totalt antal tillåtna blad är obligatoriska för avgångstyp {0},
Total working hours should not be greater than max working hours {0},Totalt arbetstid bör inte vara större än max arbetstid {0},
Training,Utbildning,
Training Event,utbildning Händelse,
Training Events,Utbildningshändelser,
Training Feedback,Utbildning Feedback,
Training Result,utbildning Resultat,
Travel,Resa,
Update Response,Uppdatera svar,
Value missing,Värdet saknas,
Variable,Variabel,
Walk In,Gå in,
Warning: Leave application contains following block dates,Varning: Ledighetsansökan innehåller följande block datum,
Website Listing,Webbplatslista,
Work Summary for {0},Arbetsöversikt för {0},
You are not authorized to approve leaves on Block Dates,Du har inte behörighet att godkänna löv på Block Datum,
You are not present all day(s) between compensatory leave request days,Du är inte närvarande hela dagen mellan utbetalningsdagar,
You can only submit Leave Encashment for a valid encashment amount,Du kan bara skicka lämna kollaps för ett giltigt inkasseringsbelopp,
{0} already allocated for Employee {1} for period {2} to {3},{0} som redan tilldelats för anställd {1} för perioden {2} till {3},
{0} applicable after {1} working days,{0} gäller efter {1} arbetsdagar,
{0} is not in Optional Holiday List,{0} finns inte i valfri semesterlista,
{0} is not in a valid Payroll Period,{0} är inte i en giltig löneperiod,
{0} must be submitted,{0} måste skickas in,
"{0}: Employee email not found, hence email not sent","{0}: Anställds e-post hittades inte, därför skickas inte e-post",
{0}: From {0} of type {1},{0}: Från {0} av typen {1},
Conditions,Betingelser,
Percent,Procent,
Error in some rows,Fel i vissa rader,
Benefit,Fördel,
Shift,Flytta,
Importing {0} of {1},Importerar {0} av {1},
'employee_field_value' and 'timestamp' are required.,&quot;anställd_fält_värde&quot; och &quot;tidsstämpel&quot; krävs.,
Allocation Expired!,Tilldelningen har gått ut!,
Attendance Marked,Närvaro markerad,
Attendance has been marked as per employee check-ins,Deltagandet har markerats som per anställd incheckningar,
Date Range,Datumintervall,
Event Link,Event-länk,
Expire Allocation,Utgå tilldelning,
Fuel Expense,Bränsleutgifter,
Intermediate,Mellanliggande,
Leave application is linked with leave allocations {0}. Leave application cannot be set as leave without pay,Lämnadsansökan är kopplad till ledighetstilldelningar {0}. Permissionsansökan kan inte ställas in som ledighet utan lön,
Log Type is required for check-ins falling in the shift: {0}.,Loggtyp krävs för incheckningar som faller i skiftet: {0}.,
No Employee found for the given employee field value. '{}': {},Ingen anställd hittades för det givna anställdas fältvärde. &#39;{}&#39;: {},
No Leaves Allocated to Employee: {0} for Leave Type: {1},Inga blad tilldelade anställda: {0} för lämna typ: {1},
Only expired allocation can be cancelled,Endast tilldelad tilldelning kan avbrytas,
Only users with the {0} role can create backdated leave applications,Endast användare med {0} -rollen kan skapa backdaterade permissionsprogram,
Password policy cannot contain spaces or simultaneous hyphens. The format will be restructured automatically,Lösenordspolicyn kan inte innehålla mellanslag eller samtidig bindestreck. Formatet omstruktureras automatiskt,
Please enter the designation,Vänligen ange beteckningen,
There are no vacancies under staffing plan {0},Det finns inga lediga platser inom personalplanen {0},
This employee already has a log with the same timestamp.{0},Denna anställd har redan en logg med samma tidsstämpel. {0},
Timing,timing,
To date needs to be before from date,Hittills måste vara före från datum,
Total Early Exits,Totala tidiga utgångar,
Total Late Entries,Totalt sent inlägg,
Training Event:,Träningsevenemang:,
Unable to find Salary Component {0},Det gick inte att hitta lönekomponent {0},
Unmarked Attendance for days,Omärkt närvaro i dagar,
Vacancies cannot be lower than the current openings,Lediga platser kan inte vara lägre än nuvarande öppningar,
{} is an invalid Attendance Status.,{} är en ogiltig närvarostatus.,
Printed On,Tryckt på,
No employee found,Ingen anställd hittades,
Please setup Employee Naming System in Human Resource > HR Settings,Installera anställdes namngivningssystem i mänskliga resurser&gt; HR-inställningar,
Please setup numbering series for Attendance via Setup > Numbering Series,Ställ in numreringsserier för närvaro via Setup&gt; Numbering Series,
Current Odometer Value should be greater than Last Odometer Value {0},Nuvarande vägmätarvärde bör vara större än senaste vägmätarvärde {0},
No additional expenses has been added,Inga extra kostnader har lagts till,
{0} already exists for employee {1} and period {2},{0} finns redan för anställd {1} och period {2},
Leaves Allocated,Tilldelade löv,
Leave Without Pay does not match with approved {} records,Leave Without Pay matchar inte med godkända {} poster,
Income Tax Slab not set in Salary Structure Assignment: {0},Inkomstskattplatta anges inte i lönestrukturuppdrag: {0},
Income Tax Slab: {0} is disabled,Inkomstskatt: {0} är inaktiverad,
Income Tax Slab must be effective on or before Payroll Period Start Date: {0},Inkomstskattplattan måste vara i kraft före eller före startdatum för löneperioden: {0},
No leave record found for employee {0} on {1},Ingen ledighetsrekord hittades för anställd {0} den {1},
Row {0}: {1} is required in the expenses table to book an expense claim.,Rad {0}: {1} krävs i kostnadstabellen för att boka ett kostnadsanspråk.,
Set the default account for the {0} {1},Ange standardkonto för {0} {1},
(Half Day),(Halv dag),
Income Tax Slab,Inkomstskattplatta,
Row #{0}: Cannot set amount or formula for Salary Component {1} with Variable Based On Taxable Salary,Rad # {0}: Det går inte att ställa in belopp eller formel för lönekomponent {1} med variabel baserat på skattepliktig lön,
Repay From Salary can be selected only for term loans,Återbetalning från lön kan endast väljas för långfristiga lån,
Salary Component Account,Lönedel konto,
Default Bank / Cash account will be automatically updated in Salary Journal Entry when this mode is selected.,Standard Bank / Cash konto kommer att uppdateras automatiskt i Lön Journal Entry när detta läge är valt.,
Result,Resultat,
Total Score,Totalpoäng,
Joining Date,Registreringsdatum,
Publish on website,Publicera på webbplats,
Application Status,ansökan Status,
IN,I,
Remind Before,Påminn före,
Reminded,påminde,
Additional Salary,Ytterligare lön,
HR-ADS-.YY.-.MM.-,HR-ADS-.YY .-. MM.-,
Salary Component,lönedel,
Overwrite Salary Structure Amount,Skriv över lönestrukturbeloppet,
Deduct Full Tax on Selected Payroll Date,Dra full skatt på vald lönedatum,
Payroll Date,Lönedatum,
Salary Component Type,Lönkomponenttyp,
Appointment Letter,Mötesbrev,
Appointment Date,Utnämningsdagen,
Appointment Letter Template,Utnämningsbrevmall,
Closing Notes,Avslutande anteckningar,
Appointment Letter content,Utnämningsbrev Innehåll,
Appraisal,Värdering,
HR-APR-.YY.-.MM.,HR-APR-.YY.-.MM.,
For Employee Name,För anställdes namn,
Goals,Mål,
Total Score (Out of 5),Totalt Betyg (Out of 5),
"Any other remarks, noteworthy effort that should go in the records.","Alla andra anmärkningar, anmärkningsvärt ansträngning som ska gå i registren.",
Appraisal Goal,Bedömning Mål,
Key Responsibility Area,Nyckelansvar Områden,
Weightage (%),Vikt (%),
Score (0-5),Poäng (0-5),
Score Earned,Betyg förtjänat,
Appraisal Template Title,Bedömning mall Titel,
Appraisal Template Goal,Bedömning Mall Mål,
KRA,KRA,
Key Performance Area,Nyckelperformance Områden,
HR-ATT-.YYYY.-,HR-ATT-.YYYY.-,
On Leave,tjänstledig,
Work From Home,Arbeta hemifrån,
Leave Application,Ledighetsansöknan,
Attendance Date,Närvaro Datum,
Attendance Request,Närvaroförfrågan,
Late Entry,Sen inresa,
Early Exit,Tidig utgång,
Half Day Date,Halvdag Datum,
On Duty,I tjänst,
Explanation,Förklaring,
Compensatory Leave Request,Kompensationsförfrågan,
Leave Allocation,Ledighet tilldelad,
Worked On Holiday,Arbetade på semester,
Work From Date,Arbeta från datum,
Work End Date,Arbetstid Slutdatum,
Email Sent To,Email skickat till,
Select Users,Välj användare,
Send Emails At,Skicka e-post Vid,
Reminder,Påminnelse,
Daily Work Summary Group User,Daglig Arbets Sammanfattning Grupp Användare,
email,e-post,
Department Approver,Avdelningsgodkännare,
Approver,Godkännare,
Designation Skill,Beteckning Färdighet,
Skill,Skicklighet,
Leave Policy,Lämna policy,
Salary Details,Lön Detaljer,
HR-EAD-.YYYY.-,HR-EAD-.YYYY.-,
Claimed,hävdade,
Employee Attendance Tool,Anställd närvaro Tool,
Unmarked Attendance,omärkt Närvaro,
Employees HTML,Anställda HTML,
Marked Attendance,Marked Närvaro,
Marked Attendance HTML,Markerad Närvaro HTML,
Employee Benefit Application,Anställningsförmånsansökan,
Max Benefits (Yearly),Max fördelar (årlig),
Remaining Benefits (Yearly),Återstående förmåner (årlig),
Payroll Period,Löneperiod,
Dispensed Amount (Pro-rated),Dispensed Amount (Pro-rated),
Employee Benefit Application Detail,Ansökningsdetaljer för anställda,
Earning Component,Tjäna komponent,
Pay Against Benefit Claim,Betala mot förmånskrav,
Max Benefit Amount,Max förmånsbelopp,
Employee Benefit Claim,Anställningsfordran,
Claim Date,Ansökningsdatum,
Claim Benefit For,Erfordra förmån för,
Max Amount Eligible,Maxbelopp Stödberättigande,
Expense Proof,Expense Proof,
Employee Boarding Activity,Anställd ombordstigningsaktivitet,
Activity Name,Aktivitetsnamn,
Required for Employee Creation,Krävs för anställningsskapande,
Applicable in the case of Employee Onboarding,Gäller vid anställd ombordstigning,
Employee Checkin,Anställd checkin,
Log Type,Loggtyp,
OUT,UT,
Location / Device ID,Plats / enhets-ID,
Skip Auto Attendance,Hoppa över auto deltagande,
Shift Start,Skiftstart,
Shift End,Shift End,
Shift Actual Start,Skift faktisk start,
Shift Actual End,Skift faktisk slut,
Default Salary Structure,Standard lönestruktur,
Employee Health Insurance,Anställd Sjukförsäkring,
Health Insurance Name,Sjukförsäkringsnamn,
Employee Incentive,Anställdas incitament,
Incentive Amount,Incitamentsbelopp,
Employee Onboarding,Anställd ombordstigning,
Notify users by email,Meddela användare via e-post,
Employee Onboarding Template,Medarbetare ombord på mall,
Employee Other Income,Anställdas andra inkomster,
Employee Promotion,Medarbetarreklam,
Promotion Date,Kampanjdatum,
Employee Promotion Details,Uppgifter om anställningsfrämjande,
Employee Property History,Anställdas fastighetshistoria,
Employee Separation,Anställd separering,
Employee Separation Template,Medarbetarens separationsmall,
Exit Interview Summary,Avsluta intervjuöversikt,
Employee Skill,Anställdas skicklighet,
Proficiency,Skicklighet,
Evaluation Date,Utvärderingsdatum,
Employee Skill Map,Medarbetarkompetens,
Employee Skills,Medarbetares färdigheter,
Trainings,träningar,
Employee Tax Exemption Category,Anställningsskatt undantagskategori,
Max Exemption Amount,Max undantagsbelopp,
Employee Tax Exemption Declaration,Arbetsgivarbeskattningsdeklaration,
Declarations,deklarationer,
Total Declared Amount,Totalt deklarerat belopp,
Total Exemption Amount,Total undantagsbelopp,
Employee Tax Exemption Declaration Category,Anställningsskattebefrielsedeklarationskategori,
Exemption Sub Category,Undantag underkategori,
Exemption Category,Undantagskategori,
Maximum Exempted Amount,Maximalt undantaget belopp,
Declared Amount,Förklarade belopp,
Employee Tax Exemption Proof Submission,Anmälan om anställningsskattbefrielse,
Submission Date,Inlämningsdatum,
Tax Exemption Proofs,Skattebefrielse bevis,
Total Actual Amount,Totalt faktiskt belopp,
Employee Tax Exemption Proof Submission Detail,Beslutsunderlag för anställningsskattbefrielse,
Maximum Exemption Amount,Maximalt undantagsbelopp,
Type of Proof,Typ av bevis,
Actual Amount,Faktiskt belopp,
Employee Tax Exemption Sub Category,Arbetsgivarskattebefrielse underkategori,
Tax Exemption Category,Skattebefrielse kategori,
Employee Training,Utbildning för anställda,
Training Date,Träningsdatum,
Employee Transfer,Medarbetaröverföring,
Transfer Date,Överföringsdatum,
Employee Transfer Details,Anställningsöverföringsdetaljer,
Employee Transfer Detail,Anställningsöverföringsdetalj,
Re-allocate Leaves,Tilldela blad igen,
Create New Employee Id,Skapa nyanställd id,
New Employee ID,Nyanställd ID,
HR-EXP-.YYYY.-,HR-EXP-.YYYY.-,
Expense Taxes and Charges,Kostnadsskatter och avgifter,
Total Sanctioned Amount,Totalt sanktione Mängd,
Total Advance Amount,Total förskottsbelopp,
Total Claimed Amount,Totalt yrkade beloppet,
Total Amount Reimbursed,Totala belopp som ersatts,
Vehicle Log,fordonet Log,
Employees Email Id,Anställdas E-post Id,
More Details,Fler detaljer,
Expense Claim Account,Räkningen konto,
Expense Claim Advance,Expense Claim Advance,
Expense Claim Detail,Räkningen Detalj,
Expense Date,Utgiftsdatum,
Expense Claim Type,Räknings Typ,
HR Settings,HR Inställningar,
Employee Settings,Personal Inställningar,
Expense Approver Mandatory In Expense Claim,Expense Approver Obligatorisk i Kostnadskrav,
Payroll Settings,Sociala Inställningar,
Leave,Lämna,
Max working hours against Timesheet,Max arbetstid mot tidrapport,
Include holidays in Total no. of Working Days,Inkludera semester i Totalt antal. Arbetsdagar,
"If checked, Total no. of Working Days will include holidays, and this will reduce the value of Salary Per Day","Om markerad, Totalt antal. arbetsdagar kommer att omfatta helgdagar, och detta kommer att minska värdet av lönen per dag",
"If checked, hides and disables Rounded Total field in Salary Slips","Om markerat, döljer och inaktiverar fältet Avrundat totalt i lönesedlar",
The fraction of daily wages to be paid for half-day attendance,Den bråkdel av dagslön som ska betalas för halvdagars närvaro,
Email Salary Slip to Employee,E-lönebesked till anställd,
Emails salary slip to employee based on preferred email selected in Employee,E-post lönebesked till anställd baserat på föredragna e-post väljs i Employee,
Encrypt Salary Slips in Emails,Kryptera lönesedlar i e-postmeddelanden,
"The salary slip emailed to the employee will be password protected, the password will be generated based on the password policy.","Lönesedjan som skickas till den anställda kommer att vara lösenordsskyddad, lösenordet kommer att genereras baserat på lösenordspolicyn.",
Password Policy,Lösenordspolicy,
<b>Example:</b> SAL-{first_name}-{date_of_birth.year} <br>This will generate a password like SAL-Jane-1972,<b>Exempel:</b> SAL- {first_name} - {date_of_birth.year} <br> Detta kommer att skapa ett lösenord som SAL-Jane-1972,
Leave Approval Notification Template,Lämna godkännandemall för godkännande,
Leave Status Notification Template,Meddelandemall för status för meddelanden,
Role Allowed to Create Backdated Leave Application,Roll tillåten för att skapa backdaterad lämna ansökan,
Leave Approver Mandatory In Leave Application,Lämna godkännare Obligatorisk i lämnaransökan,
Show Leaves Of All Department Members In Calendar,Visa löv av alla avdelningsmedlemmar i kalendern,
Auto Leave Encashment,Automatisk lämna kabinett,
Hiring Settings,Anställa inställningar,
Check Vacancies On Job Offer Creation,Kolla lediga jobb vid skapande av jobb,
Identification Document Type,Identifikationsdokumenttyp,
Effective from,Effektiv från,
Allow Tax Exemption,Tillåt skattebefrielse,
"If enabled, Tax Exemption Declaration will be considered for income tax calculation.",Om det är aktiverat kommer skattebefrielsedeklarationen att övervägas för beräkning av inkomstskatt.,
Standard Tax Exemption Amount,Standard skattebefrielse belopp,
Taxable Salary Slabs,Skattepliktiga löneskivor,
Taxes and Charges on Income Tax,Skatter och avgifter på inkomstskatt,
Other Taxes and Charges,Andra skatter och avgifter,
Income Tax Slab Other Charges,Inkomstskattplatta Övriga avgifter,
Min Taxable Income,Min beskattningsbar inkomst,
Max Taxable Income,Max beskattningsbar inkomst,
Applicant for a Job,Sökande för ett jobb,
Job Opening,Jobbmöjlighet,
Cover Letter,Personligt brev,
Resume Attachment,CV Attachment,
Job Applicant Source,Jobbsökande källa,
Applicant Email Address,Sökandens e-postadress,
Awaiting Response,Väntar på svar,
Job Offer Terms,Villkor för erbjudandet,
Select Terms and Conditions,Välj Villkor,
Job Offer Term,Erbjudandeperiod,
Offer Term,Erbjudandet Villkor,
Value / Description,Värde / Beskrivning,
Description of a Job Opening,Beskrivning av ett jobb,
Staffing Plan,Personalplan,
Planned number of Positions,Planerat antal positioner,
"Job profile, qualifications required etc.","Jobb profil, kvalifikationer som krävs osv",
HR-LAL-.YYYY.-,HR-LAL-.YYYY.-,
New Leaves Allocated,Nya Ledigheter Avsatta,
Add unused leaves from previous allocations,Lägg oanvända blad från tidigare tilldelningar,
Unused leaves,Oanvända blad,
Total Leaves Allocated,Totala Löv Avsatt,
Total Leaves Encashed,Totala blad krossade,
Leave Period,Lämningsperiod,
Carry Forwarded Leaves,Skicka vidare ledighet,
Apply / Approve Leaves,Ansök / Godkänn ledigheter,
HR-LAP-.YYYY.-,HR-LAP-.YYYY.-,
Leave Balance Before Application,Ledighets balans innan Ansökan,
Total Leave Days,Totalt semesterdagar,
Leave Approver Name,Ledighetsgodkännare Namn,
Follow via Email,Följ via e-post,
Block Holidays on important days.,Block Semester på viktiga dagar.,
Leave Block List Name,Lämna Blocklistnamn,
Applies to Company,Gäller Företag,
"If not checked, the list will have to be added to each Department where it has to be applied.","Om inte markerad, måste listan läggas till varje avdelning där den måste tillämpas.",
Block Days,Block Dagar,
Stop users from making Leave Applications on following days.,Stoppa användare från att göra Lämna program på följande dagarna.,
Leave Block List Dates,Lämna Block Lista Datum,
Allow Users,Tillåt användare,
Allow the following users to approve Leave Applications for block days.,Tillåt följande användarna att godkänna ledighetsansökningar för grupp dagar.,
Leave Block List Allowed,Lämna Block List tillåtna,
Leave Block List Allow,Lämna Block List Tillåt,
Allow User,Tillåt användaren,
Leave Block List Date,Lämna Blockeringslista Datum,
Block Date,Block Datum,
Leave Control Panel,Lämna Kontrollpanelen,
Employment Type (optional),Anställningstyp (valfritt),
Branch (optional),Gren (valfritt),
Department (optional),Avdelning (valfritt),
Designation (optional),Beteckning (valfritt),
Employee Grade (optional),Medarbetarbetyg (valfritt),
Employee (optional),Anställd (valfritt),
Allocate Leaves,Tilldel löv,
Carry Forward,Skicka Vidare,
Please select Carry Forward if you also want to include previous fiscal year's balance leaves to this fiscal year,Välj Överföring om du även vill inkludera föregående räkenskapsårs balans till detta räkenskapsår,
New Leaves Allocated (In Days),Nya Ledigheter Tilldelade (i dagar),
Leave Balance,Lämna Balans,
Encashable days,Encashable dagar,
Encashment Amount,Encashment Amount,
Leave Ledger Entry,Lämna Ledger Entry,
Transaction Name,Transaktionsnamn,
Is Carry Forward,Är Överförd,
Is Expired,Har gått ut,
Is Leave Without Pay,Är ledighet utan lön,
Holiday List for Optional Leave,Semesterlista för valfritt semester,
Leave Allocations,Lämna tilldelningar,
Leave Policy Details,Lämna policy detaljer,
Leave Policy Detail,Lämna policy detaljer,
Annual Allocation,Årlig fördelning,
Leave Type Name,Ledighetstyp namn,
Applicable After (Working Days),Gäller efter (arbetsdagar),
Is Optional Leave,Är Valfritt Lämna,
Allow Negative Balance,Tillåt negativt saldo,
Include holidays within leaves as leaves,Inkludera semester inom ledighet som ledighet,
Is Compensatory,Är kompensatorisk,
Maximum Carry Forwarded Leaves,Maximala framåtriktade löv,
Expire Carry Forwarded Leaves (Days),Utgå Bär vidarebefordrade blad (dagar),
Calculated in days,Beräknas i dagar,
Encashment,inlösen,
Allow Encashment,Tillåt Encashment,
Encashment Threshold Days,Encashment Threshold Days,
Earned Leave,Förtjänt Avgång,
Is Earned Leave,Är tjänat löne,
Earned Leave Frequency,Intjänad avgångsfrekvens,
Rounding,Avrundning,
Payroll Employee Detail,Lön Employee Detail,
Payroll Frequency,löne Frekvens,
Fortnightly,Var fjortonde dag,
Bimonthly,Varannan månad,
Employees,Anställda,
Number Of Employees,Antal anställda,
Employee Details,Anställdas detaljer,
Validate Attendance,Styrk närvaro,
Salary Slip Based on Timesheet,Lön Slip Baserat på Tidrapport,
Deduct Tax For Unclaimed Employee Benefits,Avdragsskatt för oanställda anställningsförmåner,
Deduct Tax For Unsubmitted Tax Exemption Proof,Avdragsskatt för ej inlämnad skattebefrielse bevis,
Select Payment Account to make Bank Entry,Välj Betalkonto att Bank Entry,
Salary Slips Created,Löneglister skapade,
Salary Slips Submitted,Löneskikt skickas in,
Payroll Periods,Löneperiod,
Payroll Period Date,Lön Period Period,
Purpose of Travel,Mening med resa,
Retention Bonus,Retention Bonus,
Bonus Payment Date,Bonusbetalningsdatum,
Bonus Amount,Bonusbelopp,
Depends on Payment Days,Beror på betalningsdagar,
Is Tax Applicable,Är skatt tillämplig,
Variable Based On Taxable Salary,Variabel baserad på beskattningsbar lön,
Exempted from Income Tax,Undantagen från inkomstskatt,
Round to the Nearest Integer,Runda till närmaste heltal,
Statistical Component,Statistisk komponent,
"If selected, the value specified or calculated in this component will not contribute to the earnings or deductions. However, it's value can be referenced by other components that can be added or deducted. ","Om det är valt, kommer det angivna eller beräknade värdet i denna komponent inte att bidra till vinst eller avdrag. Men det är värdet kan hänvisas till av andra komponenter som kan läggas till eller dras av.",
Do Not Include in Total,Inkluderar inte totalt,
Flexible Benefits,Flexibla fördelar,
Is Flexible Benefit,Är flexibel fördel,
Max Benefit Amount (Yearly),Max förmånsbelopp (Årlig),
Only Tax Impact (Cannot Claim But Part of Taxable Income),Endast skattepåverkan (kan inte kräva men en del av skattepliktig inkomst),
Create Separate Payment Entry Against Benefit Claim,Skapa separat betalningsanmälan mot förmånskrav,
Amount based on formula,Belopp baserat på formel,
Formula,Formel,
Salary Detail,lön Detalj,
Component,Komponent,
Do not include in total,Inkludera inte totalt,
Default Amount,Standard Mängd,
Additional Amount,Ytterligare belopp,
Tax on flexible benefit,Skatt på flexibel fördel,
Tax on additional salary,Skatt på extra lön,
Salary Structure,Lönestruktur,
Working Days,Arbetsdagar,
Salary Slip Timesheet,Lön Slip Tidrapport,
Earnings,Vinster,
Deductions,Avdrag,
Total in words,Totalt i ord,
Salary Component for timesheet based payroll.,Lönedel för tidrapport baserad lönelistan.,
Leave Encashment Amount Per Day,Lämna inkräkningsbelopp per dag,
Max Benefits (Amount),Max förmåner (belopp),
Salary breakup based on Earning and Deduction.,Lön upplösning baserat på inkomster och avdrag.,
Total Earning,Totalt Tjänar,
Salary Structure Assignment,Lönestrukturuppdrag,
Shift Assignment,Shift-uppgift,
Shift Type,Skift typ,
Shift Request,Skiftförfrågan,
Enable Auto Attendance,Aktivera automatisk närvaro,
Mark attendance based on 'Employee Checkin' for Employees assigned to this shift.,Markera närvaro baserat på &quot;Personal Checkin&quot; för anställda som tilldelats detta skift.,
Auto Attendance Settings,Inställningar för automatisk deltagande,
Determine Check-in and Check-out,Bestäm incheckning och utcheckning,
Alternating entries as IN and OUT during the same shift,Växlande poster som IN och UT under samma skift,
Strictly based on Log Type in Employee Checkin,Strikt baserat på loggtyp i anställd incheckning,
Working Hours Calculation Based On,Beräkningar av arbetstid baserat på,
First Check-in and Last Check-out,Första incheckning och sista utcheckning,
Every Valid Check-in and Check-out,Varje giltig incheckning och utcheckning,
Begin check-in before shift start time (in minutes),Börja incheckningen innan skiftets starttid (i minuter),
The time before the shift start time during which Employee Check-in is considered for attendance.,Tiden före skiftets starttid under vilken anställdens incheckning övervägs för närvaro.,
Allow check-out after shift end time (in minutes),Tillåt utcheckning efter skiftets sluttid (i minuter),
Time after the end of shift during which check-out is considered for attendance.,Tid efter avslutad skift under vilken utcheckning övervägs för närvaro.,
Working Hours Threshold for Half Day,Tröskel för arbetstider för halv dag,
Working hours below which Half Day is marked. (Zero to disable),Arbetstider under vilka Half Day markeras. (Noll att inaktivera),
Working Hours Threshold for Absent,Tröskel för arbetstid för frånvarande,
Working hours below which Absent is marked. (Zero to disable),Arbetstid under vilka frånvaro markeras. (Noll att inaktivera),
Process Attendance After,Process Deltagande efter,
Attendance will be marked automatically only after this date.,Närvaron kommer att markeras automatiskt först efter detta datum.,
Last Sync of Checkin,Senaste synkronisering av Checkin,
Last Known Successful Sync of Employee Checkin. Reset this only if you are sure that all Logs are synced from all the locations. Please don't modify this if you are unsure.,Senast känd framgångsrik synkronisering av anställd incheckning Återställ detta bara om du är säker på att alla loggar synkroniseras från alla platser. Vänligen ändra inte detta om du är osäker.,
Grace Period Settings For Auto Attendance,Inställningar för nådeperiod för automatisk närvaro,
Enable Entry Grace Period,Aktivera ingångsperioden,
Late Entry Grace Period,Fristid för sen inresa,
The time after the shift start time when check-in is considered as late (in minutes).,Tiden efter skiftets starttid när incheckning betraktas som sent (i minuter).,
Enable Exit Grace Period,Aktivera Exit Grace Period,
Early Exit Grace Period,Period för tidig utgång,
The time before the shift end time when check-out is considered as early (in minutes).,Tiden före skiftets sluttid när utcheckning betraktas som tidigt (i minuter).,
Skill Name,färdighetsnamn,
Staffing Plan Detail,Bemanningsplandetaljer,
Total Estimated Budget,Totalt beräknad budget,
Vacancies,Lediga platser,
Estimated Cost Per Position,Beräknad kostnad per position,
Total Estimated Cost,Totala beräknade kostnader,
Current Count,Aktuell räkning,
Current Openings,Nuvarande öppningar,
Number Of Positions,Antal positioner,
Taxable Salary Slab,Skattlig löneskiva,
From Amount,Från belopp,
To Amount,Till belopp,
Percent Deduction,Procentavdrag,
Training Program,Träningsprogram,
Event Status,Händelsestatus,
Has Certificate,Har certifikat,
Seminar,Seminarium,
Theory,Teori,
Workshop,Verkstad,
Conference,Konferens,
Exam,Examen,
Internet,internet,
Self-Study,Självstudie,
Advance,Förskott,
Trainer Name,Trainer Namn,
Trainer Email,Trainer E,
Attendees,Deltagare,
Employee Emails,Medarbetare e-post,
Training Event Employee,Utbildning Händelse anställd,
Invited,inbjuden,
Feedback Submitted,Feedback Inlagd,
Training Result Employee,Utbildning Resultat anställd,
Travel Itinerary,Reseplan,
Travel From,Resa från,
Travel To,Resa till,
Mode of Travel,Mode av resor,
Flight,Flyg,
Train,Tåg,
Taxi,Taxi,
Rented Car,Hyrbil,
Meal Preference,matpreferens,
Vegetarian,Vegetarian,
Non-Vegetarian,Ickevegetarisk,
Gluten Free,Glutenfri,
Non Diary,Icke-dagbok,
Travel Advance Required,Resefordran krävs,
Departure Datetime,Avgång Datetime,
Arrival Datetime,Ankomst Datetime,
Lodging Required,Logi krävs,
Preferred Area for Lodging,Önskat område för logi,
Check-in Date,Inchecknings datum,
Check-out Date,Utcheckningsdatum,
Travel Request,Travel Request,
Travel Type,Rese typ,
Domestic,Inhemsk,
International,Internationell,
Travel Funding,Resefinansiering,
Require Full Funding,Kräver full finansiering,
Fully Sponsored,Fullt sponsrad,
"Partially Sponsored, Require Partial Funding","Delvis sponsrad, kräver delfinansiering",
Copy of Invitation/Announcement,Kopia av inbjudan / tillkännagivande,
"Details of Sponsor (Name, Location)","Detaljer om Sponsor (Namn, Plats)",
Identification Document Number,Identifikationsdokumentnummer,
Any other details,Eventuella detaljer,
Costing Details,Kostnadsdetaljer,
Event Details,Evenemangsdetaljer,
Name of Organizer,Organisatorens namn,
Address of Organizer,Arrangörens adress,
Travel Request Costing,Travel Request Costing,
Expense Type,Kostnadstyp,
Sponsored Amount,Sponsrat belopp,
Funded Amount,Finansierat belopp,
Upload Attendance,Ladda upp Närvaro,
Attendance From Date,Närvaro Från datum,
Attendance To Date,Närvaro Till Datum,
Get Template,Hämta mall,
Import Attendance,Import Närvaro,
Upload HTML,Ladda upp HTML,
HR-VLOG-.YYYY.-,HR-VLOG-.YYYY.-,
Odometer Reading,mätarställning,
Current Odometer value ,Aktuellt kilometertalvärde,
Refuelling Details,Tanknings Detaljer,
Invoice Ref,faktura Ref,
Service Details,Service detaljer,
Vehicle Service,Vehicle service,
Service Item,sERVICE,
Brake Oil,bromsolja,
Brake Pad,Brake Pad,
Clutch Plate,kopplingslamell,
Engine Oil,Motorolja,
Oil Change,Oljebyte,
Inspection,Inspektion,
Mileage,Miltal,
Salary Slip Loan,Lönebetalningslån,
Loan Repayment Entry,Lånet återbetalning post,
May,Maj,
June,juni,
July,juli,
Bank Remittance,Banköverföring,
Daily Work Summary Replies,Dagliga Arbets Sammanfattning Svar,
Employee Advance Summary,Sammanfattning av anställd,
Employees working on a holiday,Anställda som arbetar på en semester,
Monthly Attendance Sheet,Månads Närvaroblad,
Salary Register,lön Register,
Unpaid Expense Claim,Obetald räkningen,
Payment Account is mandatory,Betalningskonto är obligatoriskt,
"If checked, the full amount will be deducted from taxable income before calculating income tax without any declaration or proof submission.",Om det är markerat kommer hela beloppet att dras av från beskattningsbar inkomst innan inkomstskatt beräknas utan någon förklaring eller bevis.,
In Time,I tid,
Out Time,Out Time,
Is Recurring,Är återkommande,
HRA Exemption,HRA Undantag,
Monthly House Rent,Månadsuthyrning,
Rented in Metro City,Hyrs i Metro City,
HRA as per Salary Structure,HRA enligt lönestruktur,
Annual HRA Exemption,Årligt undantag från HRA,
Monthly HRA Exemption,Månatligt HRA-undantag,
House Rent Payment Amount,Hushyra Betalningsbelopp,
Rented From Date,Hyrs från datum,
Rented To Date,Hyrs hittills,
Monthly Eligible Amount,Månadsberättigat belopp,
Total Eligible HRA Exemption,Totalt berättigat HRA-undantag,
Validating Employee Attendance...,Validerar anställdas närvaro ...,
Submitting Salary Slips and creating Journal Entry...,Skicka lönebesked och skapa journalinmatning ...,
Calculate Payroll Working Days Based On,Beräkna lönearbetsdagar baserat på,
Consider Unmarked Attendance As,Tänk på omärkt närvaro som,
Fraction of Daily Salary for Half Day,Bråkdel av den dagliga lönen för halvdag,
Component Type,Komponenttyp,
Provident Fund,pensionsfond,
Additional Provident Fund,Ytterligare försäkringsfond,
Provident Fund Loan,Försäkringsfondslån,
Professional Tax,Professionell skatt,
Is Income Tax Component,Är inkomstskattekomponent,
Component properties and references ,Komponentegenskaper och referenser,
Additional Salary ,Ytterligare lön,
Unmarked days,Omärkta dagar,
Absent Days,Frånvarande dagar,
Conditions and Formula variable and example,Villkor och formelvariabel och exempel,
Income Tax Deductions,Avdrag för inkomstskatt,
Income Tax Component,Inkomstskattkomponent,
Income Tax Amount,Inkomstskattbelopp,
Unmarked Days,Omärkta dagar,
Jan,Jan,
Feb,Feb,
Mar,Mar,
Apr,Apr,
Aug,Aug,
Sep,Sep,
Oct,Okt,
Nov,Nov,
Dec,Dec,
Summarized View,Sammanfattad vy,
Professional Tax Deductions,Professionella skatteavdrag,
Provident Fund Deductions,Avdrag för försäkringsfonder,
Recruitment Analytics,Rekryteringsanalys,
Applicant name,Sökandes namn,
Job Offer status,Jobb erbjudande status,
On Date,På datum,
Salary Payments Based On Payment Mode,Lönebetalningar baserat på betalningsläge,
Salary Payments via ECS,Lönebetalningar via ECS,
Account No,Konto Nej,
IFSC,IFSC,
MICR,MICR,
PF Account,PF-konto,
PF Amount,PF-belopp,
Additional PF,Ytterligare PF,
PF Loan,PF-lån,
Duplicate Entry,Dubbel post,
Please select Employee first.,Välj först Anställd.,
To Date should be greater than From Date,Till datum bör vara större än från datum,
Job Offer: {0} is already for Job Applicant: {1},Jobberbjudande: {0} är redan till för jobbsökande: {1},
Only Shift Request with status 'Approved' and 'Rejected' can be submitted,Endast skiftbegäran med status &#39;Godkänd&#39; och &#39;Avvisad&#39; kan skickas,
Shift Assignment: {0} created for Employee: {1},Skiftuppgift: {0} skapad för anställd: {1},
You can not request for your Default Shift: {0},Du kan inte begära din standardskift: {0},
Only Approvers can Approve this Request.,Endast approverser kan godkänna denna begäran.,
Please set Payroll based on in Payroll settings,Ställ in Lön baserat på Löninställningar,
Additional Salary: {0} already exist for Salary Component: {1} for period {2} and {3},Ytterligare lön: {0} finns redan för lönekomponent: {1} för period {2} och {3},
Payroll date can not be less than employee's joining date.,Lönedatum kan inte vara mindre än anställdas anslutningsdatum.,
From date can not be less than employee's joining date.,Från datum kan inte vara mindre än anställdas anslutningsdatum.,
To date can not be greater than employee's relieving date.,Hittills kan inte vara större än anställdas avlastningsdatum.,
Payroll date can not be greater than employee's relieving date.,Lönedatumet kan inte vara längre än anställdas avlastningsdatum.,
Condition and formula,Tillstånd och formel,
Available Leaves,Tillgängliga löv,
IFSC Code,IFSC-kod,
Others,Annat,
Total Allocated Leaves,Totalt tilldelade blad,
Used Leaves,Använda löv,
PAN Number,PAN-nummer,
Expired Leaves,Utgångna löv,
