) for {0},) สำหรับ {0},
A {0} exists between {1} and {2} (,{0} อยู่ระหว่าง {1} ถึง {2} (,
Absent,ขาด,
Accrual Journal Entry for salaries from {0} to {1},รายการบันทึกยอดคงค้างสำหรับเงินเดือนจาก {0} ถึง {1},
Add to Details,เพิ่มในรายละเอียด,
Added to details,เพิ่มในรายละเอียด,
All Jobs,งานทั้งหมด,
Allocated Leaves,ใบที่จัดสรรไว้,
Annual Salary,เงินเดือนประจำปี,
Application period cannot be across two allocation records,ระยะเวลาการสมัครต้องไม่เกินสองระเบียนการจัดสรร,
Application period cannot be outside leave allocation period,รับสมัครไม่สามารถออกจากนอกระยะเวลาการจัดสรร,
Apply Now,ลงทะเบียนเลย,
Apprentice,เด็กฝึกงาน,
Approval Status,สถานะการอนุมัติ,
Approval Status must be 'Approved' or 'Rejected',สถานะการอนุมัติ ต้อง 'อนุมัติ ' หรือ ' ปฏิเสธ ',
As per your assigned Salary Structure you cannot apply for benefits,ตามโครงสร้างค่าจ้างที่ได้รับมอบหมายคุณไม่สามารถยื่นขอผลประโยชน์ได้,
Assign,กำหนด,
Assign Salary Structure,กำหนดโครงสร้างเงินเดือน,
Assign to Employees,มอบหมายให้พนักงาน,
Assigning Structures...,การกำหนดโครงสร้าง ...,
Attendance,การดูแลรักษา,
Attendance From Date and Attendance To Date is mandatory,เข้าร่วมประชุม จาก วันที่และ การเข้าร่วมประชุม เพื่อให้ มีผลบังคับใช้ วันที่,
Attendance for employee {0} is already marked for this day,การเข้าร่วมประชุมสำหรับพนักงาน {0} ถูกทำเครื่องหมายแล้วสำหรับวันนี้,
Attendance not submitted for {0} as it is a Holiday.,การเข้าร่วมไม่ได้ส่งสำหรับ {0} เนื่องจากเป็นวันหยุด,
Bank Entries,รายการธนาคาร,
Base,ฐาน,
Beginner,ผู้เริ่มต้น,
Birthday Reminder,คำเตือนวันเกิด,
Bonus Payment Date cannot be a past date,วันที่ชำระเงินโบนัสไม่สามารถเป็นวันที่ผ่านมาได้,
Calls,โทร,
Cannot find active Leave Period,ไม่สามารถหาช่วงเวลาที่ใช้งานได้,
Casual Leave,สบาย ๆ ออก,
Claimed Amount,จำนวนเงินที่อ้างสิทธิ์,
Compensatory Off,ชดเชย ปิด,
Contact Number,เบอร์ติดต่อ,
Course,หลักสูตร,
Create Disbursement Entry,สร้างรายการการชำระเงิน,
Create Salary Slip,สร้างสลิปเงินเดือน,
Create Salary Slips,สร้างสลิปเงินเดือน,
Creating Payment Entries......,กำลังสร้างรายการการชำระเงิน ......,
Creating Salary Slips...,สร้างสลิปเงินเดือน ...,
Current,ปัจจุบัน,
Current Job Openings,เปิดงานปัจจุบัน,
Daily Work Summary,สรุปการทำงานประจำวัน,
Daily Work Summary Group,กลุ่มสรุปการทำงานรายวัน,
Date is repeated,วันที่ซ้ำแล้วซ้ำอีก,
Debit A/C Number,หักบัญชี A / C,
Deduction,การหัก,
Document Status,สถานะเอกสาร,
Earning,รายได้,
Employee A/C Number,จำนวนพนักงาน A / C,
Employee Benefits,ผลประโยชน์ของพนักงาน,
Employee Grade,เกรดพนักงาน,
Employee Referral,การแนะนำผลิตภัณฑ์ของพนักงาน,
Employee relieved on {0} must be set as 'Left',พนักงาน โล่งใจ ที่ {0} จะต้องตั้งค่า เป็น ' ซ้าย ',
Employee {0} already submited an apllication {1} for the payroll period {2},พนักงาน {0} ได้รับการส่งข้อมูลแล้ว {1} สำหรับรอบระยะเวลาการจ่ายเงินเดือน {2},
Employee {0} has no maximum benefit amount,พนักงาน {0} ไม่มีผลประโยชน์สูงสุด,
Employee {0} is not active or does not exist,พนักงาน {0} ไม่ได้ ใช้งานอยู่หรือ ไม่อยู่,
Employee {0} is on Leave on {1},พนักงาน {0} อยู่ในสถานะ Leave on {1},
Employee {0} on Half day on {1},พนักงาน {0} ในครึ่งวันในวันที่ {1},
End time cannot be before start time,เวลาสิ้นสุดไม่สามารถอยู่ก่อนเวลาเริ่มต้นได้,
Evaluation,การประเมินผล,
Event Location,สถานที่จัดงาน,
Event Name,ชื่องาน,
Expense Claim for Vehicle Log {0},การเรียกร้องค่าใช้จ่ายสำหรับยานพาหนะเข้าสู่ระบบ {0},
Expense Claim {0} already exists for the Vehicle Log,ค่าใช้จ่ายในการเรียกร้อง {0} อยู่แล้วสำหรับการเข้าสู่ระบบยานพาหนะ,
Fill the form and save it,กรอกแบบฟอร์ม และบันทึกไว้,
Filter Employees By (Optional),กรองพนักงานโดย (ไม่จำเป็น),
Fiscal Year {0} not found,ปีงบประมาณ {0} ไม่พบ,
Food,อาหาร,
For Employee,สำหรับพนักงาน,
From Date {0} cannot be after employee's relieving Date {1},จากวันที่ {0} ไม่สามารถเป็นได้หลังจากที่พนักงานลบวันที่ {1},
From Date {0} cannot be before employee's joining Date {1},จากวันที่ {0} ต้องไม่ใช่วันที่พนักงานเข้าร่วมวันที่ {1},
From date can not be less than employee's joining date,ตั้งแต่วันที่ไม่น้อยกว่าวันที่เข้าร่วมของพนักงาน,
Fuel Price,ราคาน้ำมัน,
Fuel Qty,น้ำมันเชื้อเพลิงจำนวน,
Full-time,เต็มเวลา,
Future dates not allowed,วันที่ในอนาคตไม่ได้รับอนุญาต,
Get Details From Declaration,รับรายละเอียดจากประกาศ,
Get Employees,รับพนักงาน,
Gross Pay,จ่ายขั้นต้น,
Guest,ผู้เยี่ยมชม,
Half Day,ครึ่งวัน,
Half Day Date is mandatory,Half Day Date เป็นข้อบังคับ,
Half Day Date should be between From Date and To Date,ครึ่งวันวันควรอยู่ระหว่างนับจากวันและวันที่,
Half Day Date should be in between Work From Date and Work End Date,Half Day Date ควรอยู่ระหว่าง Work From Date กับ Work End Date,
Half day date should be in between from date and to date,วันที่ครึ่งวันควรอยู่ระหว่างตั้งแต่วันที่จนถึงวันที่,
Hello,สวัสดี,
House rent paid days overlapping with {0},จำนวนวันที่เช่าบ้านที่ทับซ้อนกับ {0},
House rented dates required for exemption calculation,ต้องระบุวันที่เช่าบ้านสำหรับการคำนวณการยกเว้น,
House rented dates should be atleast 15 days apart,วันที่เช่าบ้านควรอยู่ห่างกันไม่เกิน 15 วัน,
Interest Amount,จำนวนเงินที่น่าสนใจ,
Intern,แพทย์ฝึกหัด,
Job Description,รายละเอียดตำแหน่งงาน,
Job Offer,เสนองาน,
Jobs,งาน,
Leave Approval Notification,ออกประกาศการอนุมัติ,
Leave Blocked,ฝากที่ถูกบล็อก,
Leave Encashment,ปล่อยให้เป็นเงินสด,
Leave Status Notification,ออกประกาศสถานะ,
Leave Type,ฝากประเภท,
Leave Type is madatory,ประเภทการปล่อยตัวเป็นแบบวิกลจริต,
Leave Type {0} cannot be allocated since it is leave without pay,การออกจากชนิด {0} ไม่สามารถได้รับการจัดสรรตั้งแต่มันถูกทิ้งไว้โดยไม่ต้องจ่าย,
Leave Type {0} cannot be carry-forwarded,ฝากประเภท {0} ไม่สามารถดำเนินการส่งต่อ-,
Leave Type {0} is not encashable,ปล่อยให้ประเภท {0} ไม่สามารถเข้ารหัสได้,
Leave Without Pay,ฝากโดยไม่ต้องจ่าย,
"Leave cannot be allocated before {0}, as leave balance has already been carry-forwarded in the future leave allocation record {1}",ออกจากไม่สามารถได้รับการจัดสรรก่อน {0} เป็นสมดุลลาได้รับแล้วนำติดตัวส่งต่อไปในอนาคตอันลาบันทึกจัดสรร {1},
"Leave cannot be applied/cancelled before {0}, as leave balance has already been carry-forwarded in the future leave allocation record {1}",ฝากไม่สามารถใช้ / ยกเลิกก่อน {0} เป็นสมดุลลาได้รับแล้วนำติดตัวส่งต่อไปในอนาคตอันลาบันทึกจัดสรร {1},
Leave of type {0} cannot be longer than {1},การลา ประเภท {0} ไม่สามารถ จะยาวกว่า {1},
Leaves,ใบไม้,
Leaves Allocated Successfully for {0},ใบ จัดสรร ประสบความสำเร็จ ในการ {0},
Leaves per Year,การลาต่อปี,
Lifecycle,วงจรชีวิต,
Mark Attendance,ทำเครื่องหมายการเข้าร่วม,
Max Exemption Amount cannot be greater than maximum exemption amount {0} of Tax Exemption Category {1},จำนวนยกเว้นสูงสุดไม่สามารถมากกว่าจำนวนยกเว้นสูงสุด {0} ของหมวดยกเว้นภาษี {1},
Max benefits should be greater than zero to dispense benefits,ประโยชน์สูงสุดควรมากกว่าศูนย์เพื่อจ่ายผลประโยชน์,
Maximum amount eligible for the component {0} exceeds {1},จำนวนเงินสูงสุดที่มีสิทธิ์สำหรับคอมโพเนนต์ {0} เกินกว่า {1},
Maximum benefit amount of component {0} exceeds {1},จำนวนเงินที่ได้รับประโยชน์สูงสุดของคอมโพเนนต์ {0} เกินกว่า {1},
Maximum benefit amount of employee {0} exceeds {1},จำนวนเงินที่ได้รับประโยชน์สูงสุดของพนักงาน {0} เกินกว่า {1},
Maximum leave allowed in the leave type {0} is {1},อนุญาตให้ใช้งานได้สูงสุดในประเภทการลา {0} คือ {1},
Medical,การแพทย์,
Mode of payment is required to make a payment,โหมดการชำระเงินจะต้องชำระเงิน,
More than one selection for {0} not allowed,ไม่อนุญาตให้เลือกมากกว่าหนึ่งรายการสำหรับ {0},
Net Pay,จ่ายสุทธิ,
Net Pay cannot be less than 0,จ่ายสุทธิไม่สามารถน้อยกว่า 0,
Net Salary Amount,จำนวนเงินเดือนสุทธิ,
Net pay cannot be negative,จ่ายสุทธิ ไม่สามารถ ลบ,
No Employee Found,ไม่พบพนักงาน,
No Salary Structure assigned for Employee {0} on given date {1},ไม่มีโครงสร้างเงินเดือนที่กำหนดสำหรับพนักงาน {0} ในวันที่กำหนด {1},
No Staffing Plans found for this Designation,ไม่มีแผนการจัดหาพนักงานสำหรับการกำหนดนี้,
No active or default Salary Structure found for employee {0} for the given dates,ไม่มีการใช้งานหรือเริ่มต้นโครงสร้างเงินเดือนของพนักงานพบ {0} สำหรับวันที่กำหนด,
No more updates,ไม่มีการปรับปรุงเพิ่มเติม,
No replies from,ไม่มีการตอบกลับจาก,
No salary slip found to submit for the above selected criteria OR salary slip already submitted,ไม่มีสลิปเงินเดือนที่จะส่งสำหรับเกณฑ์ที่เลือกไว้ข้างต้นหรือส่งสลิปเงินเดือนแล้ว,
Nothing to change,ไม่มีอะไรเปลี่ยนแปลง,
Notice Period,ระยะเวลาการแจ้งให้ทราบล่วงหน้า,
Only Leave Applications with status 'Approved' and 'Rejected' can be submitted,ทิ้งไว้เพียงการประยุกต์ใช้งานที่มีสถานะ &#39;อนุมัติ&#39; และ &#39;ปฏิเสธ&#39; สามารถส่ง,
Optional Holiday List not set for leave period {0},รายการวันหยุดเสริมไม่ได้ตั้งไว้สำหรับระยะเวลาการลา {0},
Part-time,Part-time,
Password policy for Salary Slips is not set,ไม่ได้ตั้งนโยบายรหัสผ่านสำหรับเงินเดือนสลิป,
Payment Days,วันชำระเงิน,
Payment of {0} from {1} to {2},การชำระเงิน {0} จาก {1} ถึง {2},
Payroll,บัญชีเงินเดือน,
Payroll Number,หมายเลขบัญชีเงินเดือน,
Piecework,งานเหมา,
Please add the remaining benefits {0} to any of the existing component,โปรดเพิ่มผลประโยชน์ที่เหลือ {0} ให้กับคอมโพเนนต์ใด ๆ ที่มีอยู่,
Please confirm once you have completed your training,โปรดยืนยันเมื่อคุณจบการฝึกอบรมแล้ว,
Please enable default incoming account before creating Daily Work Summary Group,โปรดเปิดใช้งานบัญชีขาเข้าที่เป็นค่าเริ่มต้นก่อนที่จะสร้างกลุ่มสรุปการทำงานรายวัน,
Please select Company and Designation,โปรดเลือก บริษัท และชื่อ,
Please select Employee,โปรดเลือกพนักงาน,
Please select a csv file,เลือกไฟล์ CSV,
Please set default template for Leave Approval Notification in HR Settings.,โปรดตั้งค่าเทมเพลตมาตรฐานสำหรับ Leave Approval Notification ใน HR Settings,
Please set default template for Leave Status Notification in HR Settings.,โปรดตั้งค่าเทมเพลตมาตรฐานสำหรับการแจ้งเตือนสถานะการลาออกในการตั้งค่า HR,
Please set the Company,โปรดตั้ง บริษัท,
Please set the Date Of Joining for employee {0},โปรดกำหนดวันที่เข้าร่วมสำหรับพนักงาน {0},
Please share your feedback to the training by clicking on 'Training Feedback' and then 'New',โปรดแบ่งปันความคิดเห็นของคุณในการฝึกอบรมโดยคลิกที่ &#39;Training Feedback&#39; จากนั้นคลิก &#39;New&#39;,
Please update your status for this training event,โปรดอัปเดตสถานะของคุณสำหรับกิจกรรมการฝึกอบรมนี้,
Present,นำเสนอ,
Preview Salary Slip,ดูตัวอย่างสลิปเงินเดือน,
Privilege Leave,สิทธิ ออก,
Probation,การทดลอง,
Probationary Period,ระยะเวลาการฝึกงาน,
Property,คุณสมบัติ,
Property already added,เพิ่มคุณสมบัติแล้ว,
Replies,ตอบกลับ,
Responsibilities,ความรับผิดชอบ,
Role,บทบาท,
Row {0}# Allocated amount {1} cannot be greater than unclaimed amount {2},แถว {0} # จำนวนที่จัดสรรไว้ {1} จะต้องไม่เกินจำนวนที่ไม่มีการอ้างสิทธิ์ {2},
Row {0}# Paid Amount cannot be greater than requested advance amount,แถว {0} จำนวนเงินที่ชำระแล้วต้องไม่เกินจำนวนเงินที่ขอล่วงหน้า,
Salary Slip ID,เงินเดือน ID สลิป,
Salary Slip of employee {0} already created for this period,สลิปเงินเดือนของพนักงาน {0} สร้างไว้แล้วสำหรับช่วงเวลานี้,
Salary Slip of employee {0} already created for time sheet {1},สลิปเงินเดือนของพนักงาน {0} สร้างไว้แล้วสำหรับแผ่นเวลา {1},
Salary Structure Assignment for Employee already exists,มีการกำหนดโครงสร้างเงินเดือนให้กับพนักงานแล้ว,
Salary Structure Missing,โครงสร้างเงินเดือนที่ขาดหายไป,
Salary Structure not found for employee {0} and date {1},ไม่พบโครงสร้างเงินเดือนสำหรับพนักงาน {0} และวันที่ {1},
Salary Structure should have flexible benefit component(s) to dispense benefit amount,โครงสร้างค่าจ้างควรมีองค์ประกอบของผลประโยชน์ที่ยืดหยุ่นในการจ่ายผลประโยชน์,
"Salary already processed for period between {0} and {1}, Leave application period cannot be between this date range.",เงินเดือนที่ต้องการการประมวลผลแล้วสำหรับรอบระยะเวลาระหว่าง {0} และ {1} ฝากรับสมัครไม่สามารถอยู่ระหว่างช่วงวันที่นี้,
Sanctioned Amount cannot be greater than Claim Amount in Row {0}.,ตามทำนองคลองธรรมจำนวนเงินไม่สามารถจะสูงกว่าจำนวนเงินที่เรียกร้องในแถว {0},
Score must be less than or equal to 5,คะแนน ต้องน้อยกว่า หรือ เท่ากับ 5,
Select Property,เลือก Property,
Select an employee to get the employee advance.,เลือกพนักงานเพื่อรับพนักงานล่วงหน้า,
Service Expense,ค่าใช้จ่ายในการให้บริการ,
Show Employee,แสดงพนักงาน,
Show Salary Slip,สลิปเงินเดือนที่ต้องการแสดง,
Sick Leave,ป่วย ออกจาก,
"Skipping Salary Structure Assignment for the following employees, as Salary Structure Assignment records already exists against them. {0}",ข้ามการกำหนดโครงสร้างเงินเดือนสำหรับพนักงานดังต่อไปนี้เนื่องจากมีการกำหนดโครงสร้างเงินเดือนไว้กับพวกเขาแล้ว {0},
Staffing Plan {0} already exist for designation {1},มีแผนงานการรับพนักงาน {0} อยู่แล้วสำหรับการกำหนด {1},
"Start and end dates not in a valid Payroll Period, cannot calculate {0}",วันที่เริ่มต้นและวันที่สิ้นสุดไม่อยู่ในระยะเวลาบัญชีเงินเดือนที่ถูกต้องไม่สามารถคำนวณ {0},
"Start and end dates not in a valid Payroll Period, cannot calculate {0}.",วันที่เริ่มต้นและวันที่สิ้นสุดที่ไม่อยู่ในช่วงเวลาการจ่ายเงินเดือนที่ถูกต้องไม่สามารถคำนวณได้ {0},
Stock Options,ตัวเลือกหุ้น,
Structures have been assigned successfully,กำหนดโครงสร้างสำเร็จแล้ว,
Submit Proof,ส่งหลักฐาน,
Submit Salary Slip,ส่งสลิปเงินเดือน,
Submit this to create the Employee record,ส่งสิ่งนี้เพื่อสร้างเรคคอร์ด Employee,
Submitting Salary Slips...,ส่งสลิปเงินเดือน ...,
Team Updates,การปรับปรุงทีม,
Thank you,ขอบคุณ,
The day(s) on which you are applying for leave are holidays. You need not apply for leave.,วันที่ (s) ที่คุณจะใช้สำหรับการลาวันหยุด คุณไม่จำเป็นต้องใช้สำหรับการลา,
There are more holidays than working days this month.,มี วันหยุด มากขึ้นกว่าที่ เป็น วันทำการ ในเดือนนี้,
There is no leave period in between {0} and {1},ไม่มีระยะเวลาการลาออกระหว่าง {0} ถึง {1},
This is based on the attendance of this Employee,นี้ขึ้นอยู่กับการเข้าร่วมของพนักงานนี้,
This will submit Salary Slips and create accrual Journal Entry. Do you want to proceed?,การดำเนินการนี้จะส่งสลากเงินเดือนและสร้างสมุดบันทึกรายวันคงค้าง คุณต้องการดำเนินการต่อหรือไม่?,
To date can not be equal or less than from date,ในวันที่ไม่สามารถเท่ากับหรือน้อยกว่าจากวันที่,
To date can not be less than from date,ในวันที่จะต้องไม่น้อยกว่าจากวันที่,
To date can not greater than employee's relieving date,จนถึงวันที่ไม่สามารถเกินวันลางานได้,
Total Absent,ขาดทั้งหมด,
Total Deduction,หักรวม,
Total Leaves,ใบรวม,
Total Present,ปัจจุบันทั้งหมด,
Total advance amount cannot be greater than total sanctioned amount,จำนวนเงินที่ต้องชำระล่วงหน้าทั้งหมดต้องไม่เกินจำนวนเงินที่ได้รับอนุมัติทั้งหมด,
Total flexible benefit component amount {0} should not be less than max benefits {1},จำนวนองค์ประกอบผลประโยชน์รวมที่ยืดหยุ่น {0} ไม่ควรน้อยกว่าผลประโยชน์สูงสุด {1},
Total leaves allocated is mandatory for Leave Type {0},ใบที่จัดสรรไว้ทั้งหมดเป็นข้อบังคับสำหรับ Leave Type {0},
Total working hours should not be greater than max working hours {0},ชั่วโมงการทำงานรวมไม่ควรมากกว่าชั่วโมงการทำงานสูงสุด {0},
Training,การอบรม,
Training Event,กิจกรรมการฝึกอบรม,
Training Events,กิจกรรมการฝึกอบรม,
Training Feedback,การฝึกอบรมผลตอบรับ,
Training Result,ผลการฝึกอบรม,
Travel,การเดินทาง,
Update Response,อัปเดตการตอบกลับ,
Value missing,มูลค่าหายไป,
Variable,ตัวแปร,
Walk In,Walk In,
Warning: Leave application contains following block dates,คำเตือน: โปรแกรมออกมีวันที่บล็อกต่อไปนี้,
Website Listing,รายชื่อเว็บไซต์,
Work Summary for {0},สรุปการทำงานสำหรับ {0},
You are not authorized to approve leaves on Block Dates,คุณไม่ได้รับอนุญาตในการอนุมัติวันลา ในวันที่ถูกบล็อก,
You are not present all day(s) between compensatory leave request days,คุณไม่มีวันอยู่ระหว่างวันที่ขอชดเชยการลาออก,
You can only submit Leave Encashment for a valid encashment amount,คุณสามารถส่ง Leave Encashment ได้เพียงจำนวนเงินที่ถูกต้องเท่านั้น,
{0} already allocated for Employee {1} for period {2} to {3},{0} จัดสรรสำหรับพนักงาน {1} แล้วสำหรับรอบระยะเวลา {2} ถึง {3},
{0} applicable after {1} working days,{0} ใช้ได้หลังจาก {1} วันทำการ,
{0} is not in Optional Holiday List,{0} ไม่อยู่ในรายการวันหยุดเสริม,
{0} is not in a valid Payroll Period,{0} ไม่อยู่ในระยะเวลาการจ่ายเงินเดือนที่ถูกต้อง,
{0} must be submitted,ต้องส่ง {0} รายการ,
"{0}: Employee email not found, hence email not sent",{0}: ไม่พบอีเมลของพนักงาน อีเมล์นี้จึงไม่ได้ถูกส่ง,
{0}: From {0} of type {1},{0}: จาก {0} ประเภท {1},
Conditions,เงื่อนไข,
Percent,เปอร์เซ็นต์,
Error in some rows,เกิดข้อผิดพลาดในบางแถว,
Benefit,ประโยชน์,
Shift,เปลี่ยน,
Importing {0} of {1},การอิมพอร์ต {0} จาก {1},
'employee_field_value' and 'timestamp' are required.,ต้องระบุ &#39;employee_field_value&#39; และ &#39;timestamp&#39;,
Allocation Expired!,การจัดสรรหมดอายุ!,
Attendance Marked,ทำเครื่องหมายผู้เข้าร่วม,
Attendance has been marked as per employee check-ins,มีการทำเครื่องหมายการเข้าร่วมตามการเช็คอินของพนักงาน,
Date Range,ช่วงวันที่,
Event Link,ลิงค์กิจกรรม,
Expire Allocation,การจัดสรรที่หมดอายุ,
Fuel Expense,ค่าใช้จ่ายน้ำมันเชื้อเพลิง,
Intermediate,สื่อกลาง,
Leave application is linked with leave allocations {0}. Leave application cannot be set as leave without pay,ปล่อยให้แอ็พพลิเคชันเชื่อมโยงกับการจัดสรรการลา {0} ไม่สามารถตั้งค่าการลาได้เนื่องจากไม่ได้จ่าย,
Log Type is required for check-ins falling in the shift: {0}.,จำเป็นต้องใช้ประเภทการบันทึกสำหรับการเช็คอินที่อยู่ในกะ: {0},
No Employee found for the given employee field value. '{}': {},ไม่พบพนักงานสำหรับค่าฟิลด์พนักงานที่ระบุ &#39;{}&#39;: {},
No Leaves Allocated to Employee: {0} for Leave Type: {1},ไม่มีใบที่จัดสรรให้แก่พนักงาน: {0} สำหรับประเภทการลา: {1},
Only expired allocation can be cancelled,สามารถยกเลิกการจัดสรรที่หมดอายุเท่านั้น,
Only users with the {0} role can create backdated leave applications,เฉพาะผู้ใช้ที่มีบทบาท {0} เท่านั้นที่สามารถสร้างแอปพลิเคชันการลาที่ล้าสมัย,
Password policy cannot contain spaces or simultaneous hyphens. The format will be restructured automatically,นโยบายรหัสผ่านไม่สามารถมีช่องว่างหรือยัติภังค์ในเวลาเดียวกันได้ รูปแบบจะถูกปรับโครงสร้างโดยอัตโนมัติ,
Please enter the designation,กรุณาใส่ชื่อ,
There are no vacancies under staffing plan {0},ไม่มีตำแหน่งว่างภายใต้แผนการรับพนักงาน {0},
This employee already has a log with the same timestamp.{0},พนักงานนี้มีบันทึกที่มีการประทับเวลาเดียวกันอยู่แล้ว {0},
Timing,การจับเวลา,
To date needs to be before from date,ถึงวันที่จะต้องมาก่อนจากวันที่,
Total Early Exits,ยอดรวมก่อนออก,
Total Late Entries,ผลงานล่าช้าทั้งหมด,
Training Event:,กิจกรรมการฝึกอบรม:,
Unable to find Salary Component {0},ไม่พบองค์ประกอบเงินเดือน {0},
Unmarked Attendance for days,การเข้าร่วมที่ไม่มีเครื่องหมายเป็นเวลาหลายวัน,
Vacancies cannot be lower than the current openings,ตำแหน่งงานต้องไม่ต่ำกว่าช่องเปิดปัจจุบัน,
{} is an invalid Attendance Status.,{} เป็นสถานะการเข้าร่วมที่ไม่ถูกต้อง,
Printed On,พิมพ์บน,
No employee found,พบว่า พนักงานที่ ไม่มี,
Please setup Employee Naming System in Human Resource > HR Settings,โปรดตั้งค่าระบบการตั้งชื่อพนักงานในทรัพยากรมนุษย์&gt; การตั้งค่าทรัพยากรบุคคล,
Please setup numbering series for Attendance via Setup > Numbering Series,โปรดตั้งค่าหมายเลขลำดับสำหรับการเข้าร่วมผ่านการตั้งค่า&gt; ลำดับเลข,
Current Odometer Value should be greater than Last Odometer Value {0},ค่าของเครื่องวัดระยะทางปัจจุบันควรมากกว่าค่าของมาตรวัดระยะสุดท้าย {0},
No additional expenses has been added,ไม่มีการเพิ่มค่าใช้จ่ายใด ๆ,
{0} already exists for employee {1} and period {2},{0} มีอยู่แล้วสำหรับพนักงาน {1} และช่วงเวลา {2},
Leaves Allocated,ใบจัดสรร,
Leave Without Pay does not match with approved {} records,การออกโดยไม่ต้องจ่ายเงินไม่ตรงกับบันทึก {} ที่ได้รับอนุมัติ,
Income Tax Slab not set in Salary Structure Assignment: {0},ไม่ได้กำหนดแผ่นภาษีเงินได้ในการกำหนดโครงสร้างเงินเดือน: {0},
Income Tax Slab: {0} is disabled,แผ่นภาษีเงินได้: {0} ถูกปิดใช้งาน,
Income Tax Slab must be effective on or before Payroll Period Start Date: {0},แผ่นภาษีเงินได้ต้องมีผลในหรือก่อนวันที่เริ่มรอบระยะเวลาการจ่ายเงินเดือน: {0},
No leave record found for employee {0} on {1},ไม่พบประวัติการลาของพนักงาน {0} เมื่อวันที่ {1},
Row {0}: {1} is required in the expenses table to book an expense claim.,แถว {0}: {1} ต้องระบุในตารางค่าใช้จ่ายเพื่อจองการเรียกร้องค่าใช้จ่าย,
Set the default account for the {0} {1},ตั้งค่าบัญชีเริ่มต้นสำหรับ {0} {1},
(Half Day),(ครึ่งวัน),
Income Tax Slab,แผ่นภาษีเงินได้,
Row #{0}: Cannot set amount or formula for Salary Component {1} with Variable Based On Taxable Salary,แถว # {0}: ไม่สามารถกำหนดจำนวนเงินหรือสูตรสำหรับส่วนประกอบเงินเดือน {1} ด้วยตัวแปรตามเงินเดือนที่ต้องเสียภาษี,
Repay From Salary can be selected only for term loans,การชำระคืนจากเงินเดือนสามารถเลือกได้เฉพาะสำหรับเงินกู้ระยะยาว,
Salary Component Account,บัญชีเงินเดือนตัวแทน,
Default Bank / Cash account will be automatically updated in Salary Journal Entry when this mode is selected.,เริ่มต้นของบัญชีธนาคาร / เงินสดจะได้รับการปรับปรุงโดยอัตโนมัติในเงินเดือนวารสารรายการเมื่อโหมดนี้จะถูกเลือก,
Result,ผล,
Total Score,คะแนนรวม,
Joining Date,วันที่เข้าร่วม,
Publish on website,เผยแพร่บนเว็บไซต์,
Application Status,สถานะการสมัคร,
IN,ใน,
Remind Before,เตือนก่อน,
Reminded,เตือน,
Additional Salary,เงินเดือนเพิ่มเติม,
HR-ADS-.YY.-.MM.-,HR-ADS-.YY .-. MM.-,
Salary Component,เงินเดือนที่ต้องการตัวแทน,
Overwrite Salary Structure Amount,เขียนทับโครงสร้างเงินเดือน,
Deduct Full Tax on Selected Payroll Date,หักภาษีเต็มจำนวนในวันที่เลือกจ่ายเงินเดือน,
Payroll Date,วันที่จ่ายเงินเดือน,
Salary Component Type,เงินเดือนประเภทคอมโพเนนต์,
Appointment Letter,จดหมายนัด,
Appointment Date,วันที่นัดหมาย,
Appointment Letter Template,เทมเพลตจดหมายแต่งตั้ง,
Closing Notes,หมายเหตุการปิด,
Appointment Letter content,เนื้อหาจดหมายแต่งตั้ง,
Appraisal,การตีราคา,
HR-APR-.YY.-.MM.,HR-APR-.YY.-.MM,
For Employee Name,สำหรับชื่อของพนักงาน,
Goals,เป้าหมาย,
Total Score (Out of 5),คะแนนรวม (out of 5),
"Any other remarks, noteworthy effort that should go in the records.",ใด ๆ ข้อสังเกตอื่น ๆ ความพยายามที่น่าสังเกตว่าควรจะไปในบันทึก,
Appraisal Goal,เป้าหมายการประเมิน,
Key Responsibility Area,พื้นที่ความรับผิดชอบหลัก,
Weightage (%),weightage (%),
Score (0-5),คะแนน (0-5),
Score Earned,คะแนนที่ได้รับ,
Appraisal Template Title,หัวข้อแม่แบบประเมิน,
Appraisal Template Goal,เป้าหมายเทมเพลทประเมิน,
KRA,กระ,
Key Performance Area,พื้นที่การดำเนินงานหลัก,
HR-ATT-.YYYY.-,HR-ATT-.YYYY.-,
On Leave,ลา,
Work From Home,ทำงานที่บ้าน,
Leave Application,ใบลา,
Attendance Date,วันที่เข้าร่วม,
Attendance Request,คำขอเข้าร่วม,
Late Entry,สายเข้า,
Early Exit,ออกก่อนเวลา,
Half Day Date,ครึ่งวันวัน,
On Duty,กำลังปฏิบัติหน้าที่,
Explanation,คำอธิบาย,
Compensatory Leave Request,ขอรับการชดเชย,
Leave Allocation,การจัดสรรการลา,
Worked On Holiday,ทำงานในวันหยุด,
Work From Date,ทำงานจากวันที่,
Work End Date,วันที่สิ้นสุดงาน,
Email Sent To,ส่งอีเมลไปที่,
Select Users,เลือกผู้ใช้,
Send Emails At,ส่งอีเมล์ที่,
Reminder,การแจ้งเตือน,
Daily Work Summary Group User,ผู้ใช้กลุ่มสรุปรายวัน,
email,อีเมล์,
Department Approver,ผู้ประเมินกรม,
Approver,อนุมัติ,
Designation Skill,ทักษะการกำหนด,
Skill,ความสามารถ,
Leave Policy,ออกจากนโยบาย,
Salary Details,รายละเอียดเงินเดือน,
HR-EAD-.YYYY.-,HR-EAD-.YYYY.-,
Claimed,อ้างว่า,
Employee Attendance Tool,เครื่องมือเข้าร่วมประชุมพนักงาน,
Unmarked Attendance,เข้าร่วมประชุมที่ไม่มีเครื่องหมาย,
Employees HTML,พนักงาน HTML,
Marked Attendance,ผู้เข้าร่วมการทำเครื่องหมาย,
Marked Attendance HTML,ผู้เข้าร่วมการทำเครื่องหมาย HTML,
Employee Benefit Application,ใบสมัครผลประโยชน์ของพนักงาน,
Max Benefits (Yearly),ประโยชน์สูงสุด (รายปี),
Remaining Benefits (Yearly),สิทธิประโยชน์ที่เหลือ (รายปี),
Payroll Period,ระยะเวลาการจ่ายเงินเดือน,
Dispensed Amount (Pro-rated),จำนวนเงินที่จ่าย (Pro-rated),
Employee Benefit Application Detail,รายละเอียดการสมัครลูกจ้าง,
Earning Component,คอมโพเนนต์รายได้,
Pay Against Benefit Claim,เรียกร้องค่าสินไหมทดแทน,
Max Benefit Amount,จำนวนเงินสวัสดิการสูงสุด,
Employee Benefit Claim,การเรียกร้องค่าสินไหมทดแทนพนักงาน,
Claim Date,วันที่อ้างสิทธิ์,
Claim Benefit For,ขอรับสวัสดิการสำหรับ,
Max Amount Eligible,จำนวนเงินสูงสุดที่มีสิทธิ์,
Expense Proof,Proof ค่าใช้จ่าย,
Employee Boarding Activity,กิจกรรมการรับพนักงาน,
Activity Name,ชื่อกิจกรรม,
Required for Employee Creation,จำเป็นสำหรับการสร้างพนักงาน,
Applicable in the case of Employee Onboarding,สามารถใช้งานได้ในกรณีที่พนักงาน Onboarding,
Employee Checkin,พนักงานเช็คอิน,
Log Type,ประเภทบันทึก,
OUT,ออก,
Location / Device ID,ที่ตั้ง / รหัสอุปกรณ์,
Skip Auto Attendance,ข้ามการเข้าร่วมอัตโนมัติ,
Shift Start,เริ่มกะ,
Shift End,สิ้นสุดกะ,
Shift Actual Start,Shift เริ่มจริง,
Shift Actual End,Shift สิ้นสุดจริง,
Default Salary Structure,โครงสร้างเงินเดือนเริ่มต้น,
Employee Health Insurance,ประกันสุขภาพของพนักงาน,
Health Insurance Name,ชื่อประกันสุขภาพ,
Employee Incentive,แรงจูงใจของพนักงาน,
Incentive Amount,จำนวนเงินที่จูงใจ,
Employee Onboarding,พนักงานที่กำลังเข้าร่วม,
Notify users by email,แจ้งผู้ใช้ทางอีเมล,
Employee Onboarding Template,เทมเพลตการเข้าร่วมงานของพนักงาน,
Employee Other Income,รายได้อื่นของพนักงาน,
Employee Promotion,การส่งเสริมพนักงาน,
Promotion Date,วันที่โปรโมชัน,
Employee Promotion Details,รายละเอียดโปรโมชั่นของพนักงาน,
Employee Property History,ประวัติทรัพย์สินของพนักงาน,
Employee Separation,แยกพนักงาน,
Employee Separation Template,เทมเพลตการแบ่งแยกลูกจ้าง,
Exit Interview Summary,ออกบทสรุปการให้สัมภาษณ์,
Employee Skill,ทักษะของพนักงาน,
Proficiency,ความชำนาญ,
Evaluation Date,วันประเมินผล,
Employee Skill Map,แผนที่ความสามารถของพนักงาน,
Employee Skills,ทักษะของพนักงาน,
Trainings,การฝึกอบรม,
Employee Tax Exemption Category,หมวดหมู่การยกเว้นภาษีของพนักงาน,
Max Exemption Amount,จำนวนยกเว้นสูงสุด,
Employee Tax Exemption Declaration,ประกาศยกเว้นภาษีพนักงาน,
Declarations,การประกาศ,
Total Declared Amount,ยอดรวมที่ประกาศ,
Total Exemption Amount,ยอดรวมยกเว้น,
Employee Tax Exemption Declaration Category,หมวดหมู่การประกาศยกเว้นภาษีของพนักงาน,
Exemption Sub Category,ยกเว้นหมวดย่อย,
Exemption Category,หมวดการยกเว้น,
Maximum Exempted Amount,จำนวนเงินที่ได้รับการยกเว้นสูงสุด,
Declared Amount,ประกาศจำนวนเงิน,
Employee Tax Exemption Proof Submission,การส่งหลักฐานการได้รับการยกเว้นภาษีพนักงาน,
Submission Date,วันที่ยื่น,
Tax Exemption Proofs,หลักฐานการยกเว้นภาษี,
Total Actual Amount,จำนวนเงินรวมที่แท้จริง,
Employee Tax Exemption Proof Submission Detail,รายละเอียดการส่งหลักฐานการยกเว้นภาษีพนักงาน,
Maximum Exemption Amount,จำนวนยกเว้นสูงสุด,
Type of Proof,ประเภทของหลักฐาน,
Actual Amount,จำนวนจริง,
Employee Tax Exemption Sub Category,ประเภทยกเว้นภาษีของพนักงาน,
Tax Exemption Category,ประเภทยกเว้นภาษี,
Employee Training,การฝึกอบรมพนักงาน,
Training Date,วันที่อบรม,
Employee Transfer,โอนพนักงาน,
Transfer Date,วันโอน,
Employee Transfer Details,รายละเอียดการโอนย้ายพนักงาน,
Employee Transfer Detail,รายละเอียดการโอนย้ายพนักงาน,
Re-allocate Leaves,จัดสรรใบอีกครั้ง,
Create New Employee Id,สร้างรหัสพนักงานใหม่,
New Employee ID,รหัสพนักงานใหม่,
HR-EXP-.YYYY.-,HR-EXP-.YYYY.-,
Expense Taxes and Charges,ภาษีและค่าใช้จ่ายที่ต้องเสียไป,
Total Sanctioned Amount,จำนวนรวมตามทำนองคลองธรรม,
Total Advance Amount,ยอดรวมเงินทดรอง,
Total Claimed Amount,จำนวนรวมอ้าง,
Total Amount Reimbursed,รวมจำนวนเงินชดเชย,
Vehicle Log,ยานพาหนะเข้าสู่ระบบ,
Employees Email Id,Email รหัสพนักงาน,
More Details,รายละเอียดเพิ่มเติม,
Expense Claim Account,บัญชีค่าใช้จ่ายเรียกร้อง,
Expense Claim Advance,การเรียกร้องค่าสินไหมทดแทนล่วงหน้า,
Expense Claim Detail,รายละเอียดค่าใช้จ่ายสินไหม,
Expense Date,วันที่ค่าใช้จ่าย,
Expense Claim Type,เรียกร้องประเภทค่าใช้จ่าย,
HR Settings,ตั้งค่าทรัพยากรบุคคล,
Employee Settings,การตั้งค่า การทำงานของพนักงาน,
Expense Approver Mandatory In Expense Claim,ค่าใช้จ่ายที่จำเป็นในการเรียกร้องค่าใช้จ่าย,
Payroll Settings,การตั้งค่า บัญชีเงินเดือน,
Leave,ออกจาก,
Max working hours against Timesheet,แม็กซ์ชั่วโมงการทำงานกับ Timesheet,
Include holidays in Total no. of Working Days,รวมถึงวันหยุดในไม่รวม ของวันทําการ,
"If checked, Total no. of Working Days will include holidays, and this will reduce the value of Salary Per Day",ถ้าการตรวจสอบรวมกัน ของวันทําการจะรวมถึงวันหยุดและนี้จะช่วยลดค่าของเงินเดือนที่ต้องการต่อวัน,
"If checked, hides and disables Rounded Total field in Salary Slips",หากทำเครื่องหมายให้ซ่อนและปิดใช้งานฟิลด์ผลรวมที่ปัดเศษในสลิปเงินเดือน,
The fraction of daily wages to be paid for half-day attendance,เศษของค่าจ้างรายวันที่ต้องจ่ายสำหรับการเข้าร่วมครึ่งวัน,
Email Salary Slip to Employee,อีเมล์สลิปเงินเดือนให้กับพนักงาน,
Emails salary slip to employee based on preferred email selected in Employee,สลิปอีเมล์เงินเดือนให้กับพนักงานบนพื้นฐานของอีเมลที่ต้องการเลือกในการพนักงาน,
Encrypt Salary Slips in Emails,เข้ารหัสสลิปเงินเดือนในอีเมล,
"The salary slip emailed to the employee will be password protected, the password will be generated based on the password policy.",สลิปเงินเดือนที่ส่งไปยังพนักงานจะได้รับการป้องกันด้วยรหัสผ่านรหัสผ่านจะถูกสร้างขึ้นตามนโยบายรหัสผ่าน,
Password Policy,นโยบายรหัสผ่าน,
<b>Example:</b> SAL-{first_name}-{date_of_birth.year} <br>This will generate a password like SAL-Jane-1972,<b>ตัวอย่าง:</b> SAL- {first_name} - {date_of_birth.year} <br> สิ่งนี้จะสร้างรหัสผ่านเช่น SAL-Jane-1972,
Leave Approval Notification Template,ออกจากแม่แบบการแจ้งเตือนการอนุมัติ,
Leave Status Notification Template,ออกจากเทมเพลตการแจ้งสถานะ,
Role Allowed to Create Backdated Leave Application,บทบาทที่ได้รับอนุญาตในการสร้างแอปพลิเคชันออกจากที่ล้าสมัย,
Leave Approver Mandatory In Leave Application,ปล่อยให้คำแนะนำในการสมัคร,
Show Leaves Of All Department Members In Calendar,แสดงใบสมาชิกของแผนกทั้งหมดในปฏิทิน,
Auto Leave Encashment,ปล่อยให้เป็นอัตโนมัติ,
Hiring Settings,การตั้งค่าการจ้างงาน,
Check Vacancies On Job Offer Creation,ตรวจสอบตำแหน่งว่างในการสร้างข้อเสนองาน,
Identification Document Type,ประเภทเอกสารระบุ,
Effective from,มีผลตั้งแต่,
Allow Tax Exemption,อนุญาตการยกเว้นภาษี,
"If enabled, Tax Exemption Declaration will be considered for income tax calculation.",หากเปิดใช้งานจะมีการพิจารณาใบแจ้งการยกเว้นภาษีสำหรับการคำนวณภาษีเงินได้,
Standard Tax Exemption Amount,จำนวนยกเว้นภาษีมาตรฐาน,
Taxable Salary Slabs,แผ่นเงินเดือนที่ต้องเสียภาษี,
Taxes and Charges on Income Tax,ภาษีและการเรียกเก็บภาษีเงินได้,
Other Taxes and Charges,ภาษีและค่าธรรมเนียมอื่น ๆ,
Income Tax Slab Other Charges,แผ่นภาษีเงินได้ค่าใช้จ่ายอื่น ๆ,
Min Taxable Income,รายได้ขั้นต่ำที่ต้องเสียภาษี,
Max Taxable Income,รายได้ที่ต้องเสียภาษีสูงสุด,
Applicant for a Job,สำหรับผู้สมัครงาน,
Job Opening,เปิดงาน,
Cover Letter,จดหมาย,
Resume Attachment,Resume สิ่งที่แนบมา,
Job Applicant Source,แหล่งที่มาของผู้สมัครงาน,
Applicant Email Address,ที่อยู่อีเมลของผู้สมัคร,
Awaiting Response,รอการตอบสนอง,
Job Offer Terms,เงื่อนไขการเสนองาน,
Select Terms and Conditions,เลือกข้อตกลงและเงื่อนไข,
Job Offer Term,เงื่อนไขการเสนองาน,
Offer Term,ระยะเวลาเสนอ,
Value / Description,ค่า / รายละเอียด,
Description of a Job Opening,คำอธิบายของการเปิดงาน,
Staffing Plan,แผนการจัดหาพนักงาน,
Planned number of Positions,จำนวนตำแหน่งที่วางแผนไว้,
"Job profile, qualifications required etc.",รายละเอียด งาน คุณสมบัติ ที่จำเป็น อื่น ๆ,
HR-LAL-.YYYY.-,HR-LAL-.YYYY.-,
New Leaves Allocated,ใหม่ใบจัดสรร,
Add unused leaves from previous allocations,เพิ่มใบไม่ได้ใช้จากการจัดสรรก่อนหน้า,
Unused leaves,ใบที่ไม่ได้ใช้,
Total Leaves Allocated,ใบรวมจัดสรร,
Total Leaves Encashed,จำนวนใบที่ถูก Encashed,
Leave Period,ปล่อยช่วงเวลา,
Carry Forwarded Leaves,Carry ใบ Forwarded,
Apply / Approve Leaves,สมัคร / อนุมัติใบ,
HR-LAP-.YYYY.-,HR-LAP-.YYYY.-,
Leave Balance Before Application,วันลาคงเหลือก่อน การร้องขอ,
Total Leave Days,วันที่เดินทางทั้งหมด,
Leave Approver Name,ชื่อผู้อนุมัติการลา,
Follow via Email,ผ่านทางอีเมล์ตาม,
Block Holidays on important days.,วันหยุดที่ถูกบล็อกในวันสำคัญ,
Leave Block List Name,ฝากชื่อรายการที่ถูกบล็อก,
Applies to Company,นำไปใช้กับ บริษัท,
"If not checked, the list will have to be added to each Department where it has to be applied.",ถ้าไม่ได้ตรวจสอบรายชื่อจะต้องมีการเพิ่มแต่ละแผนกที่มันจะต้องมีการใช้,
Block Days,วันที่ถูกบล็อก,
Stop users from making Leave Applications on following days.,หยุดผู้ใช้จากการทำแอพพลิเคที่เดินทางในวันที่ดังต่อไปนี้,
Leave Block List Dates,ไม่ระบุวันที่รายการบล็อก,
Allow Users,อนุญาตให้ผู้ใช้งาน,
Allow the following users to approve Leave Applications for block days.,อนุญาตให้ผู้ใช้ต่อไปเพื่อขออนุมัติการใช้งานออกวันบล็อก,
Leave Block List Allowed,ฝากรายการบล็อกอนุญาตให้นำ,
Leave Block List Allow,ฝากรายการบล็อกอนุญาตให้,
Allow User,อนุญาตให้ผู้ใช้,
Leave Block List Date,ฝากวันที่รายการบล็อก,
Block Date,บล็อกวันที่,
Leave Control Panel,ฝากแผงควบคุม,
Employment Type (optional),ประเภทการจ้างงาน (เลือกได้),
Branch (optional),สาขา (ไม่จำเป็น),
Department (optional),แผนก (ไม่จำเป็น),
Designation (optional),การกำหนด (ไม่จำเป็น),
Employee Grade (optional),เกรดพนักงาน (ไม่จำเป็น),
Employee (optional),พนักงาน (ไม่จำเป็น),
Allocate Leaves,จัดสรรใบไม้,
Carry Forward,Carry Forward,
Please select Carry Forward if you also want to include previous fiscal year's balance leaves to this fiscal year,เลือกดำเนินการต่อถ้าคุณยังต้องการที่จะรวมถึงความสมดุลในปีงบประมาณก่อนหน้านี้ออกไปในปีงบการเงิน,
New Leaves Allocated (In Days),ใบใหม่ที่จัดสรร (ในวัน),
Leave Balance,ออกจากยอดคงเหลือ,
Encashable days,วันที่เป็น Encashable,
Encashment Amount,จำนวนเงินในการขาย,
Leave Ledger Entry,ออกจากรายการบัญชีแยกประเภท,
Transaction Name,ชื่อธุรกรรม,
Is Carry Forward,เป็น Carry Forward,
Is Expired,หมดอายุแล้ว,
Is Leave Without Pay,ถูกทิ้งไว้โดยไม่ต้องจ่ายเงิน,
Holiday List for Optional Leave,รายการวันหยุดสำหรับการลาตัวเลือก,
Leave Allocations,ยกเลิกการจัดสรร,
Leave Policy Details,ปล่อยรายละเอียดนโยบาย,
Leave Policy Detail,ออกจากรายละเอียดนโยบาย,
Annual Allocation,การจัดสรรรายปี,
Leave Type Name,ฝากชื่อประเภท,
Applicable After (Working Days),ใช้ได้หลังจากวันทำงาน,
Is Optional Leave,เลือกได้,
Allow Negative Balance,อนุญาตให้ยอดคงเหลือติดลบ,
Include holidays within leaves as leaves,รวมถึงวันหยุดที่อยู่ในใบเป็นใบ,
Is Compensatory,เป็นค่าตอบแทน,
Maximum Carry Forwarded Leaves,การพกพาที่ถูกส่งต่อสูงสุด,
Expire Carry Forwarded Leaves (Days),ใบนำส่งต่อที่หมดอายุ (วัน),
Calculated in days,คำนวณเป็นวัน,
Encashment,การได้เป็นเงินสด,
Allow Encashment,อนุญาตการเก็บเงิน,
Encashment Threshold Days,วันที่เกณฑ์เกณฑ์การขาย,
Earned Leave,ได้รับลาออก,
Is Earned Leave,ได้รับลาออกแล้ว,
Earned Leave Frequency,ความถี่ที่ได้รับจากการได้รับ,
Rounding,การล้อม,
Payroll Employee Detail,เงินเดือนพนักงานรายละเอียด,
Payroll Frequency,เงินเดือนความถี่,
Fortnightly,รายปักษ์,
Bimonthly,สองเดือนต่อครั้ง,
Employees,พนักงาน,
Number Of Employees,จำนวนพนักงาน,
Employee Details,รายละเอียดของพนักงาน,
Validate Attendance,ตรวจสอบการเข้าร่วม,
Salary Slip Based on Timesheet,สลิปเงินเดือนจาก Timesheet,
Deduct Tax For Unclaimed Employee Benefits,หักภาษีสำหรับผลประโยชน์ของพนักงานที่ไม่มีการอ้างสิทธิ์,
Deduct Tax For Unsubmitted Tax Exemption Proof,หักภาษีสำหรับหลักฐานการยกเว้นภาษีที่ยังไม่ได้ส่ง,
Select Payment Account to make Bank Entry,เลือกบัญชีการชำระเงินเพื่อเข้าธนาคาร,
Salary Slips Created,วางบิลเงินเดือนแล้ว,
Salary Slips Submitted,เงินเดือนส่ง,
Payroll Periods,งวดบัญชีเงินเดือน,
Payroll Period Date,วันที่จ่ายเงินเดือน,
Purpose of Travel,วัตถุประสงค์ของการท่องเที่ยว,
Retention Bonus,โบนัสการรักษา,
Bonus Payment Date,วันที่ชำระเงินโบนัส,
Bonus Amount,จำนวนเงินโบนัส,
Depends on Payment Days,ขึ้นอยู่กับวันชำระเงิน,
Is Tax Applicable,เป็นภาษีที่ใช้บังคับได้,
Variable Based On Taxable Salary,ตัวแปรตามเงินเดือนที่ต้องเสียภาษี,
Exempted from Income Tax,ได้รับการยกเว้นภาษีเงินได้,
Round to the Nearest Integer,ปัดเศษให้เป็นจำนวนเต็มที่ใกล้ที่สุด,
Statistical Component,ส่วนประกอบทางสถิติ,
"If selected, the value specified or calculated in this component will not contribute to the earnings or deductions. However, it's value can be referenced by other components that can be added or deducted. ",หากเลือกค่าที่ระบุหรือคำนวณในองค์ประกอบนี้จะไม่นำไปสู่รายได้หรือการหักเงิน อย่างไรก็ตามค่านี้สามารถอ้างอิงโดยส่วนประกอบอื่น ๆ ที่สามารถเพิ่มหรือหักล้างได้,
Do Not Include in Total,ไม่รวมในผลรวม,
Flexible Benefits,ประโยชน์ที่ยืดหยุ่น,
Is Flexible Benefit,เป็นประโยชน์ที่ยืดหยุ่น,
Max Benefit Amount (Yearly),จำนวนเงินสวัสดิการสูงสุด (รายปี),
Only Tax Impact (Cannot Claim But Part of Taxable Income),เฉพาะผลกระทบทางภาษี (ไม่สามารถเรียกร้อง แต่เป็นส่วนหนึ่งของรายได้ที่ต้องเสียภาษี),
Create Separate Payment Entry Against Benefit Claim,สร้างรายการการชำระเงินแยกต่างหากจากการเรียกร้องค่าสินไหมทดแทน,
Amount based on formula,จำนวนเงินตามสูตรการคำนวณ,
Formula,สูตร,
Salary Detail,รายละเอียดเงินเดือน,
Component,ตัวแทน,
Do not include in total,ไม่รวมในทั้งหมด,
Default Amount,จำนวนเงินที่เริ่มต้น,
Additional Amount,จำนวนเงินเพิ่มเติม,
Tax on flexible benefit,ภาษีจากผลประโยชน์ที่ยืดหยุ่น,
Tax on additional salary,ภาษีเงินเดือนเพิ่มเติม,
Salary Structure,โครงสร้างเงินเดือน,
Working Days,วันทำการ,
Salary Slip Timesheet,Timesheet สลิปเงินเดือน,
Earnings,ผลกำไร,
Deductions,การหักเงิน,
Total in words,รวมอยู่ในคำพูด,
Salary Component for timesheet based payroll.,ตัวแทนเงินเดือนสำหรับ timesheet ตามบัญชีเงินเดือน,
Leave Encashment Amount Per Day,ปล่อยจำนวนการขายต่อวัน,
Max Benefits (Amount),ประโยชน์สูงสุด (จำนวนเงิน),
Salary breakup based on Earning and Deduction.,การล่มสลายเงินเดือนขึ้นอยู่กับกำไรและหัก,
Total Earning,กำไรรวม,
Salary Structure Assignment,การกำหนดโครงสร้างเงินเดือน,
Shift Assignment,Shift Assignment,
Shift Type,ประเภทการเปลี่ยน,
Shift Request,คำขอการเปลี่ยน,
Enable Auto Attendance,เปิดใช้งานการเข้าร่วมอัตโนมัติ,
Mark attendance based on 'Employee Checkin' for Employees assigned to this shift.,ทำเครื่องหมายการเข้าร่วมตาม &#39;การเช็คอินของพนักงาน&#39; สำหรับพนักงานที่มอบหมายให้กับการเปลี่ยนแปลงนี้,
Auto Attendance Settings,การตั้งค่าการเข้าร่วมอัตโนมัติ,
Determine Check-in and Check-out,กำหนดเช็คอินและเช็คเอาท์,
Alternating entries as IN and OUT during the same shift,สลับรายการเป็นเข้าและออกในระหว่างการเปลี่ยนแปลงเดียวกัน,
Strictly based on Log Type in Employee Checkin,ยึดตามประเภทการบันทึกใน Checkin ของพนักงานอย่างเคร่งครัด,
Working Hours Calculation Based On,การคำนวณชั่วโมงการทำงานขึ้นอยู่กับ,
First Check-in and Last Check-out,เช็คอินครั้งแรกและเช็คเอาท์ครั้งสุดท้าย,
Every Valid Check-in and Check-out,ทุกการเช็คอินและเช็คเอาท์ที่ถูกต้อง,
Begin check-in before shift start time (in minutes),เริ่มการเช็คอินก่อนเวลาเริ่มกะ (เป็นนาที),
The time before the shift start time during which Employee Check-in is considered for attendance.,เวลาก่อนเวลาเริ่มต้นกะในระหว่างที่การเช็คอินของพนักงานได้รับการพิจารณาสำหรับการเข้าร่วม,
Allow check-out after shift end time (in minutes),อนุญาตให้เช็คเอาท์หลังจากเปลี่ยนเวลาสิ้นสุด (เป็นนาที),
Time after the end of shift during which check-out is considered for attendance.,เวลาหลังจากสิ้นสุดการกะในระหว่างการพิจารณาเช็คเอาต์,
Working Hours Threshold for Half Day,เกณฑ์ชั่วโมงทำงานสำหรับครึ่งวัน,
Working hours below which Half Day is marked. (Zero to disable),ชั่วโมงการทำงานด้านล่างซึ่งทำเครื่องหมายครึ่งวัน (ศูนย์ปิดการใช้งาน),
Working Hours Threshold for Absent,เกณฑ์ชั่วโมงการทำงานสำหรับการขาดงาน,
Working hours below which Absent is marked. (Zero to disable),ชั่วโมงการทำงานด้านล่างที่ไม่มีการทำเครื่องหมาย (ศูนย์ปิดการใช้งาน),
Process Attendance After,กระบวนการเข้าร่วมหลังจาก,
Attendance will be marked automatically only after this date.,ผู้เข้าร่วมจะถูกทำเครื่องหมายอัตโนมัติหลังจากวันที่นี้เท่านั้น,
Last Sync of Checkin,ซิงค์ครั้งสุดท้ายของ Checkin,
Last Known Successful Sync of Employee Checkin. Reset this only if you are sure that all Logs are synced from all the locations. Please don't modify this if you are unsure.,การซิงค์ที่ประสบความสำเร็จครั้งล่าสุดของ Checkin ของพนักงาน รีเซ็ตนี้เฉพาะเมื่อคุณแน่ใจว่าบันทึกทั้งหมดซิงค์จากที่ตั้งทั้งหมด โปรดอย่าแก้ไขสิ่งนี้หากคุณไม่แน่ใจ,
Grace Period Settings For Auto Attendance,การตั้งค่าช่วงเวลาผ่อนผันสำหรับการเข้าร่วมอัตโนมัติ,
Enable Entry Grace Period,เปิดใช้งานช่วงเวลาผ่อนผันรายการ,
Late Entry Grace Period,เข้าช่วงเวลาผ่อนผัน,
The time after the shift start time when check-in is considered as late (in minutes).,เวลาหลังจากเวลาเริ่มกะเป็นระยะเมื่อเช็คอินถือว่าช้า (เป็นนาที),
Enable Exit Grace Period,เปิดใช้งานระยะเวลาปลอดหนี้,
Early Exit Grace Period,ช่วงเวลาผ่อนผันออกก่อนกำหนด,
The time before the shift end time when check-out is considered as early (in minutes).,เวลาก่อนเวลากะสิ้นสุดเมื่อทำการเช็คเอาท์จะถือว่าเร็ว (เป็นนาที),
Skill Name,ชื่อทักษะ,
Staffing Plan Detail,รายละเอียดแผนการจัดหาพนักงาน,
Total Estimated Budget,งบประมาณรวมโดยรวม,
Vacancies,ตำแหน่งงานว่าง,
Estimated Cost Per Position,ค่าใช้จ่ายโดยประมาณต่อตำแหน่ง,
Total Estimated Cost,ค่าใช้จ่ายโดยรวม,
Current Count,นับปัจจุบัน,
Current Openings,ช่องว่างปัจจุบัน,
Number Of Positions,จำนวนตำแหน่ง,
Taxable Salary Slab,แผ่นเงินเดือนที่ต้องเสียภาษี,
From Amount,จากจำนวนเงิน,
To Amount,เป็นจำนวนเงิน,
Percent Deduction,เปอร์เซ็นต์หักล้าง,
Training Program,หลักสูตรการฝึกอบรม,
Event Status,สถานะเหตุการณ์,
Has Certificate,มีใบรับรอง,
Seminar,สัมมนา,
Theory,ทฤษฎี,
Workshop,โรงงาน,
Conference,การประชุม,
Exam,การสอบ,
Internet,อินเทอร์เน็ต,
Self-Study,การศึกษาด้วยตนเอง,
Advance,ความก้าวหน้า,
Trainer Name,ชื่อเทรนเนอร์,
Trainer Email,เทรนเนอร์อีเมล์,
Attendees,ผู้เข้าร่วมประชุม,
Employee Emails,อีเมลพนักงาน,
Training Event Employee,กิจกรรมการฝึกอบรมพนักงาน,
Invited,ได้รับเชิญ,
Feedback Submitted,ผลตอบรับส่ง,
Training Result Employee,ผลการฝึกอบรมพนักงาน,
Travel Itinerary,กำหนดการเดินทาง,
Travel From,เดินทางจาก,
Travel To,ท่องเที่ยวไป,
Mode of Travel,โหมดการท่องเที่ยว,
Flight,เที่ยวบิน,
Train,รถไฟ,
Taxi,แท็กซี่,
Rented Car,เช่ารถ,
Meal Preference,การตั้งค่าอาหาร,
Vegetarian,มังสวิรัติ,
Non-Vegetarian,มังสวิรัติ,
Gluten Free,ปราศจากกลูเตน,
Non Diary,Non Diary,
Travel Advance Required,จำเป็นต้องเดินทางล่วงหน้า,
Departure Datetime,Datetime ออกเดินทาง,
Arrival Datetime,มาถึง Datetime,
Lodging Required,ต้องการที่พัก,
Preferred Area for Lodging,พื้นที่ที่ต้องการสำหรับที่พัก,
Check-in Date,วันที่เช็คอิน,
Check-out Date,วันที่เช็คเอาต์,
Travel Request,คำขอท่องเที่ยว,
Travel Type,ประเภทการเดินทาง,
Domestic,ในประเทศ,
International,ระหว่างประเทศ,
Travel Funding,Travel Funding,
Require Full Funding,ต้องการเงินทุนทั้งหมด,
Fully Sponsored,สนับสนุนอย่างเต็มที่,
"Partially Sponsored, Require Partial Funding",ได้รับการสนับสนุนบางส่วนต้องใช้เงินทุนบางส่วน,
Copy of Invitation/Announcement,สำเนาหนังสือเชิญ / ประกาศ,
"Details of Sponsor (Name, Location)",รายละเอียดผู้สนับสนุน (ชื่อตำแหน่ง),
Identification Document Number,หมายเลขเอกสารระบุตัวตน,
Any other details,รายละเอียดอื่น ๆ,
Costing Details,รายละเอียดการคิดต้นทุน,
Event Details,รายละเอียดกิจกรรม,
Name of Organizer,ชื่อผู้จัดงาน,
Address of Organizer,ที่อยู่ของผู้จัดงาน,
Travel Request Costing,คำขอต้นทุนการเดินทาง,
Expense Type,ประเภทค่าใช้จ่าย,
Sponsored Amount,จำนวนเงินที่ได้รับการสนับสนุน,
Funded Amount,จำนวนเงินที่สนับสนุน,
Upload Attendance,อัพโหลดผู้เข้าร่วม,
Attendance From Date,ผู้เข้าร่วมจากวันที่,
Attendance To Date,วันที่เข้าร่วมประชุมเพื่อ,
Get Template,รับแม่แบบ,
Import Attendance,การเข้าร่วมประชุมและนำเข้า,
Upload HTML,อัพโหลด HTML,
HR-VLOG-.YYYY.-,HR-VLOG-.YYYY.-,
Odometer Reading,การอ่านมาตรวัดระยะทาง,
Current Odometer value ,ค่ามาตรวัดระยะทางปัจจุบัน,
Refuelling Details,รายละเอียดเชื้อเพลิง,
Invoice Ref,Ref ใบแจ้งหนี้,
Service Details,รายละเอียดการให้บริการ,
Vehicle Service,บริการซ่อมบำรุงรถยนต์,
Service Item,รายการบริการ,
Brake Oil,น้ำมันเบรค,
Brake Pad,ผ้าเบรค,
Clutch Plate,จานคลัทช์,
Engine Oil,น้ำมันเครื่อง,
Oil Change,เปลี่ยนถ่ายน้ำมัน,
Inspection,การตรวจสอบ,
Mileage,ระยะทาง,
Salary Slip Loan,สินเชื่อลื่น,
Loan Repayment Entry,รายการชำระคืนเงินกู้,
May,พฤษภาคม,
June,มิถุนายน,
July,กรกฎาคม,
Bank Remittance,โอนเงินผ่านธนาคาร,
Daily Work Summary Replies,สรุปการทำงานสรุปรายวัน,
Employee Advance Summary,สรุปการทำงานของพนักงาน,
Employees working on a holiday,พนักงานที่ทำงานในวันหยุด,
Monthly Attendance Sheet,แผ่นผู้เข้าร่วมรายเดือน,
Salary Register,เงินเดือนที่ต้องการสมัครสมาชิก,
Unpaid Expense Claim,การเรียกร้องค่าใช้จ่ายที่ค้างชำระ,
Payment Account is mandatory,บัญชีการชำระเงินเป็นสิ่งจำเป็น,
"If checked, the full amount will be deducted from taxable income before calculating income tax without any declaration or proof submission.",หากตรวจสอบแล้วเงินเต็มจำนวนจะถูกหักออกจากรายได้ที่ต้องเสียภาษีก่อนคำนวณภาษีเงินได้โดยไม่ต้องมีการสำแดงหรือส่งหลักฐานใด ๆ,
In Time,ภายในเวลาที่กำหนด,
Out Time,นอกเวลา,
Is Recurring,เป็นประจำ,
HRA Exemption,การยกเว้น HRA,
Monthly House Rent,ค่าเช่าบ้านรายเดือน,
Rented in Metro City,ให้เช่าในเมโทรซิตี้,
HRA as per Salary Structure,HRA ตามโครงสร้างเงินเดือน,
Annual HRA Exemption,การยกเว้น HRA ประจำปี,
Monthly HRA Exemption,การยกเว้น HRA รายเดือน,
House Rent Payment Amount,จำนวนเงินค่าเช่าบ้าน,
Rented From Date,เช่าตั้งแต่วันที่,
Rented To Date,เช่าจนถึงปัจจุบัน,
Monthly Eligible Amount,จำนวนเงินที่มีสิทธิ์ต่อเดือน,
Total Eligible HRA Exemption,การยกเว้น HRA ที่มีสิทธิ์ทั้งหมด,
Validating Employee Attendance...,กำลังตรวจสอบการเข้าร่วมของพนักงาน ...,
Submitting Salary Slips and creating Journal Entry...,การส่งสลิปเงินเดือนและการสร้างรายการบันทึก ...,
Calculate Payroll Working Days Based On,คำนวณวันทำการของเงินเดือนตาม,
Consider Unmarked Attendance As,พิจารณาการเข้าร่วมที่ไม่มีเครื่องหมายเป็น,
Fraction of Daily Salary for Half Day,เศษส่วนของเงินเดือนรายวันครึ่งวัน,
Component Type,ประเภทส่วนประกอบ,
Provident Fund,กองทุนสำรองเลี้ยงชีพ,
Additional Provident Fund,กองทุนสำรองเลี้ยงชีพเพิ่มเติม,
Provident Fund Loan,เงินกู้กองทุนสำรองเลี้ยงชีพ,
Professional Tax,ภาษีวิชาชีพ,
Is Income Tax Component,เป็นส่วนประกอบของภาษีเงินได้,
Component properties and references ,คุณสมบัติของส่วนประกอบและการอ้างอิง,
Additional Salary ,เงินเดือนเพิ่มเติม,
Unmarked days,วันที่ไม่มีเครื่องหมาย,
Absent Days,วันที่ขาด,
Conditions and Formula variable and example,เงื่อนไขและสูตรตัวแปรและตัวอย่าง,
Income Tax Deductions,การหักภาษีเงินได้,
Income Tax Component,องค์ประกอบภาษีเงินได้,
Income Tax Amount,จำนวนภาษีเงินได้,
Unmarked Days,วันที่ไม่มีเครื่องหมาย,
Jan,ม.ค.,
Feb,ก.พ.,
Mar,มี.ค.,
Apr,เม.ย.,
Aug,ส.ค.,
Sep,ก.ย.,
Oct,ต.ค.,
Nov,พ.ย.,
Dec,ธ.ค.,
Summarized View,มุมมองสรุป,
Professional Tax Deductions,การลดหย่อนภาษีอย่างมืออาชีพ,
Provident Fund Deductions,การหักเงินกองทุนสำรองเลี้ยงชีพ,
Recruitment Analytics,การวิเคราะห์การสรรหาบุคลากร,
Applicant name,ชื่อผู้สมัคร,
Job Offer status,สถานะข้อเสนองาน,
On Date,ในวันที่,
Salary Payments Based On Payment Mode,การจ่ายเงินเดือนตามโหมดการชำระเงิน,
Salary Payments via ECS,การจ่ายเงินเดือนผ่าน ECS,
Account No,เลขที่บัญชี,
IFSC,IFSC,
MICR,MICR,
PF Account,บัญชี PF,
PF Amount,PF จำนวน,
Additional PF,PF เพิ่มเติม,
PF Loan,สินเชื่อ PF,
Duplicate Entry,รายการที่ซ้ำกัน,
Please select Employee first.,กรุณาเลือกพนักงานก่อน,
To Date should be greater than From Date,ถึงวันที่ควรมากกว่า From Date,
Job Offer: {0} is already for Job Applicant: {1},ข้อเสนองาน: {0} มีไว้สำหรับผู้สมัครงานแล้ว: {1},
Only Shift Request with status 'Approved' and 'Rejected' can be submitted,สามารถส่งได้เฉพาะคำขอเปลี่ยนสถานะ &quot;อนุมัติ&quot; และ &quot;ปฏิเสธ&quot;,
Shift Assignment: {0} created for Employee: {1},การมอบหมายงานกะ: {0} สร้างขึ้นสำหรับพนักงาน: {1},
You can not request for your Default Shift: {0},คุณไม่สามารถขอ Default Shift ของคุณได้: {0},
Only Approvers can Approve this Request.,เฉพาะผู้อนุมัติเท่านั้นที่สามารถอนุมัติคำขอนี้,
Please set Payroll based on in Payroll settings,โปรดตั้งค่าการจ่ายเงินเดือนตามการตั้งค่าบัญชีเงินเดือน,
Additional Salary: {0} already exist for Salary Component: {1} for period {2} and {3},เงินเดือนเพิ่มเติม: {0} มีอยู่แล้วสำหรับองค์ประกอบเงินเดือน: {1} สำหรับช่วงเวลา {2} และ {3},
Payroll date can not be less than employee's joining date.,วันที่รับเงินเดือนต้องไม่น้อยกว่าวันที่เข้าทำงานของพนักงาน,
From date can not be less than employee's joining date.,วันที่เริ่มต้นต้องไม่น้อยกว่าวันที่เข้าทำงานของพนักงาน,
To date can not be greater than employee's relieving date.,จนถึงปัจจุบันต้องไม่เกินวันปลดประจำการของพนักงาน,
Payroll date can not be greater than employee's relieving date.,วันที่รับเงินเดือนต้องไม่เกินวันปลดหนี้ของพนักงาน,
Condition and formula,เงื่อนไขและสูตร,
Available Leaves,มีใบ,
IFSC Code,รหัส IFSC,
Others,คนอื่น ๆ,
Total Allocated Leaves,ยอดรวมใบ,
Used Leaves,ใบที่ใช้แล้ว,
PAN Number,หมายเลข PAN,
Expired Leaves,ใบหมดอายุ,
