) for {0},) کے لئے {0},
A {0} exists between {1} and {2} (,{1} اور {2} کے درمیان ایک {0} موجود ہے (,
Absent,غائب,
Accrual Journal Entry for salaries from {0} to {1},{0} سے {1} سے تنخواہ کے لئے اکادری جرنل انٹری,
Add to Details,تفصیلات میں شامل کریں,
Added to details,تفصیلات میں شامل,
All Jobs,تمام ملازمتیں,
Allocated Leaves,مختص پتیوں,
Annual Salary,سالانہ تنخواہ,
Application period cannot be across two allocation records,درخواست کا دورہ دو مختص ریکارڈوں میں نہیں ہوسکتا ہے,
Application period cannot be outside leave allocation period,درخواست کی مدت کے باہر چھٹی مختص مدت نہیں ہو سکتا,
Apply Now,اب لگائیں,
Apprentice,شکشو,
Approval Status,منظوری کی حیثیت,
Approval Status must be 'Approved' or 'Rejected',منظوری کی حیثیت &#39;منظور&#39; یا &#39;مسترد&#39; ہونا ضروری ہے,
As per your assigned Salary Structure you cannot apply for benefits,آپ کے مکلف تنخواہ کی تشکیل کے مطابق آپ فوائد کے لئے درخواست نہیں دے سکتے ہیں,
Assign,مقرر کریں,
Assign Salary Structure,تنخواہ کی تشکیل کا تعین,
Assign to Employees,ملازمین کو تفویض کریں۔,
Assigning Structures...,ڈھانچے کی تفویض…,
Attendance,حاضری,
Attendance From Date and Attendance To Date is mandatory,تاریخ کے لئے تاریخ اور حاضری سے حاضری لازمی ہے,
Attendance for employee {0} is already marked for this day,ملازم {0} کے لئے حاضری پہلے ہی اس دن کے لئے نشان لگا دیا گیا,
Attendance not submitted for {0} as it is a Holiday.,حاضری {0} کے لئے پیش نہیں کی گئی کیونکہ یہ ایک چھٹی ہے.,
Bank Entries,بینک لکھے,
Base,بنیاد,
Beginner,شروع,
Birthday Reminder,سالگرہ کا یاد دہانی,
Bonus Payment Date cannot be a past date,بونس ادائیگی کی تاریخ پچھلے تاریخ نہیں ہوسکتی ہے,
Calls,کالیں,
Cannot find active Leave Period,فعال چھوڑ مدت نہیں مل سکا,
Casual Leave,آرام دہ اور پرسکون کی رخصت,
Claimed Amount,دعوی رقم,
Compensatory Off,مائکر آف,
Contact Number,رابطہ نمبر,
Course,کورس,
Create Disbursement Entry,تقسیم انٹری بنائیں۔,
Create Salary Slip,تنخواہ پرچی بنائیں,
Create Salary Slips,تنخواہ سلپس بنائیں,
Creating Payment Entries......,ادائیگی کے اندراج تخلیق ......,
Creating Salary Slips...,تنخواہ سلپس بنانے ...,
Current,موجودہ,
Current Job Openings,موجودہ کام سوراخ,
Daily Work Summary,روز مرہ کے کام کا خلاصہ,
Daily Work Summary Group,ڈیلی کام خلاصہ گروپ,
Date is repeated,تاریخ دہرایا گیا ہے,
Debit A/C Number,ڈیبٹ A / C نمبر۔,
Deduction,کٹوتی,
Document Status,دستاویز کی حیثیت,
Earning,کمانے,
Employee A/C Number,ملازم A / C نمبر۔,
Employee Benefits,ملازم فوائد,
Employee Grade,ملازم گریڈ,
Employee Referral,ملازم ریفرل,
Employee relieved on {0} must be set as 'Left',{0} مقرر کیا جانا چاہئے پر فارغ ملازم &#39;بائیں&#39; کے طور پر,
Employee {0} already submited an apllication {1} for the payroll period {2},ملازم {0} نے پہلے سے ہی ادائیگی کی مدت {2} کے لئے {1} ایک انضمام جمع کیا.,
Employee {0} has no maximum benefit amount,ملازم {0} میں زیادہ سے زیادہ فائدہ نہیں ہے,
Employee {0} is not active or does not exist,{0} ملازم فعال نہیں ہے یا موجود نہیں ہے,
Employee {0} is on Leave on {1},ملازم {0} چھوڑ دو {2},
Employee {0} on Half day on {1},ملازم {0} پر نصف دن پر {1},
End time cannot be before start time,اختتامی وقت شروع وقت سے پہلے نہیں ہوسکتا۔,
Evaluation,تشخیص,
Event Location,واقعہ مقام,
Event Name,واقعہ کا نام,
Expense Claim for Vehicle Log {0},گاڑی کا لاگ ان کے لئے اخراجات کا دعوی {0},
Expense Claim {0} already exists for the Vehicle Log,اخراج کا دعوی {0} پہلے ہی گاڑی لاگ ان کے لئے موجود ہے,
Fill the form and save it,فارم بھریں اور اس کو بچانے کے,
Filter Employees By (Optional),فلٹر ملازمین کے ذریعہ (اختیاری),
Fiscal Year {0} not found,مالی سال {0} نہیں ملا,
Food,خوراک,
For Employee,ملازم کے لئے,
From Date {0} cannot be after employee's relieving Date {1},تاریخ {0} سے ملازم کی رعایت کی تاریخ {1} کے بعد نہیں ہوسکتا ہے,
From Date {0} cannot be before employee's joining Date {1},تاریخ {0} سے ملازم کی شمولیت کی تاریخ سے پہلے نہیں ہوسکتا ہے {1},
From date can not be less than employee's joining date,تاریخ سے ملازم کی شمولیت کی تاریخ سے کم نہیں ہوسکتی ہے,
Fuel Price,ایندھن کی قیمت,
Fuel Qty,ایندھن کی مقدار,
Full-time,پورا وقت,
Future dates not allowed,مستقبل کی تاریخوں کی اجازت نہیں,
Get Details From Declaration,اعلامیہ سے تفصیلات حاصل کریں۔,
Get Employees,ملازمین حاصل کریں,
Gross Pay,مجموعی ادائیگی,
Guest,مہمان,
Half Day,ادھا دن,
Half Day Date is mandatory,نصف دن کی تاریخ لازمی ہے,
Half Day Date should be between From Date and To Date,آدھا دن تاریخ تاریخ سے اور تاریخ کے درمیان ہونا چاہئے,
Half Day Date should be in between Work From Date and Work End Date,نصف دن کی تاریخ تاریخ اور کام کے اختتام کی تاریخ کے درمیان ہونا چاہئے,
Half day date should be in between from date and to date,نصف تاریخ تاریخ اور تاریخ کے درمیان ہونا چاہئے,
Hello,ہیلو,
House rent paid days overlapping with {0},مکان کرایہ میں days 0 over کے ساتھ اوور لیپنگ دن,
House rented dates required for exemption calculation,استثنا کی حساب کے لئے ہاؤس کرایہ دار تاریخوں کی ضرورت ہوتی ہے,
House rented dates should be atleast 15 days apart,ہاؤس میں کرایہ دار تاریخوں کو کم از کم 15 دن کے علاوہ ہونا چاہئے,
Interest Amount,سود کی رقم,
Intern,انٹرن,
Job Description,کام کی تفصیل,
Job Offer,ملازمت کی پیشکش,
Jobs,نوکریاں,
Leave Approval Notification,منظوری کی اطلاع چھوڑ دو,
Leave Blocked,چھوڑ کریں,
Leave Encashment,معاوضہ چھوڑ دو,
Leave Status Notification,حیثیت کی اطلاع چھوڑ دو,
Leave Type,ٹائپ کریں چھوڑ دو,
Leave Type is madatory,قسم چھوڑ دو,
Leave Type {0} cannot be allocated since it is leave without pay,قسم چھوڑ دو {0} مختص نہیں کیا جاسکتا کیونکہ اس کے بغیر ادائیگی نہیں ہوگی,
Leave Type {0} cannot be carry-forwarded,{0} لے بھیج دیا جائے نہیں کر سکتے ہیں کی قسم چھوڑ دو,
Leave Type {0} is not encashable,چھوڑ دیں قسم {0} ناقابل اعتماد نہیں ہے,
Leave Without Pay,بغیر تنخواہ چھٹی,
"Leave cannot be allocated before {0}, as leave balance has already been carry-forwarded in the future leave allocation record {1}",پہلے مختص نہیں کیا جا سکتا چھوڑ {0}، چھٹی توازن پہلے ہی کیری فارورڈ مستقبل چھٹی مختص ریکارڈ میں کیا گیا ہے کے طور پر {1},
"Leave cannot be applied/cancelled before {0}, as leave balance has already been carry-forwarded in the future leave allocation record {1}",چھٹی توازن پہلے ہی کیری فارورڈ مستقبل چھٹی مختص ریکارڈ میں کیا گیا ہے کے طور پر، پہلے {0} منسوخ / لاگو نہیں کیا جا سکتا ہے چھوڑ {1},
Leave of type {0} cannot be longer than {1},قسم کے حکم {0} سے زیادہ نہیں ہو سکتا {1},
Leaves,پتے۔,
Leaves Allocated Successfully for {0},کے لئے کامیابی روانہ مختص {0},
Leaves per Year,سال پتے فی,
Lifecycle,دورانیہ حیات,
Mark Attendance,حاضری مارک کریں,
Max Exemption Amount cannot be greater than maximum exemption amount {0} of Tax Exemption Category {1},زیادہ سے زیادہ چھوٹ رقم ٹیکس چھوٹ کی قسم {0} کی زیادہ سے زیادہ رقم کی رقم {0} سے زیادہ نہیں ہوسکتی ہے.,
Max benefits should be greater than zero to dispense benefits,فوائد کو تقسیم کرنے کے لئے صفر سے زیادہ سے زیادہ فوائد ہونا چاہئے,
Maximum amount eligible for the component {0} exceeds {1},اجزاء {0} سے زیادہ {1} سے زائد زیادہ رقم اہل ہے,
Maximum benefit amount of component {0} exceeds {1},اجزاء {0} کی زیادہ سے زیادہ فائدہ رقم {1} سے زیادہ ہے,
Maximum benefit amount of employee {0} exceeds {1},ملازم {0} زیادہ سے زیادہ فائدہ رقم {1} سے زائد ہے,
Maximum leave allowed in the leave type {0} is {1},چھوڑنے کی قسم میں {0} زیادہ سے زیادہ اجازت کی اجازت ہے {1},
Medical,میڈیکل,
Mode of payment is required to make a payment,ادائیگی کا طریقہ ایک ادائیگی کرنے کے لئے کی ضرورت ہے,
More than one selection for {0} not allowed,{0} کے لئے ایک سے زیادہ انتخاب کی اجازت نہیں,
Net Pay,نقد ادائیگی,
Net Pay cannot be less than 0,نیٹ پے 0 سے کم نہیں ہو سکتا,
Net Salary Amount,تنخواہ کی خالص رقم۔,
Net pay cannot be negative,نیٹ تنخواہ منفی نہیں ہو سکتا,
No Employee Found,ملازم نہیں ملا,
No Salary Structure assigned for Employee {0} on given date {1},{0} ملازم {0} کو دیئے گئے تاریخ میں کوئی تنخواہ کی تشکیل نہیں دی گئی,
No Staffing Plans found for this Designation,اس عہدہ کے لئے کوئی اسٹافنگ منصوبہ نہیں ملا,
No active or default Salary Structure found for employee {0} for the given dates,ملازم {0} کے لئے مل دی گئی تاریخوں کے لئے کوئی فعال یا ڈیفالٹ تنخواہ کی ساخت,
No more updates,مزید کوئی بھی اپ ڈیٹ,
No replies from,کوئی جوابات سے,
No salary slip found to submit for the above selected criteria OR salary slip already submitted,مندرجہ ذیل منتخب کردہ معیار یا تنخواہ پرچی کے لئے جمع کرنے کے لئے کوئی تنخواہ پرچی نہیں مل سکی,
Nothing to change,تبدیل کرنے کے لئے کچھ نہیں,
Notice Period,نوٹس کی مدت,
Only Leave Applications with status 'Approved' and 'Rejected' can be submitted,صرف حیثیت کے ساتھ درخواستیں چھوڑ دو &#39;منظور&#39; اور &#39;مسترد&#39; جمع کی جا سکتی,
Optional Holiday List not set for leave period {0},اختیاری چھٹیوں کی فہرست کو چھوڑنے کیلئے مدت مقرر نہیں کی گئی ہے {0},
Part-time,پارٹ ٹائم,
Password policy for Salary Slips is not set,تنخواہ پرچی کے لئے پاس ورڈ کی پالیسی مرتب نہیں کی گئی ہے۔,
Payment Days,ادائیگی دنوں,
Payment of {0} from {1} to {2},{1} سے {1} سے {2} تک ادائیگی,
Payroll,پے رول,
Payroll Number,پے رول نمبر,
Piecework,Piecework,
Please add the remaining benefits {0} to any of the existing component,موجودہ حصوں میں سے کوئی بھی باقی فوائد {0} کو شامل کریں,
Please confirm once you have completed your training,آپ کی تربیت مکمل کرنے کے بعد براہ کرم تصدیق کریں,
Please enable default incoming account before creating Daily Work Summary Group,ڈیلی کام خلاصہ گروپ بنانے سے قبل براہ کرم ڈیفالٹ آنے والے اکاؤنٹ کو فعال کریں,
Please select Company and Designation,براہ مہربانی کمپنی اور عہدہ کا انتخاب کریں,
Please select Employee,براہ کرم ملازم کا انتخاب کریں,
Please select a csv file,ایک CSV فائل منتخب کریں,
Please set default template for Leave Approval Notification in HR Settings.,براہ کرم HR ترتیبات میں اجازت منظوری کی اطلاع کیلئے ڈیفالٹ سانچے مقرر کریں.,
Please set default template for Leave Status Notification in HR Settings.,براہ کرم انسانی حقوق کی ترتیبات میں چھوڑ اسٹیٹ نوٹیفیکیشن کے لئے ڈیفالٹ سانچے مقرر کریں.,
Please set the Company,کمپنی قائم کی مہربانی,
Please set the Date Of Joining for employee {0},ملازم کے لئے شامل ہونے کے تاریخ مقرر مہربانی {0},
Please share your feedback to the training by clicking on 'Training Feedback' and then 'New',براہ کرم &#39;ٹریننگ فیڈریشن&#39; پر کلک کرکے تربیت کے لۓ اپنی رائے کا اشتراک کریں اور پھر &#39;نیا&#39;,
Please update your status for this training event,اس ٹریننگ ایونٹ کیلئے اپنی حیثیت کو اپ ڈیٹ کریں,
Present,موجودہ,
Preview Salary Slip,پیش نظارہ تنخواہ کی پرچی,
Privilege Leave,استحقاق رخصت,
Probation,پروبیشن,
Probationary Period,آزماءیشی عرصہ,
Property,پراپرٹی,
Property already added,پراپرٹی پہلے سے شامل ہے,
Replies,جوابات,
Responsibilities,ذمہ داریاں,
Role,کردار,
Row {0}# Allocated amount {1} cannot be greater than unclaimed amount {2},قطار {0} # تخصیص کردہ رقم {1} غیر مقفل شدہ رقم سے زیادہ نہیں ہوسکتی ہے {2},
Row {0}# Paid Amount cannot be greater than requested advance amount,صف {0} # ادا رقم رقم سے درخواست شدہ پیشگی رقم سے زیادہ نہیں ہوسکتی ہے,
Salary Slip ID,تنخواہ کی پرچی ID,
Salary Slip of employee {0} already created for this period,ملازم کی تنخواہ کی پرچی {0} نے پہلے ہی اس کی مدت کے لئے پیدا,
Salary Slip of employee {0} already created for time sheet {1},ملازم کی تنخواہ کی پرچی {0} کے پاس پہلے وقت شیٹ کے لئے پیدا {1},
Salary Structure Assignment for Employee already exists,ملازمین کے لئے تنخواہ سٹرکچر تفویض پہلے ہی موجود ہے۔,
Salary Structure Missing,تنخواہ ساخت لاپتہ,
Salary Structure not found for employee {0} and date {1},ملازم {0} اور تاریخ {1} کے لئے تنخواہ کی ساخت نہیں ملی,
Salary Structure should have flexible benefit component(s) to dispense benefit amount,تنخواہ کی ساخت میں لچکدار فائدے کے اجزاء کو فائدہ اٹھانے کی رقم کو تقسیم کرنا ہونا چاہئے,
"Salary already processed for period between {0} and {1}, Leave application period cannot be between this date range.",تنخواہ پہلے سے ہی درمیان {0} اور {1}، درخواست مدت چھوڑیں اس تاریخ کی حد کے درمیان نہیں ہو سکتا مدت کے لئے کارروائی کی.,
Sanctioned Amount cannot be greater than Claim Amount in Row {0}.,منظور رقم صف میں دعوے کی رقم سے زیادہ نہیں ہو سکتا {0}.,
Score must be less than or equal to 5,اسکور 5 سے کم یا برابر ہونا چاہیے,
Select Property,پراپرٹی کا انتخاب کریں,
Select an employee to get the employee advance.,ملازم کو پیش کرنے کے لئے ملازم کا انتخاب کریں.,
Service Expense,سروس کے اخراجات,
Show Employee,ملازم دکھائیں,
Show Salary Slip,دکھائیں تنخواہ کی پرچی,
Sick Leave,بیماری کی چھٹی,
"Skipping Salary Structure Assignment for the following employees, as Salary Structure Assignment records already exists against them. {0}",تنخواہ کی ساخت کو مسلط کرنے والے ملازمتوں کے لئے تفویض، جیسا کہ تنخواہ کی ساخت کی تفویض ریکارڈز پہلے ہی ان کے خلاف موجود ہیں. {0},
Staffing Plan {0} already exist for designation {1},اسٹافنگ منصوبہ {0} پہلے ہی نامزد ہونے کے لئے موجود ہے {1},
"Start and end dates not in a valid Payroll Period, cannot calculate {0}",{{1} کا حساب نہیں کر سکتے,
"Start and end dates not in a valid Payroll Period, cannot calculate {0}.",شروع اور اختتام کی تاریخیں کسی درست پےرول مدت میں نہیں ، {0 calc کا حساب نہیں لگاسکتی ہیں۔,
Stock Options,اسٹاک اختیارات,
Structures have been assigned successfully,ڈھانچے کو کامیابی کے ساتھ تفویض کیا گیا ہے۔,
Submit Proof,ثبوت پیش کریں۔,
Submit Salary Slip,تنخواہ پرچی جمع کرائیں,
Submit this to create the Employee record,ملازم کا ریکارڈ بنانے کے لئے اسے جمع کرو,
Submitting Salary Slips...,تنخواہ سلپس جمع کرانے ...,
Team Updates,ٹیم کی تازہ ترین معلومات,
Thank you,آپ کا شکریہ,
The day(s) on which you are applying for leave are holidays. You need not apply for leave.,آپ کی چھٹی کے لئے درخواست دے رہے ہیں جس دن (ے) تعطیلات ہیں. آپ کو چھوڑ کے لئے درخواست دینے کی ضرورت نہیں ہے.,
There are more holidays than working days this month.,کام کے دنوں کے مقابلے میں زیادہ کی تعطیلات اس ماہ ہیں.,
There is no leave period in between {0} and {1},{0} اور {1} کے درمیان کوئی چھٹی نہیں ہے,
This is based on the attendance of this Employee,یہ اس ملازم کی حاضری پر مبنی ہے,
This will submit Salary Slips and create accrual Journal Entry. Do you want to proceed?,یہ تنخواہ سلپس جمع کردیتا ہے اور اسکرین جرنل انٹری تخلیق کرتا ہے. کیا آپ آگے بڑھنا چاہتے ہیں؟,
To date can not be equal or less than from date,تاریخ کی تاریخ سے برابر یا کم نہیں ہوسکتی ہے,
To date can not be less than from date,تاریخ سے کم سے کم نہیں ہوسکتی ہے,
To date can not greater than employee's relieving date,تاریخ تک ملازم کی رعایت کی تاریخ سے زیادہ نہیں ہوسکتی ہے,
Total Absent,کل غائب,
Total Deduction,کل کٹوتی,
Total Leaves,کل پتے,
Total Present,کل موجودہ,
Total advance amount cannot be greater than total sanctioned amount,کل پیشگی رقم مجموعی منظور شدہ رقم سے زیادہ نہیں ہوسکتی ہے,
Total flexible benefit component amount {0} should not be less than max benefits {1},کل لچکدار فائدہ جزو رقم {0} زیادہ سے زیادہ فوائد سے کم نہیں ہونا چاہئے {1},
Total leaves allocated is mandatory for Leave Type {0},اختتام شدہ کل پتیوں کو چھوڑنے کی قسم {0} کے لئے لازمی ہے.,
Total working hours should not be greater than max working hours {0},کل کام کرنے کا گھنٹوں زیادہ سے زیادہ کام کے گھنٹوں سے زیادہ نہیں ہونا چاہئے {0},
Training,ٹریننگ,
Training Event,تربیت ایونٹ,
Training Events,ٹریننگ واقعات,
Training Feedback,ٹریننگ کی رائے,
Training Result,تربیت کا نتیجہ,
Travel,سفر,
Update Response,جواب اپ ڈیٹ کریں,
Value missing,قیمت لاپتہ ہے,
Variable,رکن کی,
Walk In,میں چلنے,
Warning: Leave application contains following block dates,انتباہ: چھوڑ درخواست مندرجہ ذیل بلاک تاریخوں پر مشتمل ہے,
Website Listing,ویب سائٹ کی فہرست,
Work Summary for {0},{0} کے لئے کام کا خلاصہ,
You are not authorized to approve leaves on Block Dates,آپ کو بلاک تاریخوں پر پتے کو منظور کرنے کی اجازت نہیں ہے,
You are not present all day(s) between compensatory leave request days,آپ معاوضے کی درخواست کی درخواستوں کے دن پورے دن موجود نہیں ہیں,
You can only submit Leave Encashment for a valid encashment amount,آپ کو صرف ایک جائز شناختی رقم کے لۓ چھوڑ کر Encashment جمع کر سکتے ہیں,
{0} already allocated for Employee {1} for period {2} to {3},{0} پہلے ہی ملازم کے لئے مختص {1} کی مدت {2} کے لئے {3},
{0} applicable after {1} working days,{1} کام کے دنوں کے بعد {0} قابل اطلاق ہوتا ہے,
{0} is not in Optional Holiday List,{0} اختیاری چھٹیوں کی فہرست میں نہیں ہے,
{0} is not in a valid Payroll Period,{0} درست پے رول مدت میں نہیں ہے,
{0} must be submitted,{0} جمع ہونا لازمی ہے,
"{0}: Employee email not found, hence email not sent",{0}: ملازم کے ای میل نہیں ملا، اس وجہ سے نہیں بھیجے گئے ای میل,
{0}: From {0} of type {1},{0}: سے {0} قسم کا {1},
Conditions,شرائط,
Percent,فیصد,
Error in some rows,کچھ قطاروں میں خرابی۔,
Benefit,فائدہ۔,
Shift,شفٹ۔,
Importing {0} of {1},{1} میں سے {0} درآمد کرنا,
'employee_field_value' and 'timestamp' are required.,&#39;ملازم_ فیلڈ_ویلیو&#39; اور &#39;ٹائم اسٹیمپ&#39; درکار ہے۔,
Allocation Expired!,الاٹیکشن کی میعاد ختم ہوگئی!,
Attendance Marked,حاضری نشان زد۔,
Attendance has been marked as per employee check-ins,ملازمین چیک ان کے مطابق حاضری کو نشان زد کیا گیا ہے۔,
Date Range,تاریخ کی حد,
Event Link,واقعہ لنک,
Expire Allocation,میعاد مختص کریں۔,
Fuel Expense,ایندھن خرچ,
Intermediate,انٹرمیڈیٹ,
Leave application is linked with leave allocations {0}. Leave application cannot be set as leave without pay,رخصت کی درخواست چھٹیوں کے مختص alloc 0 with کے ساتھ منسلک ہے۔ چھٹی کی درخواست تنخواہ کے بغیر چھٹی کے طور پر مقرر نہیں کی جاسکتی ہے,
Log Type is required for check-ins falling in the shift: {0}.,شفٹ میں پڑنے والے چیک انس کیلئے لاگ ٹائپ ضروری ہے: {0}.,
No Employee found for the given employee field value. '{}': {},دیئے گئے ملازمین کے فیلڈ ویلیو کے لئے کوئی ملازم نہیں ملا۔ &#39;{}&#39;: {,
No Leaves Allocated to Employee: {0} for Leave Type: {1},ملازمین کو کوئی پتے مختص نہیں: چھٹی کی قسم کے لئے {0:: {1},
Only expired allocation can be cancelled,صرف میعاد ختم ہونے والی رقم مختص کی جاسکتی ہے۔,
Only users with the {0} role can create backdated leave applications,صرف users 0} کردار والے صارفین بیکٹیڈیٹ رخصت کی درخواستیں تشکیل دے سکتے ہیں,
Password policy cannot contain spaces or simultaneous hyphens. The format will be restructured automatically,پاس ورڈ کی پالیسی میں خالی جگہوں یا بیک وقت ہائفنز نہیں ہوسکتے ہیں۔ فارمیٹ کی از خود نو تشکیل نو ہوگی۔,
Please enter the designation,برائےکرم عہدہ درج کریں۔,
There are no vacancies under staffing plan {0},عملے کے منصوبے کے تحت کوئی آسامیاں خالی نہیں ہیں {0},
This employee already has a log with the same timestamp.{0},اس ملازم کے پاس پہلے ہی ٹائم اسٹیمپ کے ساتھ لاگ ہے۔ {0},
Timing,وقت,
To date needs to be before from date,آج تک تاریخ سے پہلے ہونا ضروری ہے۔,
Total Early Exits,کل ابتدائی اخراج,
Total Late Entries,کل دیر سے اندراجات۔,
Training Event:,تربیتی واقعہ:,
Unable to find Salary Component {0},تنخواہ کے اجزاء کو تلاش کرنے کے قابل نہیں {0},
Unmarked Attendance for days,دنوں کے لئے نشان زد حاضری,
Vacancies cannot be lower than the current openings,خالی جگہیں موجودہ خالی جگہوں سے کم نہیں ہوسکتی ہیں۔,
{} is an invalid Attendance Status.,} tend حاضری کی ایک غلط حیثیت ہے۔,
Printed On,طباعت پر,
No employee found,کوئی ملازم پایا,
Please setup Employee Naming System in Human Resource > HR Settings,برائے کرم انسانی وسائل&gt; HR کی ترتیبات میں ملازمین کے نام دینے کا نظام مرتب کریں,
Please setup numbering series for Attendance via Setup > Numbering Series,براہ کرم حاضری کے لئے نمبر بندی سیریز سیٹ اپ&gt; نمبرنگ سیریز کے ذریعے ترتیب دیں,
Current Odometer Value should be greater than Last Odometer Value {0},موجودہ اوڈیومیٹر ویلیو آخری اوڈومیٹر ویلیو {0 than سے زیادہ ہونی چاہئے,
No additional expenses has been added,کوئی اضافی اخراجات شامل نہیں کیے گئے ہیں,
{0} already exists for employee {1} and period {2},ملازم {1} اور مدت {2} کیلئے پہلے ہی موجود ہے,
Leaves Allocated,پتے مختص,
Leave Without Pay does not match with approved {} records,تنخواہ کے بغیر چھوڑ دو منظور شدہ}} ریکارڈز سے مماثل نہیں ہے,
Income Tax Slab not set in Salary Structure Assignment: {0},تنخواہ کے ڈھانچے کی تفویض میں انکم ٹیکس سلیب طے نہیں: {0},
Income Tax Slab: {0} is disabled,انکم ٹیکس سلیب: {0 disabled غیر فعال ہے,
Income Tax Slab must be effective on or before Payroll Period Start Date: {0},انکم ٹیکس سلیب لازمی طور پر پےرول کی مدت شروع ہونے کی تاریخ پر یا اس سے پہلے موثر ہونا چاہئے: {0},
No leave record found for employee {0} on {1},ملازم {0} پر {1} پر کوئی رخصت ریکارڈ نہیں ملا,
Row {0}: {1} is required in the expenses table to book an expense claim.,اخراجات کی میز میں قطار in 0}: ense 1 required کی ضرورت ہوتی ہے تاکہ اخراجات کا دعوی کیا جاسکے۔,
Set the default account for the {0} {1},{0} {1} کیلئے پہلے سے طے شدہ اکاؤنٹ مرتب کریں,
(Half Day),(ادھا دن),
Income Tax Slab,انکم ٹیکس سلیب,
Row #{0}: Cannot set amount or formula for Salary Component {1} with Variable Based On Taxable Salary,قطار # {0}: ٹیکس قابل تنخواہ پر مبنی متغیر کے ساتھ تنخواہ اجزاء {1 for کے لئے رقم یا فارمولا مرتب نہیں کیا جاسکتا,
Repay From Salary can be selected only for term loans,تنخواہ سے واپسی کا انتخاب صرف مدتی قرضوں کے لئے کیا جاسکتا ہے,
Salary Component Account,تنخواہ اجزاء اکاؤنٹ,
Default Bank / Cash account will be automatically updated in Salary Journal Entry when this mode is selected.,پہلے سے طے شدہ بینک / کیش اکاؤنٹ خود کار طریقے تنخواہ جرنل اندراج میں اپ ڈیٹ کیا جائے گا جب اس موڈ کو منتخب کیا گیا.,
Result,نتیجہ,
Total Score,مجموعی سکور,
Joining Date,شمولیت تاریخ,
Publish on website,ویب سائٹ پر شائع کریں,
Application Status,ایپلیکیشن اسٹیٹس,
IN,میں,
Remind Before,پہلے یاد رکھیں,
Reminded,یاد دہانی,
Additional Salary,اضافی تنخواہ,
HR-ADS-.YY.-.MM.-,HR-ADS -YY .-. ایم ایم.-,
Salary Component,تنخواہ کے اجزاء,
Overwrite Salary Structure Amount,تنخواہ کی ساخت کی رقم کو خارج کر دیں,
Deduct Full Tax on Selected Payroll Date,منتخب شدہ پے رول تاریخ پر مکمل ٹیکس کی کمی۔,
Payroll Date,ادائیگی کی تاریخ,
Salary Component Type,تنخواہ کے اجزاء کی قسم,
Appointment Letter,بھرتی کا حکم نامہ,
Appointment Date,تقرری کی تاریخ,
Appointment Letter Template,تقرری خط کا سانچہ,
Closing Notes,نوٹس بند,
Appointment Letter content,تقرری خط کا مواد,
Appraisal,تشخیص,
HR-APR-.YY.-.MM.,HR-APR-.YY.- ایم ایم.,
For Employee Name,ملازم کے نام کے لئے,
Goals,اہداف,
Total Score (Out of 5),(5 میں سے) کل اسکور,
"Any other remarks, noteworthy effort that should go in the records.",کسی بھی دوسرے ریمارکس، ریکارڈ میں جانا چاہئے کہ قابل ذکر کوشش.,
Appraisal Goal,تشخیص گول,
Key Responsibility Area,کلیدی ذمہ داری کے علاقے,
Weightage (%),اہمیت (٪),
Score (0-5),اسکور (0-5),
Score Earned,سکور حاصل کی,
Appraisal Template Title,تشخیص سانچہ عنوان,
Appraisal Template Goal,تشخیص سانچہ گول,
KRA,سے Kra,
Key Performance Area,کلیدی کارکردگی کے علاقے,
HR-ATT-.YYYY.-,HR-ATT- .YYYY-,
On Leave,چھٹی پر,
Work From Home,گھر سے کام,
Leave Application,چھٹی کی درخواست,
Attendance Date,حاضری تاریخ,
Attendance Request,حاضری کی درخواست,
Late Entry,دیر سے انٹری۔,
Early Exit,جلد سے باہر نکلیں۔,
Half Day Date,آدھا دن تاریخ,
On Duty,کام پر,
Explanation,وضاحت,
Compensatory Leave Request,معاوضہ چھوڑ دو,
Leave Allocation,ایلوکیشن چھوڑ دو,
Worked On Holiday,چھٹیوں پر کام,
Work From Date,تاریخ سے کام,
Work End Date,کام ختم ہونے کی تاریخ,
Email Sent To,ای میل بھیج دیا گیا,
Select Users,صارفین کو منتخب کریں,
Send Emails At,پر ای میلز بھیجیں,
Reminder,یاد دہانی,
Daily Work Summary Group User,ڈیلی کام خلاصہ گروپ صارف,
email,ای میل,
Department Approver,محکمہ تقریبا,
Approver,گواہ,
Designation Skill,عہدہ کی مہارت,
Skill,مہارت,
Leave Policy,پالیسی چھوڑ دو,
Salary Details,تنخواہ کی تفصیلات,
HR-EAD-.YYYY.-,HR-EAD -YYYY.-,
Claimed,دعوی کیا,
Employee Attendance Tool,ملازم حاضری کا آلہ,
Unmarked Attendance,بے نشان حاضری,
Employees HTML,ملازمین ایچ ٹی ایم ایل,
Marked Attendance,نشان حاضری,
Marked Attendance HTML,نشان حاضری ایچ ٹی ایم ایل,
Employee Benefit Application,ملازمت کے فوائد کی درخواست,
Max Benefits (Yearly),زیادہ سے زیادہ فوائد (سالانہ),
Remaining Benefits (Yearly),باقی فوائد (سالانہ),
Payroll Period,ادائیگی کا دورہ,
Dispensed Amount (Pro-rated),ڈسپنس شدہ رقم (پرو-درجہ بندی),
Employee Benefit Application Detail,ملازم فوائد درخواست کی تفصیل,
Earning Component,آمدنی اجزاء,
Pay Against Benefit Claim,فائدہ کے دعوی کے خلاف ادائیگی کریں,
Max Benefit Amount,زیادہ سے زیادہ منافع رقم,
Employee Benefit Claim,ملازم فوائد کا دعوی,
Claim Date,دعوی کی تاریخ,
Claim Benefit For,دعوی کے لئے فائدہ,
Max Amount Eligible,زیادہ سے زیادہ رقم قابل,
Expense Proof,اخراجات کا ثبوت,
Employee Boarding Activity,ملازم بورڈنگ سرگرمی,
Activity Name,سرگرمی کا نام,
Required for Employee Creation,ملازم تخلیق کے لئے ضروری ہے,
Applicable in the case of Employee Onboarding,ملازمت Onboarding کے معاملے میں قابل اطلاق,
Employee Checkin,ملازم چیکن۔,
Log Type,لاگ کی قسم,
OUT,آؤٹ,
Location / Device ID,مقام / آلہ ID۔,
Skip Auto Attendance,آٹو اٹینڈینس کو چھوڑیں۔,
Shift Start,شفٹ اسٹارٹ,
Shift End,شفٹ اینڈ۔,
Shift Actual Start,شفٹ اصل آغاز۔,
Shift Actual End,شفٹ اصل اختتام۔,
Default Salary Structure,پہلے سے طے شدہ تنخواہ کی ساخت,
Employee Health Insurance,ملازم ہیلتھ انشورنس,
Health Insurance Name,ہیلتھ انشورینس کا نام,
Employee Incentive,ملازمت انوائشی,
Incentive Amount,حساس رقم,
Employee Onboarding,ملازمین کی بورڈنگ,
Notify users by email,صارفین کو ای میل کے ذریعے مطلع کریں۔,
Employee Onboarding Template,ملازمین بورڈنگ سانچہ,
Employee Other Income,ملازم دیگر آمدنی,
Employee Promotion,ملازم فروغ,
Promotion Date,فروغ کی تاریخ,
Employee Promotion Details,ملازم فروغ کی تفصیلات,
Employee Property History,ملازمت کی پراپرٹی کی تاریخ,
Employee Separation,ملازم علیحدگی,
Employee Separation Template,ملازم علیحدگی سانچہ,
Exit Interview Summary,باہر نکلیں انٹرویو خلاصہ,
Employee Skill,ملازم مہارت,
Proficiency,مہارت,
Evaluation Date,تشخیص کی تاریخ۔,
Employee Skill Map,ملازم مہارت کا نقشہ,
Employee Skills,ملازم ہنر,
Trainings,تربیت,
Employee Tax Exemption Category,ملازم ٹیکس چھوٹ زمرہ,
Max Exemption Amount,زیادہ سے زیادہ چھوٹ کی رقم۔,
Employee Tax Exemption Declaration,ملازم ٹیکس چھوٹ اعلامیہ,
Declarations,اعلامیہ,
Total Declared Amount,کل اعلان شدہ رقم۔,
Total Exemption Amount,کل چھوٹ کی رقم,
Employee Tax Exemption Declaration Category,ملازم ٹیکس چھوٹ اعلامیہ زمرہ,
Exemption Sub Category,چھوٹ ذیلی زمرہ,
Exemption Category,چھوٹ کی قسم,
Maximum Exempted Amount,زیادہ سے زیادہ مستثنیٰ رقم,
Declared Amount,اعلان کردہ رقم,
Employee Tax Exemption Proof Submission,ملازم ٹیکس چھوٹ ثبوت جمع کرانے,
Submission Date,جمع کروانے کی تازیخ,
Tax Exemption Proofs,ٹیکس چھوٹ کے ثبوت,
Total Actual Amount,اصل رقم۔,
Employee Tax Exemption Proof Submission Detail,ملازم ٹیکس چھوٹ ثبوت جمع کرانے کی تفصیل,
Maximum Exemption Amount,زیادہ سے زیادہ چھوٹ کی رقم۔,
Type of Proof,ثبوت کی قسم,
Actual Amount,اصل رقم۔,
Employee Tax Exemption Sub Category,ملازم ٹیکس چھوٹ ذیلی زمرہ,
Tax Exemption Category,ٹیکس چھوٹ کی قسم,
Employee Training,ملازمین کی تربیت۔,
Training Date,تربیت کی تاریخ۔,
Employee Transfer,ملازمت کی منتقلی,
Transfer Date,منتقلی کی تاریخ,
Employee Transfer Details,ملازمت کی منتقلی کی تفصیلات,
Employee Transfer Detail,ملازمت کی منتقلی کی تفصیل,
Re-allocate Leaves,پتیوں کو دوبارہ مختص کریں,
Create New Employee Id,نیا ملازم کی شناخت بنائیں,
New Employee ID,نیا ملازم کی شناخت,
HR-EXP-.YYYY.-,HR-EXP -YYYY.-,
Expense Taxes and Charges,اخراجات ٹیکس اور معاوضے۔,
Total Sanctioned Amount,کل منظوری رقم,
Total Advance Amount,مجموعی رقم کی رقم,
Total Claimed Amount,کل دعوی رقم,
Total Amount Reimbursed,کل رقم آفسیٹ,
Vehicle Log,گاڑیوں کے تبا,
Employees Email Id,ملازمین ای میل کی شناخت,
More Details,مزید تفصیلات,
Expense Claim Account,اخراجات دعوی اکاؤنٹ,
Expense Claim Advance,اخراج دعوی ایڈانسنس,
Expense Claim Detail,اخراجات دعوی تفصیل,
Expense Date,اخراجات تاریخ,
Expense Claim Type,اخراجات دعوی کی قسم,
HR Settings,HR ترتیبات,
Employee Settings,ملازم کی ترتیبات,
Expense Approver Mandatory In Expense Claim,اخراجات کا دعوی,
Payroll Settings,پے رول کی ترتیبات,
Leave,چھوڑ دو,
Max working hours against Timesheet,میکس Timesheet خلاف کام کے گھنٹوں,
Include holidays in Total no. of Working Days,کوئی کل میں تعطیلات شامل. کام کے دنوں کے,
"If checked, Total no. of Working Days will include holidays, and this will reduce the value of Salary Per Day",جانچ پڑتال تو، کل کوئی. کام کے دنوں کے چھٹیوں کے شامل ہوں گے، اور اس تنخواہ فی دن کی قیمت کم ہو جائے گا,
"If checked, hides and disables Rounded Total field in Salary Slips",اگر جانچ پڑتال کی گئی تو ، تنخواہوں کی پرچیوں میں گول ٹون فیلڈ کو چھپاتا اور غیر فعال کرتا ہے,
The fraction of daily wages to be paid for half-day attendance,آدھے دن کی حاضری کے لئے دینی اجرت کا تھوڑا سا حصہ,
Email Salary Slip to Employee,ملازم کو ای میل تنخواہ کی پرچی,
Emails salary slip to employee based on preferred email selected in Employee,ترجیحی ای میل ملازم میں منتخب کی بنیاد پر ملازم کو ای میلز تنخواہ کی پرچی,
Encrypt Salary Slips in Emails,ای میلز میں تنخواہ سلپ خفیہ کریں۔,
"The salary slip emailed to the employee will be password protected, the password will be generated based on the password policy.",ملازم کو ای میل کی گئی تنخواہ کی پرچی پاس ورڈ سے محفوظ رہے گی ، پاس ورڈ کی پالیسی کی بنیاد پر پاس ورڈ تیار کیا جائے گا۔,
Password Policy,پاس ورڈ کی پالیسی,
<b>Example:</b> SAL-{first_name}-{date_of_birth.year} <br>This will generate a password like SAL-Jane-1972,<b>مثال کے طور پر:</b> سال- {پہلا نام} - {تاریخ_ تاریخ_بर्थ.یئر} <br> یہ سال-جین 1972 جیسے پاس ورڈ کو تیار کرے گا۔,
Leave Approval Notification Template,منظوری کی اطلاع کے سانچے چھوڑ دو,
Leave Status Notification Template,اسٹیٹ نوٹیفیکیشن سانچہ چھوڑ دو,
Role Allowed to Create Backdated Leave Application,بیکڈٹیڈ رخصت ایپلیکیشن بنانے کے لئے کردار کی اجازت ہے,
Leave Approver Mandatory In Leave Application,ایپلی کیشن چھوڑ دو,
Show Leaves Of All Department Members In Calendar,کیلنڈر میں تمام محکمہ اراکین کی چھلانگ دکھائیں,
Auto Leave Encashment,آٹو چھوڑ انکشمنٹ۔,
Hiring Settings,ملازمت کی خدمات,
Check Vacancies On Job Offer Creation,ملازمت کی پیش کش پر خالی آسامیوں کو چیک کریں۔,
Identification Document Type,شناخت دستاویز کی قسم,
Effective from,سے موثر,
Allow Tax Exemption,ٹیکس چھوٹ کی اجازت دیں,
"If enabled, Tax Exemption Declaration will be considered for income tax calculation.",اگر چالو ہوتا ہے تو ، انکم ٹیکس کے حساب کتاب کیلئے ٹیکس چھوٹ کے اعلان پر غور کیا جائے گا۔,
Standard Tax Exemption Amount,معیاری ٹیکس چھوٹ کی رقم۔,
Taxable Salary Slabs,ٹیکس قابل تنخواہ سلیب,
Taxes and Charges on Income Tax,انکم ٹیکس پر ٹیکس اور چارجز,
Other Taxes and Charges,دوسرے ٹیکس اور معاوضے,
Income Tax Slab Other Charges,انکم ٹیکس سلیب دیگر چارجز,
Min Taxable Income,کم ٹیکس قابل آمدنی,
Max Taxable Income,قابل ٹیکس آمدنی,
Applicant for a Job,ایک کام کے لئے درخواست,
Job Opening,کام افتتاحی,
Cover Letter,تعارفی خط,
Resume Attachment,پھر جاری منسلکہ,
Job Applicant Source,ملازمت درخواست دہندگان ماخذ,
Applicant Email Address,درخواست دہندہ کا ای میل ایڈریس,
Awaiting Response,جواب کا منتظر,
Job Offer Terms,ملازمت کی پیشکش کی شرائط,
Select Terms and Conditions,منتخب کریں شرائط و ضوابط,
Job Offer Term,ملازمت کی پیشکش کی مدت,
Offer Term,پیشکش ٹرم,
Value / Description,ویلیو / تفصیل,
Description of a Job Opening,ایک کام افتتاحی تفصیل,
Staffing Plan,اسٹافنگ پلان,
Planned number of Positions,پوزیشن کی منصوبہ بندی کی تعداد,
"Job profile, qualifications required etc.",ایوب پروفائل، قابلیت کی ضرورت وغیرہ,
HR-LAL-.YYYY.-,HR-LAL -YYYY.-,
New Leaves Allocated,نئے پتے مختص,
Add unused leaves from previous allocations,گزشتہ آونٹن سے غیر استعمال شدہ پتے شامل,
Unused leaves,غیر استعمال شدہ پتے,
Total Leaves Allocated,کل پتے مختص,
Total Leaves Encashed,کل چھلانگ غائب ہوگئے ہیں,
Leave Period,مدت چھوڑ دو,
Carry Forwarded Leaves,فارورڈڈ پتے لے جائیں۔,
Apply / Approve Leaves,پتے منظور / لگائیں,
HR-LAP-.YYYY.-,HR-LAP -YYYY-,
Leave Balance Before Application,درخواست سے پہلے توازن چھوڑ دو,
Total Leave Days,کل رخصت دنوں,
Leave Approver Name,منظوری دینے والا چھوڑ دو نام,
Follow via Email,ای میل کے ذریعے عمل کریں,
Block Holidays on important days.,اہم دن پر بلاک چھٹیاں.,
Leave Block List Name,بلاک کریں فہرست کا نام چھوڑ دو,
Applies to Company,کمپنی پر لاگو ہوتا ہے,
"If not checked, the list will have to be added to each Department where it has to be applied.",نہیں کی جانچ پڑتال تو، فہرست یہ لاگو کیا جا کرنے کے لئے ہے جہاں ہر سیکشن میں شامل کرنا پڑے گا.,
Block Days,بلاک دنوں,
Stop users from making Leave Applications on following days.,مندرجہ ذیل دنوں میں رخصت کی درخواستیں کرنے سے صارفین کو روکنے کے.,
Leave Block List Dates,بلاک فہرست تاریخوں چھوڑ,
Allow Users,صارفین کو اجازت دے,
Allow the following users to approve Leave Applications for block days.,مندرجہ ذیل صارفین بلاک دنوں کے لئے چھوڑ درخواستیں منظور کرنے کی اجازت دیں.,
Leave Block List Allowed,بلاک فہرست اجازت چھوڑ دو,
Leave Block List Allow,بلاک فہرست اجازت دیں چھوڑ دو,
Allow User,صارف کی اجازت,
Leave Block List Date,بلاک فہرست تاریخ چھوڑ دو,
Block Date,بلاک تاریخ,
Leave Control Panel,کنٹرول پینل چھوڑنا,
Employment Type (optional),ملازمت کی قسم (اختیاری),
Branch (optional),شاخ (اختیاری),
Department (optional),محکمہ (اختیاری),
Designation (optional),عہدہ (اختیاری),
Employee Grade (optional),ملازم گریڈ (اختیاری),
Employee (optional),ملازم (اختیاری),
Allocate Leaves,پتے مختص کریں۔,
Carry Forward,آگے لے جانے,
Please select Carry Forward if you also want to include previous fiscal year's balance leaves to this fiscal year,آپ کو بھی گزشتہ مالی سال کے توازن رواں مالی سال کے لئے چھوڑ دیتا شامل کرنے کے لئے چاہتے ہیں تو آگے بڑھانے براہ مہربانی منتخب کریں,
New Leaves Allocated (In Days),(دنوں میں) مختص نئے پتے,
Leave Balance,بیلنس چھوڑ دو,
Encashable days,ناقابل یقین دن,
Encashment Amount,شناختی رقم,
Leave Ledger Entry,لیجر انٹری چھوڑ دیں۔,
Transaction Name,ٹرانزیکشن کا نام,
Is Carry Forward,فارورڈ لے,
Is Expired,میعاد ختم ہوگئی۔,
Is Leave Without Pay,تنخواہ کے بغیر چھوڑ,
Holiday List for Optional Leave,اختیاری اجازت کے لئے چھٹیوں کی فہرست,
Leave Allocations,تخصیص چھوڑ دو,
Leave Policy Details,پالیسی کی تفصیلات چھوڑ دو,
Leave Policy Detail,پالیسی کی تفصیل چھوڑ دو,
Annual Allocation,سالانہ مختص,
Leave Type Name,قسم کا نام چھوڑ دو,
Applicable After (Working Days),کے بعد قابل اطلاق (ورکنگ دن),
Is Optional Leave,اختیاری اجازت ہے,
Allow Negative Balance,منفی بیلنس کی اجازت دیں,
Include holidays within leaves as leaves,پتے کے طور پر پتیوں کے اندر تعطیلات شامل,
Is Compensatory,معاوضہ ہے,
Maximum Carry Forwarded Leaves,فارورڈڈ پتے زیادہ سے زیادہ لے جائیں۔,
Expire Carry Forwarded Leaves (Days),فارورڈ پتے (دن) کیری کی میعاد ختم ہوجائیں,
Calculated in days,دنوں میں حساب لیا۔,
Encashment,شناخت,
Allow Encashment,مصیبت کی اجازت دیں,
Encashment Threshold Days,تھراشولڈ دن کا سراغ لگانا,
Earned Leave,کم سے کم چھٹکارا,
Is Earned Leave,کم آمدنی ہے,
Earned Leave Frequency,کم شدہ تعدد فریکوئینسی,
Rounding,رائڈنگ,
Payroll Employee Detail,ملازم کی تفصیل,
Payroll Frequency,پے رول فریکوئینسی,
Fortnightly,پندرہ روزہ,
Bimonthly,دو ماہی,
Employees,ایمپلائز,
Number Of Employees,ملازمین کی تعداد,
Employee Details,ملازم کی تفصیلات,
Validate Attendance,حاضری درست کریں,
Salary Slip Based on Timesheet,تنخواہ کی پرچی Timesheet کی بنیاد پر,
Deduct Tax For Unclaimed Employee Benefits,لاپتہ ملازم فوائد کے لئے ٹیکس کٹوتی,
Deduct Tax For Unsubmitted Tax Exemption Proof,غیر قانونی ٹیکس چھوٹ ثبوت کے لئے ٹیکس کم,
Select Payment Account to make Bank Entry,بینک اندراج کرنے کے لئے منتخب ادائیگی اکاؤنٹ,
Salary Slips Created,تنخواہ سلپس تیار,
Salary Slips Submitted,تنخواہ سلپس پیش کی گئی,
Payroll Periods,ادائیگی کا وقت,
Payroll Period Date,پے رول مدت کی تاریخ,
Purpose of Travel,سفر کا مقصد,
Retention Bonus,رکاوٹ بونس,
Bonus Payment Date,بونس ادائیگی کی تاریخ,
Bonus Amount,بونس رقم,
Depends on Payment Days,ادائیگی کے دن پر منحصر ہے۔,
Is Tax Applicable,ٹیکس قابل اطلاق ہے,
Variable Based On Taxable Salary,ٹیکس قابل تنخواہ پر مبنی متغیر,
Exempted from Income Tax,انکم ٹیکس سے مستثنیٰ,
Round to the Nearest Integer,قریب ترین عدد کے لئے گول,
Statistical Component,شماریاتی اجزاء,
"If selected, the value specified or calculated in this component will not contribute to the earnings or deductions. However, it's value can be referenced by other components that can be added or deducted. ",منتخب شدہ ہیں، بیان کردہ یا اس کے اتحادیوں میں شمار کیا قدر آمدنی یا کٹوتیوں میں شراکت نہیں ہوں گے. تاہم، یہ قدر دوسرے اجزاء شامل یا منہا کیا جا سکتا ہے کی طرف سے محولہ کیا جا سکتا ہے.,
Do Not Include in Total,کل میں شامل نہ کریں,
Flexible Benefits,لچکدار فوائد,
Is Flexible Benefit,لچکدار فائدہ ہے,
Max Benefit Amount (Yearly),زیادہ سے زیادہ منافع رقم (سالانہ),
Only Tax Impact (Cannot Claim But Part of Taxable Income),صرف ٹیکس اثر (دعوی نہیں کر سکتے ہیں لیکن ٹیکس قابل آمدنی کا حصہ),
Create Separate Payment Entry Against Benefit Claim,فوائد کے دعوی کے خلاف علیحدہ ادائیگی کی داخلہ بنائیں,
Amount based on formula,فارمولے پر مبنی رقم,
Formula,فارمولہ,
Salary Detail,تنخواہ تفصیل,
Component,اجزاء,
Do not include in total,کل میں شامل نہ کریں,
Default Amount,پہلے سے طے شدہ رقم,
Additional Amount,اضافی رقم۔,
Tax on flexible benefit,لچکدار فائدہ پر ٹیکس,
Tax on additional salary,اضافی تنخواہ پر ٹیکس,
Salary Structure,تنخواہ ساخت,
Working Days,کام کے دنوں میں,
Salary Slip Timesheet,تنخواہ کی پرچی Timesheet,
Earnings,آمدنی,
Deductions,کٹوتیوں,
Total in words,الفاظ میں کل,
Salary Component for timesheet based payroll.,timesheet بنیاد پے رول کے لئے تنخواہ کے اجزاء.,
Leave Encashment Amount Per Day,فی دن شناختی رقم چھوڑ دو,
Max Benefits (Amount),زیادہ سے زیادہ فوائد (رقم),
Salary breakup based on Earning and Deduction.,کمائی اور کٹوتی کی بنیاد پر تنخواہ ٹوٹنے.,
Total Earning,کل کمائی,
Salary Structure Assignment,تنخواہ کی ساخت کی تفویض,
Shift Assignment,شفٹ کی تفویض,
Shift Type,شفٹ کی قسم,
Shift Request,شفٹ کی درخواست,
Enable Auto Attendance,آٹو اٹینڈینس کو قابل بنائیں۔,
Mark attendance based on 'Employee Checkin' for Employees assigned to this shift.,اس شفٹ میں تفویض کردہ ملازمین کے لئے &#39;ملازمین چیکن&#39; پر مبنی حاضری کو نشان زد کریں۔,
Auto Attendance Settings,خود حاضری کی ترتیبات۔,
Determine Check-in and Check-out,چیک ان اور چیک آؤٹ کا تعین کریں۔,
Alternating entries as IN and OUT during the same shift,ایک ہی شفٹ کے دوران بطور IN اور OUT بطور اندراجات۔,
Strictly based on Log Type in Employee Checkin,ملازم چیک ان میں سختی سے لاگ ان کی بنیاد پر۔,
Working Hours Calculation Based On,ورکنگ اوقات کا حساب کتاب,
First Check-in and Last Check-out,پہلے چیک ان اور آخری چیک آؤٹ۔,
Every Valid Check-in and Check-out,ہر جائز چیک ان اور چیک آؤٹ۔,
Begin check-in before shift start time (in minutes),شفٹ شروع ہونے والے وقت سے پہلے چیک ان کرنا شروع کریں (منٹ میں),
The time before the shift start time during which Employee Check-in is considered for attendance.,شفٹ شروع ہونے سے قبل کا وقت جس کے دوران ملازمین کے داخلے کے لئے چیک ان سمجھا جاتا ہے۔,
Allow check-out after shift end time (in minutes),شفٹ اختتامی وقت (منٹ میں) کے بعد چیک آؤٹ کی اجازت دیں,
Time after the end of shift during which check-out is considered for attendance.,شفٹ کے خاتمے کے بعد جس وقت حاضری کے لئے چیک آؤٹ سمجھا جاتا ہے۔,
Working Hours Threshold for Half Day,آدھے دن کے لئے کام کے اوقات کی حد,
Working hours below which Half Day is marked. (Zero to disable),کام کے اوقات جس کے نیچے آدھا دن نشان لگا ہوا ہے۔ (غیر فعال کرنے کے لئے زیرو),
Working Hours Threshold for Absent,ورکنگ اوورس تھریشولڈ برائے غیر حاضر,
Working hours below which Absent is marked. (Zero to disable),کام کے اوقات جن کے نیچے غیر حاضر کو نشان زد کیا گیا ہے۔ (غیر فعال کرنے کے لئے زیرو),
Process Attendance After,عمل کے بعد حاضری۔,
Attendance will be marked automatically only after this date.,حاضری اس تاریخ کے بعد ہی خود بخود نشان زد ہوگی۔,
Last Sync of Checkin,چیک ان کا آخری ہم آہنگی۔,
Last Known Successful Sync of Employee Checkin. Reset this only if you are sure that all Logs are synced from all the locations. Please don't modify this if you are unsure.,ملازمین چیک ان کا آخری مشہور کامیاب ہم آہنگی۔ اس کو صرف اسی صورت میں دوبارہ ترتیب دیں جب آپ کو یقین ہو کہ تمام مقامات سے تمام لاگ ان موافقت پذیر ہیں۔ اگر آپ کو یقین نہیں ہے تو برائے مہربانی اس میں ترمیم نہ کریں۔,
Grace Period Settings For Auto Attendance,آٹو حاضری کے لئے فضل کی مدت کی ترتیبات۔,
Enable Entry Grace Period,انٹری گریس پیریڈ کو اہل بنائیں۔,
Late Entry Grace Period,دیر سے انٹری گریس مدت۔,
The time after the shift start time when check-in is considered as late (in minutes).,شفٹ شروع ہونے کے بعد کا وقت جب چیک ان کو دیر سے (منٹ میں) سمجھا جاتا ہے۔,
Enable Exit Grace Period,فضل کا دورانیہ خارج کریں۔,
Early Exit Grace Period,ابتدائی ایکزٹ گریس پیریڈ,
The time before the shift end time when check-out is considered as early (in minutes).,شفٹ اختتامی وقت سے پہلے کا وقت جب چیک آؤٹ کو جلدی (منٹ میں) سمجھا جاتا ہے۔,
Skill Name,مہارت کا نام,
Staffing Plan Detail,اسٹافنگ پلان تفصیل,
Total Estimated Budget,کل متوقع بجٹ,
Vacancies,خالی جگہیں,
Estimated Cost Per Position,فی وضع کردہ قیمت,
Total Estimated Cost,کل متوقع لاگت,
Current Count,موجودہ شمار,
Current Openings,موجودہ اوپننگ,
Number Of Positions,پوزیشنوں کی تعداد,
Taxable Salary Slab,ٹیکس قابل تنخواہ سلیب,
From Amount,رقم سے,
To Amount,رقم پر,
Percent Deduction,فی صد کٹوتی,
Training Program,تربیتی پروگرام,
Event Status,واقعہ حیثیت,
Has Certificate,سرٹیفکیٹ ہے,
Seminar,سیمینار,
Theory,نظریہ,
Workshop,ورکشاپ,
Conference,کانفرنس,
Exam,امتحان,
Internet,انٹرنیٹ,
Self-Study,خود مطالعہ,
Advance,ایڈوانس,
Trainer Name,ٹرینر نام,
Trainer Email,ٹرینر کوارسال کریں,
Attendees,شرکاء,
Employee Emails,ملازم ای میل,
Training Event Employee,تربیت ایونٹ ملازم,
Invited,مدعو,
Feedback Submitted,آپ کی رائے پیش,
Training Result Employee,تربیت کا نتیجہ ملازم,
Travel Itinerary,سفر سفر کا پروگرام,
Travel From,سے سفر,
Travel To,سفر کرنے کے لئے,
Mode of Travel,سفر کا موڈ,
Flight,پرواز,
Train,ٹرین,
Taxi,ٹیکسی,
Rented Car,کرایہ کار,
Meal Preference,کھانے کی پسند,
Vegetarian,سبزیوں,
Non-Vegetarian,غیر سبزیاں,
Gluten Free,گلوبل مفت,
Non Diary,غیر ڈائری,
Travel Advance Required,سفر ایڈورینس کی ضرورت ہے,
Departure Datetime,دور دورہ,
Arrival Datetime,آمد تاریخ,
Lodging Required,جذبہ کی ضرورت ہے,
Preferred Area for Lodging,چوک کے لئے پسندیدہ ایریا,
Check-in Date,چیک میں تاریخ,
Check-out Date,چیک آؤٹ تاریخ,
Travel Request,سفر کی درخواست,
Travel Type,سفر کی قسم,
Domestic,گھریلو,
International,بین اقوامی,
Travel Funding,سفر فنڈ,
Require Full Funding,مکمل فنڈ کی ضرورت ہے,
Fully Sponsored,مکمل طور پر سپانسر,
"Partially Sponsored, Require Partial Funding",جزوی طور پر سپانسر، جزوی فنڈ کی ضرورت ہے,
Copy of Invitation/Announcement,دعوت نامہ / اعلان کی نقل,
"Details of Sponsor (Name, Location)",اسپانسر کی تفصیلات (نام، مقام),
Identification Document Number,شناخت دستاویز نمبر,
Any other details,کوئی اور تفصیلات,
Costing Details,قیمتوں کا تعین,
Event Details,واقعہ کی تفصیلات,
Name of Organizer,آرگنائزر کا نام,
Address of Organizer,آرگنائزر کا پتہ,
Travel Request Costing,سفر کی درخواست لاگت,
Expense Type,اخراجات کی قسم,
Sponsored Amount,سپانسر کردہ رقم,
Funded Amount,فنڈ رقم,
Upload Attendance,اپ لوڈ کریں حاضری,
Attendance From Date,تاریخ سے حاضری,
Attendance To Date,تاریخ کرنے کے لئے حاضری,
Get Template,سانچے حاصل,
Import Attendance,درآمد حاضری,
Upload HTML,اپ لوڈ کریں ایچ ٹی ایم ایل,
HR-VLOG-.YYYY.-,HR-VLOG -YYYY-,
Odometer Reading,odometer پڑھنے,
Current Odometer value ,موجودہ اوڈومیٹر ویلیو,
Refuelling Details,Refuelling تفصیلات,
Invoice Ref,انوائس کے ممبران,
Service Details,سروس کی تفصیلات دیکھیں,
Vehicle Service,گاڑی کی خدمت,
Service Item,سروس شے,
Brake Oil,وقفے تیل,
Brake Pad,وقفے پیڈ,
Clutch Plate,کلچ پلیٹ,
Engine Oil,انجن کا تیل,
Oil Change,تیل تبدیل,
Inspection,معائنہ,
Mileage,میلانہ,
Salary Slip Loan,تنخواہ سلپ قرض,
Loan Repayment Entry,قرض کی ادائیگی میں داخلہ,
May,مئی,
June,جون,
July,جولائی۔,
Bank Remittance,بینک ترسیلات زر۔,
Daily Work Summary Replies,ڈیلی کام خلاصہ جوابات,
Employee Advance Summary,ملازم ایڈورانس خلاصہ,
Employees working on a holiday,چھٹی پر کام کرنے والے ملازمین,
Monthly Attendance Sheet,ماہانہ حاضری شیٹ,
Salary Register,تنخواہ رجسٹر,
Unpaid Expense Claim,بلا معاوضہ اخراجات دعوی,
Payment Account is mandatory,ادائیگی اکاؤنٹ لازمی ہے,
"If checked, the full amount will be deducted from taxable income before calculating income tax without any declaration or proof submission.",اگر جانچ پڑتال کی گئی تو انکم ٹیکس کا حساب لگانے سے پہلے بغیر کسی اعلان یا ثبوت جمع کروانے سے قبل پوری رقم ٹیکس قابل آمدنی سے کٹوتی کی جائے گی۔,
In Time,وقت میں,
Out Time,آؤٹ ٹائم,
Is Recurring,بار بار چل رہا ہے,
HRA Exemption,ایچ آر اے چھوٹ,
Monthly House Rent,ماہانہ مکان کرایہ,
Rented in Metro City,میٹرو سٹی میں کرایہ پر لیا,
HRA as per Salary Structure,تنخواہ کے ڈھانچے کے مطابق ایچ آر اے,
Annual HRA Exemption,سالانہ ایچ آر اے چھوٹ,
Monthly HRA Exemption,ماہانہ ایچ آر اے چھوٹ,
House Rent Payment Amount,مکان کرایہ کی ادائیگی کی رقم,
Rented From Date,تاریخ سے کرایہ پر,
Rented To Date,آج کے دن کرایہ پر,
Monthly Eligible Amount,ماہانہ اہل رقم,
Total Eligible HRA Exemption,مکمل اہل HRA چھوٹ,
Validating Employee Attendance...,ملازمین کی حاضری کو درست کرنا…,
Submitting Salary Slips and creating Journal Entry...,تنخواہ پرچی جمع کروانا اور جرنل انٹری تیار کرنا…,
Calculate Payroll Working Days Based On,پر مبنی پے رول ورکنگ ڈےس کا حساب لگائیں,
Consider Unmarked Attendance As,بطور نشان زد حاضری پر غور کریں,
Fraction of Daily Salary for Half Day,آدھے دن کے لئے روزانہ تنخواہ کا حصہ,
Component Type,اجزاء کی قسم,
Provident Fund,پراویڈنٹ فنڈ,
Additional Provident Fund,اضافی پروویڈنٹ فنڈ,
Provident Fund Loan,پروویڈنٹ فنڈ لون,
Professional Tax,پروفیشنل ٹیکس,
Is Income Tax Component,انکم ٹیکس کا جز ہے,
Component properties and references ,اجزاء کی خصوصیات اور حوالہ جات,
Additional Salary ,اضافی تنخواہ,
Unmarked days,نشان زد دن,
Absent Days,غائب دن,
Conditions and Formula variable and example,ضوابط اور فارمولہ متغیر اور مثال,
Income Tax Deductions,انکم ٹیکس کی کٹوتی,
Income Tax Component,انکم ٹیکس اجزاء,
Income Tax Amount,انکم ٹیکس کی رقم,
Unmarked Days,غیر نشان زدہ دن,
Jan,جان,
Feb,فروری,
Mar,مار,
Apr,اپریل,
Aug,اگست,
Sep,ستمبر,
Oct,اکتوبر,
Nov,نومبر,
Dec,دسمبر,
Summarized View,خلاصہ نظارہ,
Professional Tax Deductions,پروفیشنل ٹیکس کٹوتی,
Provident Fund Deductions,پروویڈنٹ فنڈ کی کٹوتی,
Recruitment Analytics,بھرتی تجزیات,
Applicant name,درخواست گزار کا نام,
Job Offer status,ملازمت کی پیش کش کی حیثیت,
On Date,تاریخ پر,
Salary Payments Based On Payment Mode,تنخواہ کی ادائیگی موڈ پر مبنی ہے,
Salary Payments via ECS,ای سی ایس کے ذریعہ تنخواہوں کی ادائیگی,
Account No,اکاؤنٹ کا نمبر,
IFSC,آئی ایف ایس سی,
MICR,ایم آئی سی آر,
PF Account,پی ایف اکاؤنٹ,
PF Amount,پی ایف کی رقم,
Additional PF,اضافی پی ایف,
PF Loan,پی ایف لون,
Duplicate Entry,جعلی اندراج,
Please select Employee first.,براہ کرم پہلے ملازم منتخب کریں۔,
To Date should be greater than From Date,تاریخ سے تاریخ سے زیادہ ہونا چاہئے,
Job Offer: {0} is already for Job Applicant: {1},ملازمت کی پیش کش: Job 0 already پہلے ہی ملازمت کے درخواست دہندہ کے لئے ہے: {1},
Only Shift Request with status 'Approved' and 'Rejected' can be submitted,حیثیت &#39;منظور شدہ&#39; اور &#39;مسترد&#39; کے ساتھ صرف شفٹ کی درخواست جمع کی جاسکتی ہے,
Shift Assignment: {0} created for Employee: {1},شفٹ تفویض: ye 0 Emplo ملازم کے لئے تشکیل دیا گیا: {1},
You can not request for your Default Shift: {0},آپ اپنی ڈیفالٹ شفٹ کی درخواست نہیں کرسکتے ہیں: {0},
Only Approvers can Approve this Request.,صرف درخواست کی درخواست ہی اس درخواست کو منظور کرسکتی ہے۔,
Please set Payroll based on in Payroll settings,براہ کرم پے رول کی بنیاد پر پے رول ترتیب دیں,
Additional Salary: {0} already exist for Salary Component: {1} for period {2} and {3},اضافی تنخواہ: تنخواہ کے اجزاء کے لئے پہلے ہی for 0} موجود ہے: مدت} 2} اور {3} کیلئے {1},
Payroll date can not be less than employee's joining date.,پےرول کی تاریخ ملازم کی شمولیت کی تاریخ سے کم نہیں ہوسکتی ہے۔,
From date can not be less than employee's joining date.,تاریخ سے ملازمین کی شمولیت کی تاریخ سے کم نہیں ہوسکتی ہے۔,
To date can not be greater than employee's relieving date.,آج کی تاریخ ملازم کی راحت بخش تاریخ سے زیادہ نہیں ہوسکتی ہے۔,
Payroll date can not be greater than employee's relieving date.,پےرول کی تاریخ ملازم کی راحت بخش تاریخ سے زیادہ نہیں ہوسکتی ہے۔,
Condition and formula,حالت اور فارمولا,
Available Leaves,دستیاب پتیوں,
IFSC Code,IFSC کوڈ,
Others,دیگر,
Total Allocated Leaves,کل مختص شدہ پتیوں,
Used Leaves,استعمال شدہ پتیوں,
PAN Number,پین نمبر,
Expired Leaves,ختم شدہ پتے,
