) for {0},) uchun {0},
A {0} exists between {1} and {2} (,{1} va {2} () o&#39;rtasida {0} mavjud,
Absent,Yo&#39;q,
Accrual Journal Entry for salaries from {0} to {1},Accrual Journal {0} dan {1} ga qadar oylik maosh uchun,
Add to Details,Ma&#39;lumotlarga qo&#39;shish,
Added to details,Tafsilotlarga qo&#39;shildi,
All Jobs,Barcha ishlar,
Allocated Leaves,Ajratilgan barglar,
Annual Salary,Yillik ish haqi,
Application period cannot be across two allocation records,Ilova davri ikkita ajratma yozuvlari bo&#39;yicha bo&#39;lishi mumkin emas,
Application period cannot be outside leave allocation period,Ariza soatlari tashqaridan ajratilgan muddatning tashqarisida bo&#39;lishi mumkin emas,
Apply Now,Endi murojaat qiling,
Apprentice,Chiragcha,
Approval Status,Tasdiqlash maqomi,
Approval Status must be 'Approved' or 'Rejected',Tasdiqlash maqomi &quot;Tasdiqlangan&quot; yoki &quot;Rad etilgan&quot; bo&#39;lishi kerak,
As per your assigned Salary Structure you cannot apply for benefits,Sizning belgilangan Ma&#39;ruza tuzilishiga ko&#39;ra siz nafaqa olish uchun ariza bera olmaysiz,
Assign,Belgilash,
Assign Salary Structure,Ish haqi tuzilishini tayinlash,
Assign to Employees,Xodimlarga tayinlang,
Assigning Structures...,Tuzilmalarni tayinlash ...,
Attendance,Ishtirok etish,
Attendance From Date and Attendance To Date is mandatory,Sana va davomiylikdan Sana bo&#39;yicha ishtirok etish majburiydir,
Attendance for employee {0} is already marked for this day,Xodimga {0} davomi bu kun uchun belgilandi,
Attendance not submitted for {0} as it is a Holiday.,Dam olish kuni sifatida {0} uchun yuborilmadi.,
Bank Entries,Bank yozuvlari,
Base,Asosiy,
Beginner,Boshlovchi,
Birthday Reminder,Tug&#39;ilgan kun eslatma,
Bonus Payment Date cannot be a past date,Bonus To&#39;lov sanasi o&#39;tgan sana bo&#39;la olmaydi,
Calls,Qo&#39;ng&#39;iroqlar,
Cannot find active Leave Period,Faol chiqish davri topilmadi,
Casual Leave,Oddiy chiqish,
Claimed Amount,Da&#39;vo qilingan miqdori,
Compensatory Off,Compensatory Off,
Contact Number,Aloqa raqami,
Course,Kurs,
Create Disbursement Entry,To&#39;lov yozuvini yarating,
Create Salary Slip,Ish haqi slipini yaratish,
Create Salary Slips,Ish haqi slipslarini yarating,
Creating Payment Entries......,To&#39;lov yozuvlarini tuzish ......,
Creating Salary Slips...,Ish haqi toifalarini yaratish ...,
Current,Joriy,
Current Job Openings,Joriy ish o&#39;rinlari,
Daily Work Summary,Kundalik ish xulosasi,
Daily Work Summary Group,Kundalik Ish Xulosa Guruhi,
Date is repeated,Sana takrorlanadi,
Debit A/C Number,Debit A / C raqami,
Deduction,O&#39;chirish,
Document Status,Hujjat holati,
Earning,Daromad,
Employee A/C Number,Xodimning A / C raqami,
Employee Benefits,Ishchilarning nafaqalari,
Employee Grade,Ishchilar darajasi,
Employee Referral,Xodimga murojaat,
Employee relieved on {0} must be set as 'Left',{0} da bo&#39;shagan xodim &quot;chapga&quot;,
Employee {0} already submited an apllication {1} for the payroll period {2},{0} xizmatdoshi {1} ish haqi muddati uchun {1},
Employee {0} has no maximum benefit amount,{0} xodimida maksimal nafaqa miqdori yo&#39;q,
Employee {0} is not active or does not exist,Xodim {0} faol emas yoki mavjud emas,
Employee {0} is on Leave on {1},{0} xodimi {1} ta&#39;tilda,
Employee {0} on Half day on {1},Yarim kun {1} da xizmatdosh {0},
End time cannot be before start time,Tugash vaqti boshlanish vaqtidan oldin bo&#39;lishi mumkin emas,
Evaluation,Baholash,
Event Location,Voqealar joylashuvi,
Event Name,Voqealar nomi,
Expense Claim for Vehicle Log {0},Avtotransport jurnali uchun xarajatlar uchun da&#39;vo {0},
Expense Claim {0} already exists for the Vehicle Log,Avtomobil logi uchun {0} xarajat talabi allaqachon mavjud,
Fill the form and save it,Shaklni to&#39;ldiring va uni saqlang,
Filter Employees By (Optional),Xodimlarni filtrlash (ixtiyoriy),
Fiscal Year {0} not found,Moliyaviy yil {0} topilmadi,
Food,Ovqat,
For Employee,Ishchi uchun,
From Date {0} cannot be after employee's relieving Date {1},"{0} sanasidan, xodimning ozod etilgan kunidan keyin bo&#39;lishi mumkin emas {1}",
From Date {0} cannot be before employee's joining Date {1},{0} sanasidan boshlab xodimning {1} sana qo&#39;shilishidan oldin bo&#39;lishi mumkin emas.,
From date can not be less than employee's joining date,Ish kunidan e&#39;tiboran xodimning ishtirok etish muddati kam bo&#39;lishi mumkin emas,
Fuel Price,Yoqilg&#39;i narxi,
Fuel Qty,Yoqilg&#39;i miqdori,
Full-time,To&#39;liq stavka,
Future dates not allowed,Kelgusi sanalar ruxsat etilmaydi,
Get Details From Declaration,Tafsilotlarni deklaratsiyadan oling,
Get Employees,Ishchilarni oling,
Gross Pay,Brüt to&#39;lov,
Guest,Mehmon,
Half Day,Yarim kun,
Half Day Date is mandatory,Yarim kunlik sana majburiydir,
Half Day Date should be between From Date and To Date,Yarim kunlik sana Sana va Tarix orasida bo&#39;lishi kerak,
Half Day Date should be in between Work From Date and Work End Date,Yarim kunlik sana Sana va Ish tugash sanasi o&#39;rtasida bo&#39;lishi kerak,
Half day date should be in between from date and to date,Yarim kunlik sana sana va sanalar orasida bo&#39;lishi kerak,
Hello,Salom,
House rent paid days overlapping with {0},Uyni ijaraga olish uchun to&#39;langan kunlar {0} bilan qoplangan,
House rented dates required for exemption calculation,Uydan ozod qilishni hisoblash uchun zarur bo&#39;lgan vaqtni ijaraga olish,
House rented dates should be atleast 15 days apart,Uy ijarasi muddati 15 kundan kam bo&#39;lmasligi kerak,
Interest Amount,Foiz miqdori,
Intern,Stajyer,
Job Description,Ishning tavsifi,
Job Offer,Ishga taklif,
Jobs,Ishlar,
Leave Approval Notification,Tasdiqlash xabarnomasidan chiqing,
Leave Blocked,Blokdan chiqing,
Leave Encashment,Inkassatsiya qilishni qoldiring,
Leave Status Notification,Vaziyat bayonnomasini qoldiring,
Leave Type,Turini qoldiring,
Leave Type is madatory,Tugatishni qoldirib ketish,
Leave Type {0} cannot be allocated since it is leave without pay,{0} to`xtab turish to`lovsiz qoldirilganligi sababli bo`lmaydi,
Leave Type {0} cannot be carry-forwarded,{0} to`xtab turish mumkin emas,
Leave Type {0} is not encashable,{0} to`xtab turish imkoniyati mavjud emas,
Leave Without Pay,To&#39;lovsiz qoldiring,
"Leave cannot be allocated before {0}, as leave balance has already been carry-forwarded in the future leave allocation record {1}","{0} dan oldin qoldirib bo&#39;linmaydi, chunki kelajakda bo&#39;sh joy ajratish yozuvida {1}",
"Leave cannot be applied/cancelled before {0}, as leave balance has already been carry-forwarded in the future leave allocation record {1}","{0} dan oldingi ruxsatni bekor qilish yoki bekor qilish mumkin emas, chunki kelajakda ajratilgan mablag &#39;ajratish yozuvida {1}",
Leave of type {0} cannot be longer than {1},{0} tipidagi qoldiring {1} dan uzun bo&#39;lishi mumkin emas,
Leaves,Barglari,
Leaves Allocated Successfully for {0},{0} uchun muvaffaqiyatli tarzda ajratilgan qoldirilganlar,
Leaves per Year,Yillar davomida barglar,
Lifecycle,Hayot sikli,
Mark Attendance,Markni tomosha qilish,
Max Exemption Amount cannot be greater than maximum exemption amount {0} of Tax Exemption Category {1},Maksimal ozod qilish summasi {1} soliq imtiyozi toifasining {0} miqdoridan ko&#39;p bo&#39;lmasligi kerak.,
Max benefits should be greater than zero to dispense benefits,Maksimal imtiyozlar imtiyozlar berish uchun noldan katta bo&#39;lishi kerak,
Maximum amount eligible for the component {0} exceeds {1},{0} komponentiga mos keladigan maksimal miqdor {1} dan oshib ketdi,
Maximum benefit amount of component {0} exceeds {1},{0} komponentining maksimal foyda miqdori {1} dan oshib ketdi,
Maximum benefit amount of employee {0} exceeds {1},Xodimning {0} maksimal foyda miqdori {1},
Maximum leave allowed in the leave type {0} is {1},{0} turidagi ruxsat etilgan maksimal ruxsatnoma {1},
Medical,Tibbiy,
Mode of payment is required to make a payment,To&#39;lovni amalga oshirish uchun to&#39;lov shakli talab qilinadi,
More than one selection for {0} not allowed,{0} uchun bittadan ortiq tanlovga ruxsat berilmaydi,
Net Pay,Net to&#39;lov,
Net Pay cannot be less than 0,Net ulush 0 dan kam bo&#39;lmasligi kerak,
Net Salary Amount,Ish haqining aniq miqdori,
Net pay cannot be negative,Net to&#39;lov salbiy bo&#39;lishi mumkin emas,
No Employee Found,Xodim topilmadi,
No Salary Structure assigned for Employee {0} on given date {1},Berilgan sana {1} da Employee {0} uchun ish haqi tuzilishi tayinlangan emas,
No Staffing Plans found for this Designation,Ushbu nom uchun kadrlar rejasi yo&#39;q,
No active or default Salary Structure found for employee {0} for the given dates,Berilgan sana uchun ishlaydigan {0} uchun faol yoki standart ish haqi tuzilishi topilmadi,
No more updates,Boshqa yangilanishlar yo&#39;q,
No replies from,Javoblar yo&#39;q,
No salary slip found to submit for the above selected criteria OR salary slip already submitted,Yuqorida ko&#39;rsatilgan tanlangan mezonlarga YoKI ish haqi to`plami topshirilmadi,
Nothing to change,O&#39;zgarishga hech narsa yo&#39;q,
Notice Period,Bildirishnoma muddati,
Only Leave Applications with status 'Approved' and 'Rejected' can be submitted,Faqat &quot;Tasdiqlangan&quot; va &quot;Rad etilgan&quot; ilovalarni qoldiring,
Optional Holiday List not set for leave period {0},Majburiy bo&#39;lmagan bayramlar ro&#39;yxati {0} dam olish muddati uchun o&#39;rnatilmadi,
Part-time,To&#39;liqsiz ish kuni,
Password policy for Salary Slips is not set,Ish haqi slipsida parol siyosati o&#39;rnatilmagan,
Payment Days,To&#39;lov kunlari,
Payment of {0} from {1} to {2},{1} dan {2} gacha {0} to&#39;lovi,
Payroll,Ish haqi,
Payroll Number,Ish haqi raqami,
Piecework,Perework,
Please add the remaining benefits {0} to any of the existing component,Qolgan imtiyozlarni {0} mavjud tarkibiy qismlardan biriga qo&#39;shing,
Please confirm once you have completed your training,Ta&#39;limingizni tugatganingizdan keyin tasdiqlang,
Please enable default incoming account before creating Daily Work Summary Group,Kundalik Ish Xulosa Guruhini yaratishdan oldin standart kirish hisobini yoqing,
Please select Company and Designation,"Marhamat, Kompaniya va Belgilash-ni tanlang",
Please select Employee,"Iltimos, Ishchi-ni tanlang",
Please select a csv file,CSV faylini tanlang,
Please set default template for Leave Approval Notification in HR Settings.,Chiqish sozlamalarida tasdiqlashni tasdiqlash xabarnomasi uchun standart shablonni o&#39;rnating.,
Please set default template for Leave Status Notification in HR Settings.,Chiqish sozlamalari uchun Leave Status Notification holatini ko&#39;rsatish uchun standart shablonni o&#39;rnating.,
Please set the Company,"Iltimos, kompaniyani tanlang",
Please set the Date Of Joining for employee {0},"Iltimos, xodimingizga {0}",
Please share your feedback to the training by clicking on 'Training Feedback' and then 'New',"&quot;Ta&#39;lim bo&#39;yicha hisobot&quot; ni bosing, so&#39;ngra &quot;Yangi&quot;",
Please update your status for this training event,"Iltimos, ushbu mashg&#39;ulot uchun statusingizni yangilang",
Present,Mavjud,
Preview Salary Slip,Preview ish haqi slip,
Privilege Leave,Privilege Leave,
Probation,Sinov,
Probationary Period,Sinov muddati,
Property,Mulk,
Property already added,Xususiyat allaqachon qo&#39;shilgan,
Replies,Javoblar,
Responsibilities,Mas&#39;uliyat,
Role,Rol,
Row {0}# Allocated amount {1} cannot be greater than unclaimed amount {2},Row {0} # Ajratilgan miqdor {1} da&#39;vo qilinmagan miqdordan ortiq bo&#39;lmasligi mumkin {2},
Row {0}# Paid Amount cannot be greater than requested advance amount,Row {0} # To&#39;langan pul miqdori so&#39;ralgan avans miqdoridan ortiq bo&#39;lishi mumkin emas,
Salary Slip ID,Ish haqi miqdori,
Salary Slip of employee {0} already created for this period,Ish staji Bu davr uchun allaqachon yaratilgan {0} xodim,
Salary Slip of employee {0} already created for time sheet {1},Ish staji {1} vaqt jadvalini uchun yaratilgan ({0}),
Salary Structure Assignment for Employee already exists,Xodimga ish haqi tarkibi tayinlanishi allaqachon mavjud,
Salary Structure Missing,Ish haqi tuzilmasi to&#39;liqsiz,
Salary Structure not found for employee {0} and date {1},Xodim uchun ish haqi tuzilmasi topilmadi {0} va sana {1},
Salary Structure should have flexible benefit component(s) to dispense benefit amount,Ish haqi tuzilmasi foydaning miqdori uchun moslashuvchan foyda komponenti (lar) ga ega bo&#39;lishi kerak,
"Salary already processed for period between {0} and {1}, Leave application period cannot be between this date range.","{0} va {1} oralig&#39;idagi davrda allaqachon ishlov berilgan ish haqi, ushbu muddat oralig&#39;ida ariza berish muddati qoldirilmasligi kerak.",
Sanctioned Amount cannot be greater than Claim Amount in Row {0}.,Sanktsiyalangan pul miqdori {0} qatorida da&#39;vo miqdori qiymatidan katta bo&#39;lmasligi kerak.,
Score must be less than or equal to 5,Ballar 5dan kam yoki teng bo&#39;lishi kerak,
Select Property,Ob&#39;ektni tanlang,
Select an employee to get the employee advance.,Xodimni oldindan olish uchun xodimni tanlang.,
Service Expense,Xizmat ketadi,
Show Employee,Xodim ko&#39;rsatish,
Show Salary Slip,Ish haqi slipini ko&#39;rsatish,
Sick Leave,Yuqumli kasalliklar,
"Skipping Salary Structure Assignment for the following employees, as Salary Structure Assignment records already exists against them. {0}","Ish haqi tarkibini belgilash yozuvlari allaqachon mavjud bo&#39;lganligi sababli, quyidagi xodimlar uchun ish haqi tuzilmasini tayinlashni o&#39;tkazib yuborish. {0}",
Staffing Plan {0} already exist for designation {1},{0} Xodimlar rejasi {1} uchun mavjud.,
"Start and end dates not in a valid Payroll Period, cannot calculate {0}","Ish haqi davri davridagi boshlanish va tugash sanalari, {0} ni hisoblab chiqa olmaydi",
"Start and end dates not in a valid Payroll Period, cannot calculate {0}.","Boshlang&#39;ich va tugash sanalari amaldagi chegirma davrida emas, {0} hisoblab chiqolmaydi.",
Stock Options,Aksiyadorlik imkoniyatlari,
Structures have been assigned successfully,Tuzilmalar muvaffaqiyatli tayinlandi,
Submit Proof,Isbotni yuboring,
Submit Salary Slip,Ish haqi slipini topshirish,
Submit this to create the Employee record,Xodimlar yozuvini yaratish uchun uni yuboring,
Submitting Salary Slips...,Ish haqi tovarlaringizni ...,
Team Updates,Jamoa yangiliklari,
Thank you,rahmat,
The day(s) on which you are applying for leave are holidays. You need not apply for leave.,Dam olish uchun ariza topshirgan kun (lar) bayramdir. Siz ta&#39;tilga ariza berishingiz shart emas.,
There are more holidays than working days this month.,Bu oyda ish kunlaridan ko&#39;ra ko&#39;proq bayramlar bor.,
There is no leave period in between {0} and {1},{0} va {1} o&#39;rtasida hech qanday ijara muddati mavjud emas,
This is based on the attendance of this Employee,Bu ushbu xodimning ishtirokiga asoslangan,
This will submit Salary Slips and create accrual Journal Entry. Do you want to proceed?,Bu ish haqi to`plarini taqdim etadi va hisobga olish jurnalini yaratadi. Davom etmoqchimisiz?,
To date can not be equal or less than from date,Bugungi kunga teng yoki undan kam bo&#39;lishi mumkin emas,
To date can not be less than from date,Bugungi kunga nisbatan kamroq bo&#39;lishi mumkin emas,
To date can not greater than employee's relieving date,"Bugungi kunga kelib, xodimning ozod etilish muddatidan ortiq bo&#39;lishi mumkin emas",
Total Absent,Hammasi yo&#39;q,
Total Deduction,Jami cheklov,
Total Leaves,Jami barglar,
Total Present,Jami mavjud,
Total advance amount cannot be greater than total sanctioned amount,Umumiy avans miqdori jami ruxsat etilgan miqdordan ortiq bo&#39;lishi mumkin emas,
Total flexible benefit component amount {0} should not be less than max benefits {1},Jami moslashuvchan foyda komponenti {0} maksimal foydadan kam bo&#39;lmasligi kerak {1},
Total leaves allocated is mandatory for Leave Type {0},Berilgan barglarning barchasi {0} to`lash toifasi uchun majburiydir.,
Total working hours should not be greater than max working hours {0},Umumiy ish soatlari eng ko&#39;p ish vaqti {0} dan ortiq bo&#39;lmasligi kerak,
Training,Trening,
Training Event,O&#39;quv mashg&#39;uloti,
Training Events,O&#39;quv mashg&#39;ulotlari,
Training Feedback,Ta&#39;lim bo&#39;yicha fikr-mulohazalar,
Training Result,Ta&#39;lim natijasi,
Travel,Sayohat,
Update Response,Javobni yangilash,
Value missing,Qiymat kam,
Variable,Argumentlar,
Walk In,Yuring,
Warning: Leave application contains following block dates,"Ogohlantirish: Arizani qoldiring, keyinchalik bloklangan sanalarni o&#39;z ichiga oladi",
Website Listing,Sayt listingi,
Work Summary for {0},{0} uchun ish xulosasi,
You are not authorized to approve leaves on Block Dates,Siz bloklangan sana bo&#39;yicha barglarni tasdiqlash uchun vakolatga ega emassiz,
You are not present all day(s) between compensatory leave request days,Kompensatuar ta&#39;til talab kunlari orasida kun bo&#39;yi mavjud bo&#39;lmaysiz,
You can only submit Leave Encashment for a valid encashment amount,Siz faqatgina &quot;Inkassatsiya&quot; pul mablag&#39;ini haqiqiy inkassatsiya miqdori uchun yuborishingiz mumkin,
{0} already allocated for Employee {1} for period {2} to {3},{2} dan {3} gacha bo&#39;lgan xodim uchun {1} uchun ajratilgan {0},
{0} applicable after {1} working days,{0} {1} ish kunidan keyin amal qiladi,
{0} is not in Optional Holiday List,{0} ixtiyoriy bayramlar ro&#39;yxatida yo&#39;q,
{0} is not in a valid Payroll Period,{0} joriy chegirma davrida mavjud emas,
{0} must be submitted,{0} yuborilishi kerak,
"{0}: Employee email not found, hence email not sent","{0}: Xodimlarning elektron pochta manzili topilmadi, shuning uchun elektron pochta orqali yuborilmadi",
{0}: From {0} of type {1},{0}: {1} dan {0} dan,
Conditions,Shartlar,
Percent,Foiz,
Error in some rows,Ba&#39;zi qatorlarda xato,
Benefit,Foyda,
Shift,Shift,
Importing {0} of {1},{1} dan {0} ni import qilish,
'employee_field_value' and 'timestamp' are required.,&#39;xodim_field_value&#39; va &#39;vaqt belgisi&#39; talab qilinadi.,
Allocation Expired!,Ajratish muddati tugadi!,
Attendance Marked,Davomat belgilangan,
Attendance has been marked as per employee check-ins,Davomat har bir xodimning kirish varaqasi bo&#39;yicha belgilanadi,
Date Range,Sana oralig&#39;i,
Event Link,Voqealar havolasi,
Expire Allocation,Ajratish muddati tugaydi,
Fuel Expense,Yoqilg&#39;i xarajatlari,
Intermediate,O&#39;rta darajada,
Leave application is linked with leave allocations {0}. Leave application cannot be set as leave without pay,Chiqish uchun ariza {0} ta&#39;tillari bilan bog&#39;liq. Arizani pullik ta&#39;til sifatida o&#39;rnatish mumkin emas,
Log Type is required for check-ins falling in the shift: {0}.,Shiftga tushib qolganlar uchun jurnal turi kerak: {0}.,
No Employee found for the given employee field value. '{}': {},Berilgan xodimning maydon qiymati uchun xodim topilmadi. &#39;{}&#39;: {},
No Leaves Allocated to Employee: {0} for Leave Type: {1},Xodimga ajratilgan hech qanday varaq: {0} uchun: {1},
Only expired allocation can be cancelled,Faqat muddati o&#39;tgan ajratish bekor qilinishi mumkin,
Only users with the {0} role can create backdated leave applications,Faqat {0} roliga ega foydalanuvchilar eskirgan ta&#39;til dasturlarini yaratishi mumkin,
Password policy cannot contain spaces or simultaneous hyphens. The format will be restructured automatically,Parol siyosatida bo&#39;shliqlar yoki bir vaqtning o&#39;zida defislar bo&#39;lishi mumkin emas. Format avtomatik ravishda qayta tuziladi,
Please enter the designation,"Iltimos, belgini kiriting",
There are no vacancies under staffing plan {0},{0} shtat rejasida bo&#39;sh ish o&#39;rinlari mavjud emas.,
This employee already has a log with the same timestamp.{0},Ushbu xodim allaqachon bir xil vaqt belgisi bilan jurnalga ega. {0},
Timing,Vaqt,
To date needs to be before from date,Yangilanish sanasi oldinroq bo&#39;lishi kerak,
Total Early Exits,Jami erta chiqish,
Total Late Entries,Jami yozuvlar,
Training Event:,O&#39;quv tadbiri:,
Unable to find Salary Component {0},Ish haqi komponentini {0} topib bo&#39;lmadi,
Unmarked Attendance for days,Bir necha kun davomida tashrif buyurilmagan,
Vacancies cannot be lower than the current openings,Bo&#39;sh ish o&#39;rinlari joriy ochilishlardan past bo&#39;lishi mumkin emas,
{} is an invalid Attendance Status.,{} noto&#39;g&#39;ri Davomat holati.,
Printed On,Chop etilgan,
No employee found,Xodim topilmadi,
Please setup Employee Naming System in Human Resource > HR Settings,"Iltimos, xodimlarni nomlash tizimini inson resurslari&gt; Kadrlar sozlamalarida o&#39;rnating",
Please setup numbering series for Attendance via Setup > Numbering Series,Iltimos Setup&gt; Raqamlash seriyalari orqali qatnashish uchun raqamlash seriyasini sozlang,
Current Odometer Value should be greater than Last Odometer Value {0},Odometrning joriy qiymati oxirgi Odometr qiymatidan katta bo&#39;lishi kerak {0},
No additional expenses has been added,Qo&#39;shimcha xarajatlar qo&#39;shilmagan,
{0} already exists for employee {1} and period {2},{0} allaqachon {1} xodim va {2} davr uchun mavjud,
Leaves Allocated,Barglar ajratilgan,
Leave Without Pay does not match with approved {} records,To&#39;lovsiz qoldirish tasdiqlangan {} yozuvlari bilan mos kelmaydi,
Income Tax Slab not set in Salary Structure Assignment: {0},Daromad solig&#39;i bo&#39;yicha lavha ish haqi tuzilmasida belgilanmagan: {0},
Income Tax Slab: {0} is disabled,Daromad solig&#39;i plitasi: {0} o&#39;chirib qo&#39;yilgan,
Income Tax Slab must be effective on or before Payroll Period Start Date: {0},Daromad solig&#39;i bo&#39;yicha ish haqi ish haqi muddati boshlangan sanada yoki undan oldin amal qilishi kerak: {0},
No leave record found for employee {0} on {1},Xodim {0} uchun {1} da ta&#39;til yozuvi topilmadi,
Row {0}: {1} is required in the expenses table to book an expense claim.,Xarajatlar jadvalida {0} qatori: {1} xarajatlarni qoplash uchun talab qilinadi.,
Set the default account for the {0} {1},{0} {1} uchun standart hisobni o&#39;rnating,
(Half Day),(Yarim kun),
Income Tax Slab,Daromad solig&#39;i plitasi,
Row #{0}: Cannot set amount or formula for Salary Component {1} with Variable Based On Taxable Salary,№ {0} qator: Ish haqi o&#39;zgaruvchisi uchun soliq miqdori bo&#39;yicha ish haqi miqdoriga yoki formulasini o&#39;rnatib bo&#39;lmadi {1}.,
Repay From Salary can be selected only for term loans,Ish haqidan to&#39;lashni faqat muddatli kreditlar uchun tanlash mumkin,
Salary Component Account,Ish haqi komponentining hisob raqami,
Default Bank / Cash account will be automatically updated in Salary Journal Entry when this mode is selected.,"Ushbu rejim tanlangach, odatiy Bank / Cash hisob qaydnomasi avtomatik ravishda ish haqi jurnali kiritilishida yangilanadi.",
Result,Natija,
Total Score,Umumiy reyting,
Joining Date,Birlashtirilgan sana,
Publish on website,Saytda e&#39;lon qiling,
Application Status,Dastur holati,
IN,IN,
Remind Before,Avval eslatish,
Reminded,Eslatildi,
Additional Salary,Qo&#39;shimcha ish haqi,
HR-ADS-.YY.-.MM.-,HR-ADS-.YY.- MM.-,
Salary Component,Ish haqi komponenti,
Overwrite Salary Structure Amount,Ish haqi tuzilishi miqdori haqida yozing,
Deduct Full Tax on Selected Payroll Date,Tanlangan ish haqi sanasiga to&#39;liq soliqni ushlab qolish,
Payroll Date,To&#39;lov kuni,
Salary Component Type,Ish haqi komponentining turi,
Appointment Letter,Uchrashuv xati,
Appointment Date,Uchrashuv sanasi,
Appointment Letter Template,Uchrashuv xatining shabloni,
Closing Notes,Yakunlovchi eslatmalar,
Appointment Letter content,Uchrashuv xatining tarkibi,
Appraisal,Baholash,
HR-APR-.YY.-.MM.,HR -APR.YY.-.MM.,
For Employee Name,Ishchi nomi uchun,
Goals,Maqsadlar,
Total Score (Out of 5),Jami ball (5 dan),
"Any other remarks, noteworthy effort that should go in the records.","Boshqa yozuvlar, yozuvlardagi diqqat-e&#39;tiborli harakatlar.",
Appraisal Goal,Baholash maqsadi,
Key Responsibility Area,Asosiy mas&#39;uliyat maydoni,
Weightage (%),Og&#39;irligi (%),
Score (0-5),Skor (0-5),
Score Earned,Quloqqa erishildi,
Appraisal Template Title,Baholash shablonlari nomi,
Appraisal Template Goal,Baholash shablonining maqsadi,
KRA,KRA,
Key Performance Area,Asosiy ishlash maydoni,
HR-ATT-.YYYY.-,HR-ATT-YYYYY.-,
On Leave,Chiqishda,
Work From Home,Uydan ish,
Leave Application,Ilovani qoldiring,
Attendance Date,Ishtirok etish sanasi,
Attendance Request,Ishtirok etish uchun so&#39;rov,
Late Entry,Kech kirish,
Early Exit,Erta chiqish,
Half Day Date,Yarim kunlik sana,
On Duty,Hizmatda,
Explanation,Izoh,
Compensatory Leave Request,Compensatory Leave Request,
Leave Allocation,Ajratishni qoldiring,
Worked On Holiday,Dam olish kuni ishlagan,
Work From Date,Sana boshlab ishlash,
Work End Date,Ish tugash sanasi,
Email Sent To,Elektron pochta manzili,
Select Users,Foydalanuvchilarni tanlang,
Send Emails At,Elektron pochta xabarlarini yuborish,
Reminder,Eslatma,
Daily Work Summary Group User,Kundalik Ish Xulosa Guruhi Foydalanuvchi,
email,elektron pochta,
Department Approver,Bo&#39;limni tasdiqlash,
Approver,Tasdiqlash,
Designation Skill,Belgilash qobiliyati,
Skill,Ko&#39;nikma,
Leave Policy,Siyosatni qoldiring,
Salary Details,Ish haqi haqida ma&#39;lumot,
HR-EAD-.YYYY.-,HR-EAD-.YYYY.-,
Claimed,Da&#39;vo qilingan,
Employee Attendance Tool,Xodimlarga qatnashish vositasi,
Unmarked Attendance,Belgilangan tomoshabin,
Employees HTML,Xodimlar HTML,
Marked Attendance,Belgilangan ishtirok,
Marked Attendance HTML,Belgilangan tomoshabin HTML,
Employee Benefit Application,Ish beruvchining nafaqasi,
Max Benefits (Yearly),Maksimal foydasi (Yillik),
Remaining Benefits (Yearly),Qolgan imtiyozlar (yillik),
Payroll Period,Ish haqi davri,
Dispensed Amount (Pro-rated),Tarqatilgan miqdor (Pro-rated),
Employee Benefit Application Detail,Xodimlar foydasi bo&#39;yicha batafsil ma&#39;lumot,
Earning Component,Komponentni topish,
Pay Against Benefit Claim,Foyda olish da&#39;vosiga qarshi to&#39;lov,
Max Benefit Amount,Maksimal foyda miqdori,
Employee Benefit Claim,Ish beruvchining nafaqasi,
Claim Date,Da&#39;vo sanasi,
Claim Benefit For,Shikoyat uchun manfaat,
Max Amount Eligible,Maksimal miqdor muvofiq,
Expense Proof,Eksportni isbotlash,
Employee Boarding Activity,Mehnatkashlar kengash faoliyati,
Activity Name,Faoliyat nomi,
Required for Employee Creation,Xodimlarni yaratish uchun talab qilinadi,
Applicable in the case of Employee Onboarding,Xodimlarning joylashtirilishida qo&#39;llanilishi mumkin,
Employee Checkin,Xodimni ro&#39;yxatdan o&#39;tkazish,
Log Type,Jurnal turi,
OUT,OUT,
Location / Device ID,Joylashuv / qurilma identifikatori,
Skip Auto Attendance,Avtomatik qatnashishni o&#39;tkazib yuborish,
Shift Start,Shift boshlash,
Shift End,Shift tugashi,
Shift Actual Start,Shift haqiqiy boshlanishi,
Shift Actual End,Shift haqiqiy oxiri,
Default Salary Structure,Standart ish haqi tuzilishi,
Employee Health Insurance,Xodimlarning salomatligini sug&#39;urtalash,
Health Insurance Name,Salomatlik sug&#39;urtasi nomi,
Employee Incentive,Ishchilarni rag&#39;batlantirish,
Incentive Amount,Rag&#39;batlantirish miqdori,
Employee Onboarding,Ishchilarning o&#39;nboarding,
Notify users by email,Foydalanuvchilarni elektron pochta orqali xabardor qiling,
Employee Onboarding Template,Ishchilarning Onboarding Shabloni,
Employee Other Income,Xodimlarning boshqa daromadlari,
Employee Promotion,Ishchilarni rag&#39;batlantirish,
Promotion Date,Rag&#39;batlantiruvchi sana,
Employee Promotion Details,Ishchilarni rag&#39;batlantirish ma&#39;lumotlari,
Employee Property History,Xodimlarning mulk tarixi,
Employee Separation,Xodimlarni ajratish,
Employee Separation Template,Xodimlarni ajratish shabloni,
Exit Interview Summary,Suhbatlar qisqacha bayoni,
Employee Skill,Xodimlarning malakasi,
Proficiency,Malakali,
Evaluation Date,Baholash sanasi,
Employee Skill Map,Xodimlarning mahorat xaritasi,
Employee Skills,Xodimlarning malakasi,
Trainings,Treninglar,
Employee Tax Exemption Category,Ish beruvchi soliq imtiyozlari toifasi,
Max Exemption Amount,Maksimal ozod qilish miqdori,
Employee Tax Exemption Declaration,Ish beruvchi soliq imtiyozlari deklaratsiyasi,
Declarations,Deklaratsiya,
Total Declared Amount,Jami deklaratsiya qilingan summa,
Total Exemption Amount,Jami imtiyozlar summasi,
Employee Tax Exemption Declaration Category,Ish beruvchi soliq imtiyozlari deklaratsiyasi,
Exemption Sub Category,Istisno Quyi toifalar,
Exemption Category,Istisno kategoriyasi,
Maximum Exempted Amount,Maksimal ozod qilingan miqdor,
Declared Amount,Deklaratsiya qilingan miqdor,
Employee Tax Exemption Proof Submission,Ish beruvchi soliq imtiyozlari tasdiqlash,
Submission Date,Taqdimot sanasi,
Tax Exemption Proofs,Soliq imtiyozlari dalillari,
Total Actual Amount,Umumiy haqiqiy miqdor,
Employee Tax Exemption Proof Submission Detail,Xodimlarning soliq imtiyozlari tasdiqlanishi,
Maximum Exemption Amount,Maksimal ozod qilish miqdori,
Type of Proof,Tasdiqlovchi tur,
Actual Amount,Haqiqiy miqdor,
Employee Tax Exemption Sub Category,Ishchilar soliq imtiyozlari Quyi toifasi,
Tax Exemption Category,Soliq imtiyozlari toifasi,
Employee Training,Xodimlarni o&#39;qitish,
Training Date,O&#39;qish sanasi,
Employee Transfer,Xodimlarning transferi,
Transfer Date,O&#39;tkazish sanasi,
Employee Transfer Details,Xodimlarning transferi bo&#39;yicha ma&#39;lumotlar,
Employee Transfer Detail,Xodimlarning transferi bo&#39;yicha batafsil ma&#39;lumot,
Re-allocate Leaves,Barglarni qayta ajratish,
Create New Employee Id,Yangi ishchi identifikatorini yarating,
New Employee ID,Yangi ishlaydigan identifikatori,
HR-EXP-.YYYY.-,HR-EXP-.YYYY.-,
Expense Taxes and Charges,Xarajatlar solig&#39;i va yig&#39;imlar,
Total Sanctioned Amount,Jami sanksiya miqdori,
Total Advance Amount,Umumiy avans miqdori,
Total Claimed Amount,Jami da&#39;vo miqdori,
Total Amount Reimbursed,To&#39;lov miqdori to&#39;langan,
Vehicle Log,Avtomobil logi,
Employees Email Id,Xodimlarning elektron pochta manzili,
More Details,Batafsil ma&#39;lumot,
Expense Claim Account,Xarajat shikoyati qaydnomasi,
Expense Claim Advance,Xarajatlar bo&#39;yicha da&#39;vo Advance,
Expense Claim Detail,Xarajatlar bo&#39;yicha da&#39;vo tafsiloti,
Expense Date,Xarajat sanasi,
Expense Claim Type,Xarajat shikoyati turi,
HR Settings,HRni sozlash,
Employee Settings,Xodimlarning sozlashlari,
Expense Approver Mandatory In Expense Claim,Xarajatlarni majburiy hisobga olishda tasdiqlash,
Payroll Settings,Bordro Sozlamalari,
Leave,Keting,
Max working hours against Timesheet,Vaqt jadvaliga qarshi maksimal ish vaqti,
Include holidays in Total no. of Working Days,Dam olish kunlari jami no. Ish kunlari,
"If checked, Total no. of Working Days will include holidays, and this will reduce the value of Salary Per Day","Belgilangan bo&#39;lsa, Jami no. Ish kunlari davomida bayramlar bo&#39;ladi va bu kunlik ish haqining qiymatini kamaytiradi",
"If checked, hides and disables Rounded Total field in Salary Slips","Agar belgilansa, &quot;Ish haqi&quot; dagi &quot;yuvarlatilgan&quot; maydonini yashiradi va o&#39;chiradi",
The fraction of daily wages to be paid for half-day attendance,Yarim kunlik qatnashish uchun to&#39;lanadigan kunlik ish haqining ulushi,
Email Salary Slip to Employee,E-pochtani ish haqi xodimiga aylantirish,
Emails salary slip to employee based on preferred email selected in Employee,Xodimga ish haqi elektron pochtasi xodimiga tanlangan e-pochtaga asoslanib yuboriladi,
Encrypt Salary Slips in Emails,Ish haqi slaydlarini elektron pochta xabarlarida shifrlang,
"The salary slip emailed to the employee will be password protected, the password will be generated based on the password policy.","Xodimga yuborilgan ish haqi to&#39;g&#39;risidagi ma&#39;lumot parol bilan himoyalangan, parol parol siyosati asosida yaratiladi.",
Password Policy,Parol siyosati,
<b>Example:</b> SAL-{first_name}-{date_of_birth.year} <br>This will generate a password like SAL-Jane-1972,<b>Masalan:</b> SAL- {first_name} - {date_of_birth.year} <br> Bu SAL-Jane-1972 kabi parolni yaratadi,
Leave Approval Notification Template,Tasdiqnomani tasdiqlash shablonini qoldiring,
Leave Status Notification Template,Vaziyat bayonnomasi shablonini qoldiring,
Role Allowed to Create Backdated Leave Application,Kechiktirilgan ta&#39;til arizasini yaratishga ruxsat berilgan rol,
Leave Approver Mandatory In Leave Application,Muvofiqlashtiruvchining majburiy topshirig&#39;ini tasdiqlang,
Show Leaves Of All Department Members In Calendar,Taqvimda barcha bo&#39;lim a&#39;zolarining barglarini ko&#39;rsatish,
Auto Leave Encashment,Avtomatik chiqib ketish inkassatsiyasi,
Hiring Settings,Yollash sozlamalari,
Check Vacancies On Job Offer Creation,Ish taklifini yaratish bo&#39;yicha bo&#39;sh ish o&#39;rinlarini tekshiring,
Identification Document Type,Identifikatsiya hujjati turi,
Effective from,Dan samarali,
Allow Tax Exemption,Soliq imtiyozlariga ruxsat bering,
"If enabled, Tax Exemption Declaration will be considered for income tax calculation.","Agar yoqilgan bo&#39;lsa, soliqni hisoblash uchun soliqni ozod qilish to&#39;g&#39;risidagi deklaratsiya ko&#39;rib chiqiladi.",
Standard Tax Exemption Amount,Soliqdan ozod qilishning standart miqdori,
Taxable Salary Slabs,Soliqqa tortiladigan ish haqi plitalari,
Taxes and Charges on Income Tax,Soliqlar va daromad solig&#39;i bo&#39;yicha yig&#39;imlar,
Other Taxes and Charges,Boshqa soliqlar va yig&#39;imlar,
Income Tax Slab Other Charges,Daromad solig&#39;i bo&#39;yicha boshqa to&#39;lovlar,
Min Taxable Income,Minimal soliq solinadigan daromad,
Max Taxable Income,Soliq solinadigan maksimal daromad,
Applicant for a Job,Ish uchun murojaat etuvchi,
Job Opening,Ishni ochish,
Cover Letter,Biriktirilgan xat,
Resume Attachment,Atamani qayta tiklash,
Job Applicant Source,Ish beruvchining manbasi,
Applicant Email Address,Ariza beruvchining elektron manzili,
Awaiting Response,Javobni kutish,
Job Offer Terms,Ish taklifi shartlari,
Select Terms and Conditions,Qoidalar va shartlarni tanlang,
Job Offer Term,Ish taklifi muddati,
Offer Term,Taklif muddati,
Value / Description,Qiymati / ta&#39;rifi,
Description of a Job Opening,Ish ochilishi ta&#39;rifi,
Staffing Plan,Xodimlar rejasi,
Planned number of Positions,Pozitsiyalarning rejali soni,
"Job profile, qualifications required etc.","Ishchi profil, talablar va boshqalar.",
HR-LAL-.YYYY.-,HR-LAL-YYYYY.-,
New Leaves Allocated,Yangi barglar ajratildi,
Add unused leaves from previous allocations,Oldindan ajratilgan mablag&#39;lardan foydalanilmagan barglarni qo&#39;shing,
Unused leaves,Foydalanilmagan barglar,
Total Leaves Allocated,Jami ajratmalar,
Total Leaves Encashed,Hammasi barglari to&#39;kildi,
Leave Period,Davrni qoldiring,
Carry Forwarded Leaves,Qayta yuborilgan barglarni olib boring,
Apply / Approve Leaves,Yaproqlarni qo&#39;llash / tasdiqlash,
HR-LAP-.YYYY.-,HR-LAP-.YYYY.-,
Leave Balance Before Application,Ilovadan oldin muvozanat qoldiring,
Total Leave Days,Jami chiqish kunlari,
Leave Approver Name,Taxminiy nomi qoldiring,
Follow via Email,Elektron pochta orqali qiling,
Block Holidays on important days.,Muhim kunlardagi dam olish kunlari.,
Leave Block List Name,Blok ro&#39;yxati nomini qoldiring,
Applies to Company,Kompaniya uchun amal qiladi,
"If not checked, the list will have to be added to each Department where it has to be applied.","Belgilangan bo&#39;lmasa, ro&#39;yxat qo&#39;llanilishi kerak bo&#39;lgan har bir Bo&#39;limga qo&#39;shilishi kerak.",
Block Days,Bloklarni kunlar,
Stop users from making Leave Applications on following days.,Foydalanuvchilarni foydalanuvchilarga qo&#39;yishni keyingi kunlarda to&#39;xtatib turish.,
Leave Block List Dates,Bloklash ro&#39;yxatini qoldiring,
Allow Users,Foydalanuvchilarga ruxsat berish,
Allow the following users to approve Leave Applications for block days.,Quyidagi foydalanuvchilarga bloklangan kunlar uchun Ilovalarni jo&#39;nating.,
Leave Block List Allowed,Bloklash ro&#39;yxatini qoldiring,
Leave Block List Allow,Bloklashlar ro&#39;yxatini qoldiring,
Allow User,Foydalanuvchiga ruxsat berish,
Leave Block List Date,Blok ro&#39;yxatining sanasi qoldiring,
Block Date,Bloklash sanasi,
Leave Control Panel,Boshqarish panelidan chiqing,
Employment Type (optional),Bandlik turi (ixtiyoriy),
Branch (optional),Filial (ixtiyoriy),
Department (optional),Kafedra (ixtiyoriy),
Designation (optional),Belgilanish (ixtiyoriy),
Employee Grade (optional),Xodimlarning bahosi (ixtiyoriy),
Employee (optional),Xodim (ixtiyoriy),
Allocate Leaves,Barglarni ajratish,
Carry Forward,Oldinga boring,
Please select Carry Forward if you also want to include previous fiscal year's balance leaves to this fiscal year,"Agar avvalgi moliyaviy yil balanslarini ushbu moliyaviy yilga qo&#39;shishni xohlasangiz, iltimos, Tashkillashtirishni tanlang",
New Leaves Allocated (In Days),Yangi barglar ajratilgan (kunlar),
Leave Balance,Balansni qoldiring,
Encashable days,Ajablanadigan kunlar,
Encashment Amount,Inkassatsiya miqdori,
Leave Ledger Entry,Kassir yozuvini qoldiring,
Transaction Name,Bitim nomi,
Is Carry Forward,Oldinga harakat qilmoqda,
Is Expired,Muddati tugadi,
Is Leave Without Pay,To&#39;lovsiz qoldirish,
Holiday List for Optional Leave,Majburiy bo&#39;lmagan yo&#39;l uchun dam olish ro&#39;yxati,
Leave Allocations,Taqdimot qoldiring,
Leave Policy Details,Siyosat tafsilotlarini qoldiring,
Leave Policy Detail,Siyosat tafsilotlarini qoldiring,
Annual Allocation,Yillik taqsimlash,
Leave Type Name,Tovar nomi qoldiring,
Applicable After (Working Days),Amalga oshiriladigan so&#39;ng (ish kunlari),
Is Optional Leave,Majburiy emas,
Allow Negative Balance,Salbiy balansga ruxsat berish,
Include holidays within leaves as leaves,Bayramlardagi bayramlarni barglar sifatida qo&#39;shish,
Is Compensatory,Kompensatsionmi?,
Maximum Carry Forwarded Leaves,Maksimal yo&#39;naltirilgan barglarni tashish,
Expire Carry Forwarded Leaves (Days),Qayta yuborilgan barglarning amal qilish muddati tugaydi (kun),
Calculated in days,Kunlarda hisoblangan,
Encashment,Inkassatsiya,
Allow Encashment,Inkassatsiya qilishga ruxsat berish,
Encashment Threshold Days,Inkassatsiya chegara kunlari,
Earned Leave,G&#39;oyib bo&#39;ldi,
Is Earned Leave,Ishdan chiqdi,
Earned Leave Frequency,Ishdan chiqish chastotasi,
Rounding,Rounding,
Payroll Employee Detail,Bordro bo&#39;yicha mutaxassis batafsil,
Payroll Frequency,Bordro chastotasi,
Fortnightly,Ikki kun davomida,
Bimonthly,Ikki oyda,
Employees,Xodimlar,
Number Of Employees,Ishchilar soni,
Employee Details,Xodimlarning tafsilotlari,
Validate Attendance,Ishtirokni tasdiqlang,
Salary Slip Based on Timesheet,Vaqt jadvaliga asosan ish haqi miqdori,
Deduct Tax For Unclaimed Employee Benefits,Talab qilinmagan xodimlarga beriladigan nafaqalar uchun to&#39;lanadigan soliq,
Deduct Tax For Unsubmitted Tax Exemption Proof,Belgilangan soliq imtiyozlarini tasdiqlash uchun olinadigan soliq,
Select Payment Account to make Bank Entry,Bank hisobini yuritish uchun Hisobni tanlang,
Salary Slips Created,Ish haqi to`plami yaratildi,
Salary Slips Submitted,Ish haqi miqdori berildi,
Payroll Periods,Ish haqi muddatlari,
Payroll Period Date,Ish haqi muddati,
Purpose of Travel,Safarning maqsadi,
Retention Bonus,Saqlash bonusi,
Bonus Payment Date,Bonus To&#39;lov sanasi,
Bonus Amount,Bonus miqdori,
Depends on Payment Days,To&#39;lov kunlariga bog&#39;liq,
Is Tax Applicable,Soliq qo&#39;llanishi mumkin,
Variable Based On Taxable Salary,Soliqqa tortiladigan maoshga asoslangan o&#39;zgaruvchi,
Exempted from Income Tax,Daromad solig&#39;idan ozod qilingan,
Round to the Nearest Integer,Eng yaqin butun songa aylantiring,
Statistical Component,Statistik komponent,
"If selected, the value specified or calculated in this component will not contribute to the earnings or deductions. However, it's value can be referenced by other components that can be added or deducted. ","Agar tanlangan bo&#39;lsa, ushbu komponentda ko&#39;rsatilgan yoki hisoblangan qiymat daromad yoki ajratmalarga hissa qo&#39;shmaydi. Biroq, bu qiymatni qo&#39;shilishi yoki chiqarilishi mumkin bo&#39;lgan boshqa komponentlar bilan bog&#39;lash mumkin.",
Do Not Include in Total,Hammasiga qo&#39;shmang,
Flexible Benefits,Moslashuvchan imtiyozlar,
Is Flexible Benefit,Moslashuvchan nafaqa,
Max Benefit Amount (Yearly),Maksimal foyda miqdori (yillik),
Only Tax Impact (Cannot Claim But Part of Taxable Income),Soliq ta&#39;siri faqat (soliqqa tortiladigan daromadning bir qismini da&#39;vo qila olmaydi),
Create Separate Payment Entry Against Benefit Claim,Foyda olish da&#39;vosiga qarshi alohida to&#39;lov kiritish,
Amount based on formula,Formulaga asoslangan miqdor,
Formula,Formulalar,
Salary Detail,Ish haqi bo&#39;yicha batafsil,
Component,Komponent,
Do not include in total,Hammaga qo&#39;shmang,
Default Amount,Standart miqdor,
Additional Amount,Qo&#39;shimcha miqdor,
Tax on flexible benefit,Moslashuvchan foyda bo&#39;yicha soliq,
Tax on additional salary,Qo&#39;shimcha ish haqi bo&#39;yicha soliq,
Salary Structure,Ish haqi tuzilishi,
Working Days,Ish kunlari,
Salary Slip Timesheet,Ish staji vaqt jadvalini,
Earnings,Daromadlar,
Deductions,Tahlikalar,
Total in words,So&#39;zlarning umumiy soni,
Salary Component for timesheet based payroll.,Zamonaviy ish haqi bo&#39;yicha ish haqi komponenti.,
Leave Encashment Amount Per Day,Bir kunda inkassatsiya miqdori qoldiring,
Max Benefits (Amount),Maksimal imtiyozlar (miqdori),
Salary breakup based on Earning and Deduction.,Daromadni kamaytirish va tushirishga asosan ish haqi taqsimoti.,
Total Earning,Jami daromad,
Salary Structure Assignment,Ish haqi tuzilmasini tayinlash,
Shift Assignment,Shift tayinlash,
Shift Type,Shift turi,
Shift Request,Shift so&#39;rovi,
Enable Auto Attendance,Avtomatik qatnashishni yoqish,
Mark attendance based on 'Employee Checkin' for Employees assigned to this shift.,Ushbu smenaga tayinlangan ishchilar uchun &quot;Ishchilarni ro&#39;yxatga olish&quot; asosida ishtirok etishni belgilang.,
Auto Attendance Settings,Avtomatik ishtirok etish sozlamalari,
Determine Check-in and Check-out,Belgilangan joyni va tekshiruvni aniqlang,
Alternating entries as IN and OUT during the same shift,Xuddi shu o&#39;zgarish paytida IN va OUT kabi alternativ yozuvlar,
Strictly based on Log Type in Employee Checkin,Xodimlarni qayd qilish tizimiga kirish turiga qat&#39;iy asoslangan,
Working Hours Calculation Based On,Ish vaqtini hisoblash asosida,
First Check-in and Last Check-out,Avval ro&#39;yxatdan o&#39;tish va oxirgi chiqish,
Every Valid Check-in and Check-out,Har bir haqiqiy ro&#39;yxatdan o&#39;tish va chiqish,
Begin check-in before shift start time (in minutes),Belgilanishni smenaning boshlanish vaqtidan oldin boshlash (daqiqada),
The time before the shift start time during which Employee Check-in is considered for attendance.,Ishchilarni ro&#39;yxatdan o&#39;tkazilishi qatnashish uchun hisobga olinadigan smena boshlanishidan oldingi vaqt.,
Allow check-out after shift end time (in minutes),Shift tugaganidan keyin (daqiqada) chiqishga ruxsat berish,
Time after the end of shift during which check-out is considered for attendance.,Ishtirok etish uchun tekshirish hisobga olingan smena tugaganidan keyin vaqt.,
Working Hours Threshold for Half Day,Yarim kunlik ish soatlari,
Working hours below which Half Day is marked. (Zero to disable),Yarim kun belgilangan ish vaqti. (O&#39;chirish uchun nol),
Working Hours Threshold for Absent,Ish vaqti yo&#39;qligi uchun eng yuqori chegara,
Working hours below which Absent is marked. (Zero to disable),Tarkibida yo&#39;qligi belgilangan ish vaqti. (O&#39;chirish uchun nol),
Process Attendance After,Jarayonga keyin,
Attendance will be marked automatically only after this date.,Faqat shu sanadan keyin tashrif avtomatik ravishda belgilanadi.,
Last Sync of Checkin,Tekshirishning so&#39;nggi sinxronligi,
Last Known Successful Sync of Employee Checkin. Reset this only if you are sure that all Logs are synced from all the locations. Please don't modify this if you are unsure.,"Xodimlarni ro&#39;yxatga olish bo&#39;yicha so&#39;nggi ma&#39;lum bo&#39;lgan muvaffaqiyatli sinxronlash. Agar barcha jurnallar barcha joylardan sinxronlanganligiga ishonchingiz komil bo&#39;lsa, buni qayta tiklang. Agar ishonchingiz komil bo&#39;lmasa, uni o&#39;zgartirmang.",
Grace Period Settings For Auto Attendance,Avtomatik ishtirok etish uchun imtiyozli davr sozlamalari,
Enable Entry Grace Period,Kirish imtiyozlari davri,
Late Entry Grace Period,Kech kirish imtiyozlari davri,
The time after the shift start time when check-in is considered as late (in minutes).,Ro`yxatdan o`tish vaqti smena boshlanganidan so`ng kech (daqiqa bilan) hisoblanadi.,
Enable Exit Grace Period,Imtiyozli davrdan chiqish imkoniyatini yoqing,
Early Exit Grace Period,Erta chiqish imtiyoz davri,
The time before the shift end time when check-out is considered as early (in minutes).,Ishdan chiqish vaqti smena tugashidan oldingi vaqt (daqiqa ichida) deb hisoblanadi.,
Skill Name,Ko&#39;nikma nomi,
Staffing Plan Detail,Xodimlar rejasi batafsil,
Total Estimated Budget,Umumiy hisoblangan byudjet,
Vacancies,Bo&#39;sh ish o&#39;rinlari,
Estimated Cost Per Position,Obyekt bo&#39;yicha taxminiy narx,
Total Estimated Cost,Jami taxminiy narx,
Current Count,Hozirgi son,
Current Openings,Joriy ochilishlar,
Number Of Positions,Pozitsiyalar soni,
Taxable Salary Slab,Soliqqa tortiladigan maoshi,
From Amount,Miqdori bo&#39;yicha,
To Amount,Miqdori uchun,
Percent Deduction,Foizni kamaytirish,
Training Program,O&#39;quv dasturi,
Event Status,Voqealar holati,
Has Certificate,Sertifikatga ega,
Seminar,Seminar,
Theory,Nazariya,
Workshop,Seminar,
Conference,Konferentsiya,
Exam,Test,
Internet,Internet,
Self-Study,O&#39;z-o&#39;zini tadqiq qilish,
Advance,Advance,
Trainer Name,Trainer nomi,
Trainer Email,Trainer Email,
Attendees,Ishtirokchilar,
Employee Emails,Xodimlarning elektron pochta manzili,
Training Event Employee,O&#39;quv xodimini tayyorlash,
Invited,Taklif etilgan,
Feedback Submitted,Fikr bildirildi,
Training Result Employee,Ta&#39;lim natijalari Xodim,
Travel Itinerary,Sayohat yo&#39;nalishi,
Travel From,Sayohatdan,
Travel To,Sayohat qilish,
Mode of Travel,Sayohat rejimi,
Flight,Parvoz,
Train,Qatar,
Taxi,Taksi,
Rented Car,Avtomobil lizing,
Meal Preference,Ovqatni afzal ko&#39;rish,
Vegetarian,Vejetaryen,
Non-Vegetarian,Non-vegetarianlar,
Gluten Free,Glyutensiz,
Non Diary,Non Diary,
Travel Advance Required,Sayohat kengaytmasi talab qilinadi,
Departure Datetime,Datetime chiqish vaqti,
Arrival Datetime,Arrival Datetime,
Lodging Required,Turar joy kerak,
Preferred Area for Lodging,Turar joy uchun turar joy,
Check-in Date,Ro&#39;yxatdan o&#39;tish sanasi,
Check-out Date,Chiqish sanasi,
Travel Request,Sayohat so&#39;rovi,
Travel Type,Sayohat turi,
Domestic,Mahalliy,
International,Xalqaro,
Travel Funding,Sayohat mablag&#39;lari,
Require Full Funding,To&#39;liq moliyalashtirishni talab qilish,
Fully Sponsored,To&#39;liq homiylik,
"Partially Sponsored, Require Partial Funding","Qisman homiylik, qisman moliyalashtirishni talab qilish",
Copy of Invitation/Announcement,Taklifnomaning nusxasi,
"Details of Sponsor (Name, Location)","Homiyning tafsilotlari (Ismi, JoyXarita)",
Identification Document Number,Identifikatsiya raqami,
Any other details,Boshqa tafsilotlar,
Costing Details,Xarajatlar haqida ma&#39;lumot,
Event Details,Voqealar tafsiloti,
Name of Organizer,Tashkilotchi nomi,
Address of Organizer,Tashkilotchi manzili,
Travel Request Costing,Sayohat uchun sarf-xarajatlar,
Expense Type,Xarajat turi,
Sponsored Amount,Homiylik mablag&#39;i,
Funded Amount,To&#39;lov miqdori,
Upload Attendance,Yuklashni davom ettirish,
Attendance From Date,Sana boshlab ishtirok etish,
Attendance To Date,Ishtirok etish tarixi,
Get Template,Andoza olish,
Import Attendance,Importni davom ettirish,
Upload HTML,HTML-ni yuklash,
HR-VLOG-.YYYY.-,HR-VLOG-YYYYY.-,
Odometer Reading,Odometr o&#39;qish,
Current Odometer value ,Odometrning joriy qiymati,
Refuelling Details,Yoqilg&#39;i tafsilotlari,
Invoice Ref,Faktura,
Service Details,Xizmat haqida ma&#39;lumot,
Vehicle Service,Avtomobil xizmati,
Service Item,Xizmat elementi,
Brake Oil,Tormoz yog&#39;i,
Brake Pad,Tormoz paneli,
Clutch Plate,Debriyaj plitasi,
Engine Oil,Motor moyi,
Oil Change,Yog &#39;o&#39;zgarishi,
Inspection,Tekshiruv,
Mileage,Yugurish,
Salary Slip Loan,Ish haqi pul mablag&#39;lari,
Loan Repayment Entry,Kreditni qaytarish uchun kirish,
May,May,
June,Iyun,
July,Iyul,
Bank Remittance,Bank pul o&#39;tkazmasi,
Daily Work Summary Replies,Kundalik ish qisqacha javoblar,
Employee Advance Summary,Ishchi Advance Xulosa,
Employees working on a holiday,Bayramda ishlaydigan xodimlar,
Monthly Attendance Sheet,Oylik qatnashish varaqasi,
Salary Register,Ish haqi registrati,
Unpaid Expense Claim,To&#39;lanmagan to&#39;lov xarajatlari,
Payment Account is mandatory,To&#39;lov hisobi majburiydir,
"If checked, the full amount will be deducted from taxable income before calculating income tax without any declaration or proof submission.","Agar tekshirilgan bo&#39;lsa, soliq deklaratsiyasini yoki dalillarni taqdim qilmasdan daromad solig&#39;ini hisoblashdan oldin to&#39;liq summa soliqqa tortiladigan daromaddan ushlab qolinadi.",
In Time,O&#39;z vaqtida,
Out Time,Vaqt tugadi,
Is Recurring,Takrorlanmoqda,
HRA Exemption,HRA imtiyozlari,
Monthly House Rent,Uyning oylik ijarasi,
Rented in Metro City,Metro Siti shahrida ijaraga olingan,
HRA as per Salary Structure,Ish haqi tuzilmasi bo&#39;yicha HRA,
Annual HRA Exemption,Yillik HRA imtiyozlari,
Monthly HRA Exemption,Oylik HRA imtiyozlari,
House Rent Payment Amount,Uyni ijaraga berish uchun to&#39;lov miqdori,
Rented From Date,Sanadan ijaraga olingan,
Rented To Date,Bugungi kunga qadar ijaraga olingan,
Monthly Eligible Amount,Oylik muvofiq miqdor,
Total Eligible HRA Exemption,Jami HRA imtiyozlari,
Validating Employee Attendance...,Xodimlarning tashrifi tasdiqlanmoqda ...,
Submitting Salary Slips and creating Journal Entry...,Ish haqi varaqalarini topshirish va jurnalga yozuv yaratish ...,
Calculate Payroll Working Days Based On,Ish haqi asosida ish kunlarini hisoblang,
Consider Unmarked Attendance As,Belgilanmagan davomatni e&#39;tiborga oling,
Fraction of Daily Salary for Half Day,Yarim kunlik kunlik ish haqining ulushi,
Component Type,Komponent turi,
Provident Fund,Provayder jamg&#39;armasi,
Additional Provident Fund,Qo&#39;shimcha ta&#39;minot fondi,
Provident Fund Loan,Provayder fondidan kredit,
Professional Tax,Professional soliq,
Is Income Tax Component,Daromad solig&#39;ining tarkibiy qismidir,
Component properties and references ,Komponent xususiyatlari va foydalanilgan adabiyotlar,
Additional Salary ,Qo&#39;shimcha ish haqi,
Unmarked days,Belgilanmagan kunlar,
Absent Days,Yo&#39;q kunlar,
Conditions and Formula variable and example,Shartlar va formulalar o&#39;zgaruvchisi va misol,
Income Tax Deductions,Daromad solig&#39;i bo&#39;yicha chegirmalar,
Income Tax Component,Daromad solig&#39;i komponenti,
Income Tax Amount,Daromad solig&#39;i miqdori,
Unmarked Days,Belgilanmagan kunlar,
Jan,Yanvar,
Feb,Fevral,
Mar,Mar,
Apr,Aprel,
Aug,Avgust,
Sep,Sentyabr,
Oct,Oktyabr,
Nov,Noyabr,
Dec,Dekabr,
Summarized View,Xulosa qilingan ko&#39;rinish,
Professional Tax Deductions,Professional soliq imtiyozlari,
Provident Fund Deductions,Provayder mablag&#39;lari ajratmalari,
Recruitment Analytics,Ishga qabul qilish bo&#39;yicha tahlil,
Applicant name,Ariza beruvchining ismi,
Job Offer status,Ish taklifi holati,
On Date,Sanada,
Salary Payments Based On Payment Mode,To&#39;lov rejimiga asoslangan ish haqi to&#39;lovlari,
Salary Payments via ECS,ECS orqali ish haqi to&#39;lovlari,
Account No,Hisob raqami,
IFSC,IFSC,
MICR,MIKR,
PF Account,PF hisob qaydnomasi,
PF Amount,PF miqdori,
Additional PF,Qo&#39;shimcha PF,
PF Loan,PF ssudasi,
Duplicate Entry,Kiritilgan yozuv,
Please select Employee first.,"Iltimos, avval Ishchini tanlang.",
To Date should be greater than From Date,Sana kundan boshlab katta bo&#39;lishi kerak,
Job Offer: {0} is already for Job Applicant: {1},Ish taklifi: {0} allaqachon ish beruvchiga tegishli: {1},
Only Shift Request with status 'Approved' and 'Rejected' can be submitted,Faqat &quot;Tasdiqlangan&quot; va &quot;Rad etilgan&quot; holatidagi Shift-so&#39;rov yuborilishi mumkin,
Shift Assignment: {0} created for Employee: {1},Shift ishi: {0} xodim uchun yaratilgan: {1},
You can not request for your Default Shift: {0},Birlamchi Shift-ni talab qila olmaysiz: {0},
Only Approvers can Approve this Request.,Ushbu talabni faqat murojaat etuvchi tasdiqlashi mumkin.,
Please set Payroll based on in Payroll settings,"Iltimos, Bordro sozlamalari asosida ish haqini belgilang",
Additional Salary: {0} already exist for Salary Component: {1} for period {2} and {3},Qo&#39;shimcha ish haqi: {0} ish haqi komponenti uchun allaqachon mavjud: {1} {2} va {3} davrlar uchun,
Payroll date can not be less than employee's joining date.,Ish haqi sanasi xodimning ishga qabul qilingan kunidan kam bo&#39;lmasligi kerak.,
From date can not be less than employee's joining date.,Sanadan boshlab xodimning ishga kirish sanasidan kam bo&#39;lmasligi kerak.,
To date can not be greater than employee's relieving date.,"Bugungi kunga kelib, xodimning ishdan bo&#39;shatish sanasidan katta bo&#39;lishi mumkin emas.",
Payroll date can not be greater than employee's relieving date.,Ish haqi sanasi xodimning ishdan bo&#39;shatilgan kunidan katta bo&#39;lishi mumkin emas.,
Condition and formula,Vaziyat va formulalar,
Available Leaves,Mavjud barglar,
IFSC Code,IFSC kodi,
Others,Boshqalar,
Total Allocated Leaves,Jami ajratilgan barglar,
Used Leaves,Ishlatilgan barglar,
PAN Number,PAN raqami,
Expired Leaves,Muddati o&#39;tgan barglar,
